-- MySQL dump 10.13  Distrib 5.5.62, for Win64 (AMD64)
--
-- Host: vmysqldev.mut    Database: fsc_itg
-- ------------------------------------------------------
-- Server version	5.5.25a

/*!40101 SET @OLD_CHARACTER_SET_CLIENT=@@CHARACTER_SET_CLIENT */;
/*!40101 SET @OLD_CHARACTER_SET_RESULTS=@@CHARACTER_SET_RESULTS */;
/*!40101 SET @OLD_COLLATION_CONNECTION=@@COLLATION_CONNECTION */;
/*!40101 SET NAMES utf8 */;
/*!40103 SET @OLD_TIME_ZONE=@@TIME_ZONE */;
/*!40103 SET TIME_ZONE='+00:00' */;
/*!40014 SET @OLD_UNIQUE_CHECKS=@@UNIQUE_CHECKS, UNIQUE_CHECKS=0 */;
/*!40014 SET @OLD_FOREIGN_KEY_CHECKS=@@FOREIGN_KEY_CHECKS, FOREIGN_KEY_CHECKS=0 */;
/*!40101 SET @OLD_SQL_MODE=@@SQL_MODE, SQL_MODE='NO_AUTO_VALUE_ON_ZERO' */;
/*!40111 SET @OLD_SQL_NOTES=@@SQL_NOTES, SQL_NOTES=0 */;

--
-- Table structure for table `Agence`
--

DROP TABLE IF EXISTS `Agence`;
/*!40101 SET @saved_cs_client     = @@character_set_client */;
/*!40101 SET character_set_client = utf8 */;
CREATE TABLE `Agence` (
  `identifiant` int(11) NOT NULL AUTO_INCREMENT,
  `raisonSociale` varchar(50) DEFAULT NULL,
  `raisonSocialeMere` varchar(100) DEFAULT NULL,
  `complement` varchar(50) DEFAULT NULL,
  `ligneAdresse1` varchar(50) DEFAULT NULL,
  `ligneAdresse2` varchar(50) DEFAULT NULL,
  `ligneAdresse3` varchar(50) DEFAULT NULL,
  `ligneAdresse4` varchar(50) DEFAULT NULL,
  `codePostal` varchar(20) DEFAULT NULL,
  `ville` varchar(50) DEFAULT NULL,
  `telephone1` varchar(50) DEFAULT NULL,
  `codeOA` varchar(5) DEFAULT NULL,
  `mutuelle_identifiant` int(11) DEFAULT NULL,
  PRIMARY KEY (`identifiant`),
  KEY `fk_agence_mutuelle_id` (`mutuelle_identifiant`),
  CONSTRAINT `fk_agence_mutuelle_id` FOREIGN KEY (`mutuelle_identifiant`) REFERENCES `Mutuelle` (`identifiant`)
) ENGINE=InnoDB AUTO_INCREMENT=5 DEFAULT CHARSET=utf8;
/*!40101 SET character_set_client = @saved_cs_client */;

--
-- Dumping data for table `Agence`
--

LOCK TABLES `Agence` WRITE;
/*!40000 ALTER TABLE `Agence` DISABLE KEYS */;
INSERT INTO `Agence` (`identifiant`, `raisonSociale`, `raisonSocialeMere`, `complement`, `ligneAdresse1`, `ligneAdresse2`, `ligneAdresse3`, `ligneAdresse4`, `codePostal`, `ville`, `telephone1`, `codeOA`, `mutuelle_identifiant`) VALUES (1,'Agence',NULL,NULL,NULL,NULL,'255, rue Vaugirard',NULL,'75015','PARIS','0140433300','75001',1),(2,'Chorum',NULL,NULL,NULL,NULL,'255, rue Vaugirard',NULL,'75015','PARIS','0140433300','75063',1),(3,'Harmonie',NULL,NULL,NULL,NULL,'255, rue Vaugirard',NULL,'75015','PARIS','0140433300','76003',1),(4,'5 Huit',NULL,NULL,NULL,NULL,'255, rue Vaugirard',NULL,'75015','PARIS','0140433300','88888',1);
/*!40000 ALTER TABLE `Agence` ENABLE KEYS */;
UNLOCK TABLES;

--
-- Table structure for table `Assureur`
--

DROP TABLE IF EXISTS `Assureur`;
/*!40101 SET @saved_cs_client     = @@character_set_client */;
/*!40101 SET character_set_client = utf8 */;
CREATE TABLE `Assureur` (
  `id` int(11) NOT NULL AUTO_INCREMENT,
  `libelle` varchar(255) NOT NULL DEFAULT '',
  PRIMARY KEY (`id`)
) ENGINE=InnoDB AUTO_INCREMENT=4 DEFAULT CHARSET=utf8;
/*!40101 SET character_set_client = @saved_cs_client */;

--
-- Dumping data for table `Assureur`
--

LOCK TABLES `Assureur` WRITE;
/*!40000 ALTER TABLE `Assureur` DISABLE KEYS */;
INSERT INTO `Assureur` (`id`, `libelle`) VALUES (1,' par MUTEX Société anonyme au capital de 37 302 300 euros, régie par le Code des assurances - RCS Nanterre n° 529 219 040 - Siège social : 125, avenue de Paris - 92327 Châtillon cedex'),(2,' par l’OCIRP, union d’institutions de Prévoyance régie par les dispositions du Code de la Sécurité sociale et dont le siège est situé au 17 rue de Marignan - 75008 PARIS'),(3,'Par Mutex(SA)');
/*!40000 ALTER TABLE `Assureur` ENABLE KEYS */;
UNLOCK TABLES;

--
-- Table structure for table `CategorieObjective`
--

DROP TABLE IF EXISTS `CategorieObjective`;
/*!40101 SET @saved_cs_client     = @@character_set_client */;
/*!40101 SET character_set_client = utf8 */;
CREATE TABLE `CategorieObjective` (
  `identifiant` int(11) NOT NULL,
  `libelle` varchar(50) NOT NULL,
  `ordre` int(11) NOT NULL,
  PRIMARY KEY (`identifiant`)
) ENGINE=InnoDB DEFAULT CHARSET=utf8;
/*!40101 SET character_set_client = @saved_cs_client */;

--
-- Dumping data for table `CategorieObjective`
--

LOCK TABLES `CategorieObjective` WRITE;
/*!40000 ALTER TABLE `CategorieObjective` DISABLE KEYS */;
INSERT INTO `CategorieObjective` (`identifiant`, `libelle`, `ordre`) VALUES (1,'ART. 4 CCN 47 ',1),(2,'ART. 4 et 4 bis CCN 47',2),(3,'AGIRC',3),(4,'ART. 4, 4bis et 36 CCN 47',4);
/*!40000 ALTER TABLE `CategorieObjective` ENABLE KEYS */;
UNLOCK TABLES;

--
-- Table structure for table `Chapitre`
--

DROP TABLE IF EXISTS `Chapitre`;
/*!40101 SET @saved_cs_client     = @@character_set_client */;
/*!40101 SET character_set_client = utf8 */;
CREATE TABLE `Chapitre` (
  `id` int(11) NOT NULL AUTO_INCREMENT,
  `title` varchar(255) NOT NULL DEFAULT '',
  PRIMARY KEY (`id`)
) ENGINE=InnoDB AUTO_INCREMENT=82 DEFAULT CHARSET=utf8;
/*!40101 SET character_set_client = @saved_cs_client */;

--
-- Dumping data for table `Chapitre`
--

LOCK TABLES `Chapitre` WRITE;
/*!40000 ALTER TABLE `Chapitre` DISABLE KEYS */;
INSERT INTO `Chapitre` (`id`, `title`) VALUES (1,'Documents généraux'),(10,'Prévoyance Collective  TPE'),(11,'Prévoyance Collective  TPE'),(20,'Prévoyance Collective  TPE 1.50'),(21,'Prévoyance Collective  TPE 1.50'),(30,'Prévoyance Collective  PME'),(31,'Prévoyance Collective  PME'),(50,'Mensualisation-relais'),(51,'Tableau de garanties'),(52,'Tableau de garanties'),(53,'Tableau de garanties'),(54,'Tableau de garanties'),(55,'Tableau de garanties'),(56,'Tableau de garanties'),(57,'Tableau de garanties'),(58,'Tableau de garanties'),(59,'Tableau de garanties'),(60,'Tableau de garanties'),(61,'Tableau de garanties'),(62,'Garanties conventionnelles'),(63,'Garanties additionnelles'),(64,'Garanties conventionnelles'),(65,'Garanties additionnelles'),(68,'Tableau de garanties'),(69,'Tableau de garanties'),(70,'Tableau de garanties'),(71,'Tableau de garanties cadre'),(72,'Tableau de garanties ensemble du personnel'),(73,'Tableau de garanties ensemble du personnel saisonnier'),(74,'Tableau de garanties conventionnelles'),(75,'Tableau de garanties complémentaires 1'),(76,'Tableau de garanties complémentaires 2'),(77,'Tableau de garanties (tout inclus)'),(81,'Tableau de garanties');
/*!40000 ALTER TABLE `Chapitre` ENABLE KEYS */;
UNLOCK TABLES;

--
-- Table structure for table `Chapitre_DocumentMeta`
--

DROP TABLE IF EXISTS `Chapitre_DocumentMeta`;
/*!40101 SET @saved_cs_client     = @@character_set_client */;
/*!40101 SET character_set_client = utf8 */;
CREATE TABLE `Chapitre_DocumentMeta` (
  `Chapitre_id` int(11) NOT NULL DEFAULT '0',
  `documents_id` int(11) NOT NULL DEFAULT '0',
  `numeroOrdre` int(11) NOT NULL DEFAULT '0',
  PRIMARY KEY (`Chapitre_id`,`numeroOrdre`),
  KEY `FKF53A059766323068` (`documents_id`),
  KEY `FKF53A05977C64CD80` (`Chapitre_id`),
  CONSTRAINT `FKF53A059766323068` FOREIGN KEY (`documents_id`) REFERENCES `DocumentMeta` (`id`),
  CONSTRAINT `FKF53A05977C64CD80` FOREIGN KEY (`Chapitre_id`) REFERENCES `Chapitre` (`id`)
) ENGINE=InnoDB DEFAULT CHARSET=utf8;
/*!40101 SET character_set_client = @saved_cs_client */;

--
-- Dumping data for table `Chapitre_DocumentMeta`
--

LOCK TABLES `Chapitre_DocumentMeta` WRITE;
/*!40000 ALTER TABLE `Chapitre_DocumentMeta` DISABLE KEYS */;
INSERT INTO `Chapitre_DocumentMeta` (`Chapitre_id`, `documents_id`, `numeroOrdre`) VALUES (50,200,0),(50,201,1),(50,202,2),(10,309,0),(11,309,0),(20,400,0),(21,400,0),(30,401,0),(31,401,0),(10,410,1),(30,410,1),(10,411,2),(21,411,1),(30,411,2),(10,412,3),(21,412,2),(30,412,3),(62,416,0),(63,417,0),(64,418,0),(65,419,0),(57,420,0),(58,421,0),(51,422,0),(56,423,0),(59,425,0),(53,426,0),(54,427,0),(68,429,0),(52,430,0),(69,431,0),(70,432,0),(55,433,0),(60,434,0),(74,436,0),(75,437,0),(76,438,0),(77,439,0),(61,441,0),(81,442,0);
/*!40000 ALTER TABLE `Chapitre_DocumentMeta` ENABLE KEYS */;
UNLOCK TABLES;

--
-- Table structure for table `ChoixProduit`
--

DROP TABLE IF EXISTS `ChoixProduit`;
/*!40101 SET @saved_cs_client     = @@character_set_client */;
/*!40101 SET character_set_client = utf8 */;
CREATE TABLE `ChoixProduit` (
  `identifiant` int(11) NOT NULL AUTO_INCREMENT,
  `produit_id` int(11) DEFAULT NULL,
  `college_identifiant` int(11) NOT NULL DEFAULT '0',
  `packGaranties_id` int(11) DEFAULT NULL,
  `code_gestion` varchar(30) DEFAULT NULL,
  PRIMARY KEY (`identifiant`),
  KEY `FK3EA3E830539E3E68` (`produit_id`),
  KEY `FK3EA3E8304A0DF3AE` (`college_identifiant`),
  KEY `fk_packGaranties_id` (`packGaranties_id`),
  CONSTRAINT `FK3EA3E8304A0DF3AE` FOREIGN KEY (`college_identifiant`) REFERENCES `CollegeUNPMF` (`identifiant`),
  CONSTRAINT `FK3EA3E830539E3E68` FOREIGN KEY (`produit_id`) REFERENCES `Produit` (`id`),
  CONSTRAINT `fk_packGaranties_id` FOREIGN KEY (`packGaranties_id`) REFERENCES `PackGaranties` (`id`)
) ENGINE=InnoDB AUTO_INCREMENT=47 DEFAULT CHARSET=utf8;
/*!40101 SET character_set_client = @saved_cs_client */;

--
-- Dumping data for table `ChoixProduit`
--

LOCK TABLES `ChoixProduit` WRITE;
/*!40000 ALTER TABLE `ChoixProduit` DISABLE KEYS */;
INSERT INTO `ChoixProduit` (`identifiant`, `produit_id`, `college_identifiant`, `packGaranties_id`, `code_gestion`) VALUES (1,270,1,NULL,'NOCTPE4'),(2,264,2,NULL,'3085VNC'),(3,141,3,NULL,'M3085OE'),(4,141,4,NULL,'M3085C'),(5,141,5,NULL,'M3085T5'),(6,141,6,NULL,'M3085T8'),(7,236,7,NULL,'P822VNC'),(8,270,8,NULL,'NOCTPE4'),(9,234,9,NULL,'3018VC'),(10,234,10,NULL,'3018VNC'),(11,270,11,NULL,'NOCTPE4'),(12,270,12,NULL,'NOCTPE4'),(13,271,13,NULL,'NOCPME5'),(14,270,14,NULL,'NOCTPE4'),(15,212,15,NULL,'0001MEP'),(16,251,16,NULL,'BADVEP'),(17,252,16,NULL,'BADMEP'),(18,253,16,NULL,'BADAC1'),(19,254,16,NULL,'BADAC2'),(20,270,17,NULL,'NOCTPE4'),(21,262,18,NULL,'3292VEP'),(22,273,18,NULL,'3292AC1'),(23,270,19,NULL,'NOCTPE4'),(24,1,20,NULL,'NOCTPE4'),(25,1,21,NULL,'NOCTPE4'),(26,264,22,NULL,'3085VNC'),(27,270,23,NULL,'NOCTPE4'),(28,248,24,NULL,'3246VC'),(29,232,25,NULL,'3246MEP'),(30,1,26,NULL,'NOCTPE4'),(31,1,27,NULL,'NOCTPE4'),(32,141,28,NULL,'M3085OE'),(33,141,29,NULL,'M3085C'),(34,141,30,NULL,'M3085T5'),(35,141,31,NULL,'M3085T8'),(36,1,32,NULL,'NOCTPE4'),(37,274,33,NULL,'3301VC'),(38,274,34,NULL,'3301VNC'),(39,270,35,NULL,'NOCTPE4'),(40,256,36,NULL,'3328VC'),(41,257,36,NULL,'3328AC'),(42,256,37,NULL,'3328VNC'),(43,257,37,NULL,'3328ANC'),(44,1,38,NULL,'NOCTPE4'),(45,236,39,NULL,'P822VC'),(46,236,40,NULL,'P822VNC');
/*!40000 ALTER TABLE `ChoixProduit` ENABLE KEYS */;
UNLOCK TABLES;

--
-- Table structure for table `CollegeUNPMF`
--

DROP TABLE IF EXISTS `CollegeUNPMF`;
/*!40101 SET @saved_cs_client     = @@character_set_client */;
/*!40101 SET character_set_client = utf8 */;
CREATE TABLE `CollegeUNPMF` (
  `identifiant` int(11) NOT NULL AUTO_INCREMENT,
  `effectif` int(11) NOT NULL DEFAULT '0',
  `ageMoyen` int(2) NOT NULL,
  `massSalA` int(11) NOT NULL DEFAULT '0',
  `massSalB` int(11) NOT NULL DEFAULT '0',
  `massSalC` int(11) NOT NULL DEFAULT '0',
  `groupeTypeCollege` varchar(50) NOT NULL DEFAULT 'AUTRE',
  `specificitesCollege_identifiant` int(11) DEFAULT NULL,
  `typeCollege_identifiant` int(11) NOT NULL DEFAULT '0',
  `module_identifiant` int(11) DEFAULT NULL,
  `risquesencours_id` int(11) DEFAULT NULL,
  PRIMARY KEY (`identifiant`),
  KEY `FK2426D1992FF639B2` (`specificitesCollege_identifiant`),
  KEY `FK2426D199B7080894` (`typeCollege_identifiant`),
  KEY `FK2426D1994AFFC776` (`module_identifiant`),
  CONSTRAINT `FK2426D1992FF639B2` FOREIGN KEY (`specificitesCollege_identifiant`) REFERENCES `SpecificitesCollege` (`identifiant`),
  CONSTRAINT `FK2426D1994AFFC776` FOREIGN KEY (`module_identifiant`) REFERENCES `Module` (`identifiant`),
  CONSTRAINT `FK2426D199B7080894` FOREIGN KEY (`typeCollege_identifiant`) REFERENCES `TypeCollege` (`identifiant`)
) ENGINE=InnoDB AUTO_INCREMENT=41 DEFAULT CHARSET=utf8;
/*!40101 SET character_set_client = @saved_cs_client */;

--
-- Dumping data for table `CollegeUNPMF`
--

LOCK TABLES `CollegeUNPMF` WRITE;
/*!40000 ALTER TABLE `CollegeUNPMF` DISABLE KEYS */;
INSERT INTO `CollegeUNPMF` (`identifiant`, `effectif`, `ageMoyen`, `massSalA`, `massSalB`, `massSalC`, `groupeTypeCollege`, `specificitesCollege_identifiant`, `typeCollege_identifiant`, `module_identifiant`, `risquesencours_id`) VALUES (1,2,56,81048,243144,9141,'AUTRE',1,1,1,NULL),(2,1,0,40524,9476,0,'AUTRE',NULL,2,2,NULL),(3,1,0,40000,0,0,'AUTRE',NULL,33,3,NULL),(4,1,0,40000,0,0,'AUTRE',NULL,35,3,NULL),(5,1,0,40524,121572,104270,'AUTRE',NULL,59,3,NULL),(6,1,0,40524,26142,0,'AUTRE',NULL,60,3,NULL),(7,1,0,40524,9476,0,'AUTRE',NULL,107,4,NULL),(8,1,40,34444,0,0,'AUTRE',2,1,5,NULL),(9,4,0,162096,237904,0,'AUTRE',NULL,106,6,NULL),(10,4,0,162096,237904,0,'AUTRE',NULL,107,6,NULL),(11,3,30,30000,0,0,'AUTRE',3,1,7,NULL),(12,3,30,30000,0,0,'AUTRE',4,2,7,NULL),(13,45,60,1823580,2176420,0,'AUTRE',5,30,8,NULL),(14,1,56,3333,0,0,'AUTRE',6,2,9,NULL),(15,5,0,5555,0,0,'AUTRE',NULL,48,10,NULL),(16,3,0,50000,0,0,'AUTRE',NULL,105,11,NULL),(17,5,50,202620,297380,0,'AUTRE',7,30,12,NULL),(18,1,0,40524,19476,0,'AUTRE',NULL,105,13,NULL),(19,5,50,50000,0,0,'AUTRE',8,30,14,NULL),(20,5,45,202620,297440,0,'AUTRE',9,1,15,NULL),(21,5,45,202620,297440,0,'AUTRE',10,2,15,NULL),(22,4,0,55555,0,0,'AUTRE',NULL,2,16,NULL),(23,5,55,202620,352935,0,'AUTRE',11,30,17,NULL),(24,5,0,202620,352935,0,'AUTRE',NULL,118,18,NULL),(25,5,0,202620,352935,0,'AUTRE',NULL,105,19,NULL),(26,1,40,40000,0,0,'AUTRE',12,1,20,NULL),(27,1,50,40524,19476,0,'AUTRE',13,2,20,NULL),(28,1,0,40524,15026,0,'AUTRE',NULL,33,21,NULL),(29,1,0,40524,15031,0,'AUTRE',NULL,35,21,NULL),(30,1,0,40524,15031,0,'AUTRE',NULL,59,21,NULL),(31,1,0,5555,0,0,'AUTRE',NULL,60,21,NULL),(32,1,56,40000,0,0,'AUTRE',14,30,22,NULL),(33,1,0,40524,15476,0,'AUTRE',NULL,91,23,NULL),(34,1,0,40524,19476,0,'AUTRE',NULL,92,23,NULL),(35,1,50,40000,0,0,'AUTRE',15,1,24,NULL),(36,1,0,40524,9476,0,'AUTRE',NULL,118,25,NULL),(37,4,0,50000,0,0,'AUTRE',NULL,2,25,NULL),(38,5,55,202620,352935,0,'AUTRE',16,30,26,NULL),(39,10,0,300000,0,0,'AUTRE',NULL,106,27,NULL),(40,10,0,300000,0,0,'AUTRE',NULL,107,27,NULL);
/*!40000 ALTER TABLE `CollegeUNPMF` ENABLE KEYS */;
UNLOCK TABLES;

--
-- Table structure for table `Conseiller`
--

DROP TABLE IF EXISTS `Conseiller`;
/*!40101 SET @saved_cs_client     = @@character_set_client */;
/*!40101 SET character_set_client = utf8 */;
CREATE TABLE `Conseiller` (
  `identifiant` int(11) NOT NULL AUTO_INCREMENT,
  `login` varchar(50) NOT NULL DEFAULT '',
  `password` varchar(54) NOT NULL DEFAULT '',
  `civilite` varchar(5) DEFAULT NULL,
  `prenom` varchar(32) NOT NULL DEFAULT '',
  `nom` varchar(32) NOT NULL DEFAULT '',
  `telephoneBureau` varchar(10) DEFAULT NULL,
  `telephonePortable` varchar(10) DEFAULT NULL,
  `email` varchar(50) DEFAULT NULL,
  `numeroActeur` bigint(20) unsigned DEFAULT NULL,
  `trigramme` varchar(50) DEFAULT NULL,
  `agenceDefault_identifiant` int(11) DEFAULT NULL,
  PRIMARY KEY (`identifiant`),
  KEY `FK51667762B70929BF` (`agenceDefault_identifiant`),
  CONSTRAINT `FK51667762B70929BF` FOREIGN KEY (`agenceDefault_identifiant`) REFERENCES `Agence` (`identifiant`)
) ENGINE=InnoDB AUTO_INCREMENT=2 DEFAULT CHARSET=utf8;
/*!40101 SET character_set_client = @saved_cs_client */;

--
-- Dumping data for table `Conseiller`
--

LOCK TABLES `Conseiller` WRITE;
/*!40000 ALTER TABLE `Conseiller` DISABLE KEYS */;
INSERT INTO `Conseiller` (`identifiant`, `login`, `password`, `civilite`, `prenom`, `nom`, `telephoneBureau`, `telephonePortable`, `email`, `numeroActeur`, `trigramme`, `agenceDefault_identifiant`) VALUES (1,'ADM','{SSHA}f38aa7701504f66faf4716ff15595b717cdb8cc36fb4f229','M','Administrateur','Administrateur','0123456789',NULL,'adm@mutuelle.fr',234,'adm',1);
/*!40000 ALTER TABLE `Conseiller` ENABLE KEYS */;
UNLOCK TABLES;

--
-- Table structure for table `Conseiller_Agence`
--

DROP TABLE IF EXISTS `Conseiller_Agence`;
/*!40101 SET @saved_cs_client     = @@character_set_client */;
/*!40101 SET character_set_client = utf8 */;
CREATE TABLE `Conseiller_Agence` (
  `idagence` int(11) NOT NULL DEFAULT '0',
  `idconseiller` int(11) NOT NULL DEFAULT '0',
  PRIMARY KEY (`idagence`,`idconseiller`),
  KEY `FKF61EDB8EBCFE49AF` (`idagence`),
  KEY `FKF61EDB8E983D99D1` (`idconseiller`),
  CONSTRAINT `FKF61EDB8E983D99D1` FOREIGN KEY (`idconseiller`) REFERENCES `Conseiller` (`identifiant`),
  CONSTRAINT `FKF61EDB8EBCFE49AF` FOREIGN KEY (`idagence`) REFERENCES `Agence` (`identifiant`)
) ENGINE=InnoDB DEFAULT CHARSET=utf8;
/*!40101 SET character_set_client = @saved_cs_client */;

--
-- Dumping data for table `Conseiller_Agence`
--

LOCK TABLES `Conseiller_Agence` WRITE;
/*!40000 ALTER TABLE `Conseiller_Agence` DISABLE KEYS */;
INSERT INTO `Conseiller_Agence` (`idagence`, `idconseiller`) VALUES (1,1),(2,1),(3,1),(4,1);
/*!40000 ALTER TABLE `Conseiller_Agence` ENABLE KEYS */;
UNLOCK TABLES;

--
-- Table structure for table `Conseiller_Produit`
--

DROP TABLE IF EXISTS `Conseiller_Produit`;
/*!40101 SET @saved_cs_client     = @@character_set_client */;
/*!40101 SET character_set_client = utf8 */;
CREATE TABLE `Conseiller_Produit` (
  `idproduit` int(11) NOT NULL DEFAULT '0',
  `idconseiller` int(11) NOT NULL DEFAULT '0',
  PRIMARY KEY (`idconseiller`,`idproduit`),
  KEY `FKFA8801AC3C61C325` (`idproduit`),
  CONSTRAINT `FKFA8801AC3C61C325` FOREIGN KEY (`idproduit`) REFERENCES `Produit` (`id`),
  CONSTRAINT `FKFA8801AC983D99D1` FOREIGN KEY (`idconseiller`) REFERENCES `Conseiller` (`identifiant`)
) ENGINE=InnoDB DEFAULT CHARSET=utf8;
/*!40101 SET character_set_client = @saved_cs_client */;

--
-- Dumping data for table `Conseiller_Produit`
--

LOCK TABLES `Conseiller_Produit` WRITE;
/*!40000 ALTER TABLE `Conseiller_Produit` DISABLE KEYS */;
INSERT INTO `Conseiller_Produit` (`idproduit`, `idconseiller`) VALUES (1,1),(2,1),(3,1),(102,1),(103,1),(104,1),(105,1),(110,1),(111,1),(112,1),(113,1),(114,1),(115,1),(116,1),(117,1),(118,1),(119,1),(120,1),(121,1),(122,1),(123,1),(124,1),(125,1),(126,1),(127,1),(128,1),(129,1),(130,1),(131,1),(132,1),(133,1),(134,1),(135,1),(136,1),(137,1),(138,1),(139,1),(140,1),(141,1),(142,1),(143,1),(144,1),(145,1),(146,1),(147,1),(149,1),(150,1),(151,1),(152,1),(153,1),(154,1),(155,1),(156,1),(157,1),(158,1),(159,1),(160,1),(161,1),(162,1),(163,1),(164,1),(165,1),(166,1),(167,1),(168,1),(169,1),(170,1),(171,1),(172,1),(173,1),(174,1),(175,1),(176,1),(177,1),(178,1),(179,1),(180,1),(181,1),(182,1),(183,1),(184,1),(185,1),(186,1),(187,1),(188,1),(189,1),(190,1),(191,1),(192,1),(193,1),(194,1),(195,1),(196,1),(197,1),(198,1),(199,1),(200,1),(201,1),(202,1),(203,1),(204,1),(205,1),(206,1),(207,1),(208,1),(209,1),(210,1),(211,1),(212,1),(213,1),(214,1),(215,1),(216,1),(217,1),(218,1),(219,1),(220,1),(221,1),(222,1),(223,1),(224,1),(225,1),(226,1),(227,1),(228,1),(229,1),(230,1),(231,1),(232,1),(233,1),(234,1),(235,1),(236,1),(237,1),(238,1),(239,1),(240,1),(241,1),(242,1),(243,1),(244,1),(245,1),(246,1),(247,1),(248,1),(249,1),(250,1),(251,1),(252,1),(253,1),(254,1),(255,1),(256,1),(257,1),(258,1),(259,1),(260,1),(261,1),(262,1),(263,1),(264,1),(265,1),(266,1),(267,1),(270,1),(271,1),(272,1),(273,1),(274,1);
/*!40000 ALTER TABLE `Conseiller_Produit` ENABLE KEYS */;
UNLOCK TABLES;

--
-- Table structure for table `ConstanteDatee`
--

DROP TABLE IF EXISTS `ConstanteDatee`;
/*!40101 SET @saved_cs_client     = @@character_set_client */;
/*!40101 SET character_set_client = utf8 */;
CREATE TABLE `ConstanteDatee` (
  `id` int(11) NOT NULL AUTO_INCREMENT,
  `dateDebutValidite` date DEFAULT NULL,
  `cstKey` varchar(50) DEFAULT NULL,
  `value` varchar(50) DEFAULT NULL,
  PRIMARY KEY (`id`)
) ENGINE=InnoDB AUTO_INCREMENT=43 DEFAULT CHARSET=utf8;
/*!40101 SET character_set_client = @saved_cs_client */;

--
-- Dumping data for table `ConstanteDatee`
--

LOCK TABLES `ConstanteDatee` WRITE;
/*!40000 ALTER TABLE `ConstanteDatee` DISABLE KEYS */;
INSERT INTO `ConstanteDatee` (`id`, `dateDebutValidite`, `cstKey`, `value`) VALUES (1,'2006-01-01','PLAFOND_SECU_TRANCHE_A','31068'),(2,'2006-01-01','PLAFOND_SECU_TRANCHE_B','93204'),(3,'2006-01-01','PLAFOND_SECU_TRANCHE_C','124272'),(4,'2007-01-01','PLAFOND_SECU_TRANCHE_A','32184'),(5,'2007-01-01','PLAFOND_SECU_TRANCHE_B','96552'),(6,'2007-01-01','PLAFOND_SECU_TRANCHE_C','128736'),(7,'2008-01-01','PLAFOND_SECU_TRANCHE_A','33276'),(8,'2008-01-01','PLAFOND_SECU_TRANCHE_B','99828'),(9,'2008-01-01','PLAFOND_SECU_TRANCHE_C','133104'),(10,'2009-01-01','PLAFOND_SECU_TRANCHE_A','34308'),(11,'2009-01-01','PLAFOND_SECU_TRANCHE_B','102924'),(12,'2009-01-01','PLAFOND_SECU_TRANCHE_C','137232'),(13,'2010-01-01','PLAFOND_SECU_TRANCHE_A','34620'),(14,'2010-01-01','PLAFOND_SECU_TRANCHE_B','103860'),(15,'2010-01-01','PLAFOND_SECU_TRANCHE_C','138480'),(16,'2011-01-01','PLAFOND_SECU_TRANCHE_A','35352'),(17,'2011-01-01','PLAFOND_SECU_TRANCHE_B','106056'),(18,'2011-01-01','PLAFOND_SECU_TRANCHE_C','141408'),(19,'2012-01-01','PLAFOND_SECU_TRANCHE_A','36372'),(20,'2012-01-01','PLAFOND_SECU_TRANCHE_B','109116'),(21,'2012-01-01','PLAFOND_SECU_TRANCHE_C','145488'),(22,'2013-01-01','PLAFOND_SECU_TRANCHE_A','37032'),(23,'2013-01-01','PLAFOND_SECU_TRANCHE_B','111096'),(24,'2013-01-01','PLAFOND_SECU_TRANCHE_C','148128'),(25,'2014-01-01','PLAFOND_SECU_TRANCHE_A','37548'),(26,'2014-01-01','PLAFOND_SECU_TRANCHE_B','112644'),(27,'2014-01-01','PLAFOND_SECU_TRANCHE_C','150192'),(28,'2015-01-01','PLAFOND_SECU_TRANCHE_A','38040'),(29,'2015-01-01','PLAFOND_SECU_TRANCHE_B','114120'),(30,'2015-01-01','PLAFOND_SECU_TRANCHE_C','152160'),(31,'2016-01-01','PLAFOND_SECU_TRANCHE_A','38616'),(32,'2016-01-01','PLAFOND_SECU_TRANCHE_B','115848'),(33,'2016-01-01','PLAFOND_SECU_TRANCHE_C','154464'),(34,'2017-01-01','PLAFOND_SECU_TRANCHE_A','39228'),(35,'2017-01-01','PLAFOND_SECU_TRANCHE_B','117684'),(36,'2017-01-01','PLAFOND_SECU_TRANCHE_C','156912'),(37,'2018-01-01','PLAFOND_SECU_TRANCHE_A','39732'),(38,'2018-01-01','PLAFOND_SECU_TRANCHE_B','119196'),(39,'2018-01-01','PLAFOND_SECU_TRANCHE_C','158928'),(40,'2019-01-01','PLAFOND_SECU_TRANCHE_A','40524'),(41,'2019-01-01','PLAFOND_SECU_TRANCHE_B','121572'),(42,'2019-01-01','PLAFOND_SECU_TRANCHE_C','162096');
/*!40000 ALTER TABLE `ConstanteDatee` ENABLE KEYS */;
UNLOCK TABLES;

--
-- Table structure for table `ConsultationMessage`
--

DROP TABLE IF EXISTS `ConsultationMessage`;
/*!40101 SET @saved_cs_client     = @@character_set_client */;
/*!40101 SET character_set_client = utf8 */;
CREATE TABLE `ConsultationMessage` (
  `IDCONSEILLER` int(11) NOT NULL DEFAULT '0',
  `DATE_DERNIERE_CONSULTATION` date NOT NULL DEFAULT '0000-00-00',
  PRIMARY KEY (`IDCONSEILLER`),
  CONSTRAINT `FK_CONSEILLER` FOREIGN KEY (`IDCONSEILLER`) REFERENCES `Conseiller` (`identifiant`)
) ENGINE=InnoDB DEFAULT CHARSET=utf8;
/*!40101 SET character_set_client = @saved_cs_client */;

--
-- Dumping data for table `ConsultationMessage`
--

LOCK TABLES `ConsultationMessage` WRITE;
/*!40000 ALTER TABLE `ConsultationMessage` DISABLE KEYS */;
/*!40000 ALTER TABLE `ConsultationMessage` ENABLE KEYS */;
UNLOCK TABLES;

--
-- Table structure for table `ConventionCollective`
--

DROP TABLE IF EXISTS `ConventionCollective`;
/*!40101 SET @saved_cs_client     = @@character_set_client */;
/*!40101 SET character_set_client = utf8 */;
CREATE TABLE `ConventionCollective` (
  `id` int(11) NOT NULL AUTO_INCREMENT,
  `libelle` varchar(250) DEFAULT NULL,
  `codeIdcc` varchar(5) DEFAULT NULL,
  `numeroJo` varchar(10) DEFAULT NULL,
  PRIMARY KEY (`id`)
) ENGINE=InnoDB AUTO_INCREMENT=416 DEFAULT CHARSET=utf8;
/*!40101 SET character_set_client = @saved_cs_client */;

--
-- Dumping data for table `ConventionCollective`
--

LOCK TABLES `ConventionCollective` WRITE;
/*!40000 ALTER TABLE `ConventionCollective` DISABLE KEYS */;
INSERT INTO `ConventionCollective` (`id`, `libelle`, `codeIdcc`, `numeroJo`) VALUES (1,'Accouvage','7009','3606'),(2,'Administrateurs et mandataires judiciaires (personnel)','2706','3353'),(3,'Aéraulique, thermique et frigorifique','1412','3023'),(4,'Aéroports : région parisienne','1391','3234'),(5,'Agences de mannequins','2397','3318'),(6,'Agences télégraphiques','1675',NULL),(7,'Aide à domicile : accompagnement, soins et services','2941','3381'),(8,'Aide à domicile en milieu rural','562',NULL),(9,'Alimentation : gérants mandataires','1314','3007'),(10,'Alimentation : industries agroalimentaires (accords nationaux)','9999','3128'),(11,'Alimentation : industries alimentaires diverses','3109','3384'),(12,'Ameublement : fabrication','1411','3155'),(13,'Ameublement : négoce','1880','3056'),(14,'Analyses médicales','959','3114'),(15,'Animation','1518','3246'),(16,'Aquaculture','7010','3609'),(17,'Architecture : conseils d\'architecture, d\'urbanisme et de l\'environnement','2666','3348'),(18,'Architecture : entreprises','2332','3062'),(19,'Artistes interprètes : émissions de télévision','1734','3278'),(20,'Artistique : entreprises artistiques et culturelles','1285','3226'),(21,'Assainissement et maintenance industrielle','2272','3309'),(22,'Assistance','1801','3279'),(23,'Assistants maternels','2395','3317'),(24,'Assurances : agences générales','2335','3115'),(25,'Assurances : courtage','2247','3110'),(26,'Assurances : inspection','1679','3110'),(27,'Assurances : sociétés','1672','3265'),(28,'Audiovisuel : production','2642','3346'),(29,'Audiovisuel : secteur public','1297',NULL),(30,'Automobile','1090','3034'),(31,'Autoroutes','2583','3336'),(32,'Avocats au Conseil d\'État et à la Cour de cassation : personnel salarié','2329',NULL),(33,'Avocats personnel salarié','1000','3078'),(34,'Avocats salariés','1850','3078'),(35,'Banques','2120','3161'),(36,'Bâtiment : cadres','2420','3322'),(37,'Bâtiment : ETAM','2609','3002'),(38,'Bâtiment : ouvriers','1596','3193'),(39,'Bétail et viandes','7001','3612'),(40,'Bijouterie, joaillerie, orfèvrerie','567','3051'),(41,'Blanchisserie, teinturerie, nettoyage','2002','3074'),(42,'Blanchisserie, teinturerie, nettoyage : Nord - Pas-de-Calais','528',NULL),(43,'Bois : panneaux à base de bois','2089','3113'),(44,'Bois d\'oeuvre et produits dérivés','1947','3287'),(45,'Bois de pin maritime en forêt de Gascogne','172',NULL),(46,'Bois et scieries','158','3041'),(47,'Boissons : distributeurs conseils hors domicile','1536','3121'),(48,'Boucherie, boucherie charcuterie, boucherie hippophagique','992','3101'),(49,'Boulangerie-pâtisserie : entreprises artisanales','843','3117'),(50,'Boulangerie-pâtisserie industrielle','1747','3102'),(51,'Boyauderie','1543','3253'),(52,'Bricolage','1606','3232'),(53,'Bureaux d\'études techniques','1486','3018'),(54,'Cabinets médicaux','1147','3168'),(55,'Cafétérias','2060','3297'),(56,'Camping : industries','1618','3176'),(57,'Cancer : centres de lutte','2046','3201'),(58,'Caoutchouc','45','3046'),(59,'Carrières et matériaux : industries','87','3081'),(60,'Cartonnage : industries','489','3135'),(61,'Casinos','2257','3167'),(62,'Centres d\'hébergement et de réadaptation sociale','783',NULL),(63,'Centres de gestion agréés','1237','3220'),(64,'Centres de gestion agréés et habilités agricoles','7020',NULL),(65,'Centres équestres','7012','3603'),(66,'Céramique d\'art','1800','3035'),(67,'Céramiques de France : industries','1558','3238'),(68,'Céréales, meunerie, approvisionnement, alimentation (bétail), oléagineux','7002','3616'),(69,'Chaînes thématiques','2411','3319'),(70,'Champagne','1384',NULL),(71,'Charcuterie : industries','1586','3125'),(72,'Charcuterie de détail','953','3133'),(73,'Chasse : personnels des structures associatives cynégétiques','2697','3327'),(74,'Chaussure : commerce succursaliste','468','3120'),(75,'Chaussure et articles chaussants : industrie','1580','3163'),(76,'Chaussures : détaillants','733','3008'),(77,'Chaux : industries ','1177','3064'),(78,'Chemiserie sur mesure','418',NULL),(80,'Ciments : industries','363','3280'),(81,'Cinéma (exploitation) : services généraux et administratifs','889',NULL),(82,'Cinéma (production)','3097','3376'),(83,'Cinéma : distribution des films','716','3174'),(84,'Cinéma : exploitation','1307','3097'),(85,'Coiffure','2596','3159'),(86,'Combustibles : négoce et distribution','1408','3004'),(87,'Commerces de détail alimentaires et non alimentaires : Cambrai','1298',NULL),(88,'Commerces de détail alimentaires et non alimentaires : Loiret','1042',NULL),(89,'Commerces de détail alimentaires et non alimentaires : Vosges','490',NULL),(90,'Commerces de détail non alimentaires','1517','3251'),(91,'Commerces de détail non alimentaires : Ain','1240',NULL),(92,'Commerces de détail non alimentaires : Ardennes','1385',NULL),(93,'Commerces de détail non alimentaires : Finistère','1276',NULL),(94,'Commerces de détail non alimentaires : Gironde','1406',NULL),(95,'Commerces de détail non alimentaires : Loire','1415',NULL),(96,'Commerces de détail non alimentaires : Lyon','711',NULL),(97,'Commerces de détail non alimentaires : Maine-et-Loire','1202',NULL),(98,'Commerces de détail non alimentaires : Meurthe-et-Moselle','814',NULL),(99,'Commerces de détail non alimentaires : Morbihan','1343',NULL),(100,'Commerces de détail non alimentaires : Pyrénées (Hautes-)','9998',NULL),(101,'Commerces de détail non alimentaires : Rennes','894',NULL),(102,'Commerces de détail non alimentaires : Rhin (Bas et Haut)','1970',NULL),(103,'Commerces de détail non alimentaires : Tarn','1394',NULL),(104,'Commerces de gros','573','3044'),(105,'Commerces de gros et de détail alimentaires et non alimentaires : Rodez et Sarthe','50',NULL),(106,'Commerces de gros et de détail alimentaires et non alimentaires : Sarthe','239',NULL),(107,'Commerces de gros et de détail à prédominance alimentaire','2216','3305'),(108,'Commissaires-priseurs judiciaires et sociétés de ventes volontaires','2785','3363'),(109,'Conchyliculture','7019',NULL),(110,'Confiserie, chocolaterie, biscuiterie : commerces de gros','1624','3045'),(111,'Confiserie, chocolaterie, biscuiterie : détaillants, détaillants fabricants','1286','3224'),(112,'Conserveries : Coopératives et SICA','7003','3607'),(113,'Coopération maritime','2494','3326'),(114,'Coopératives de consommation : salariés','179','3072'),(115,'Coopératives de consommation : gérants non salariés','1325','3013'),(116,'Cordonnerie','1561','3015'),(117,'Couture parisienne','303','3185'),(118,'Création et événement : entreprises techniques','2717','3355'),(119,'Cuirs et peaux : industrie','207','3058'),(120,'Cuisine à usage domestique : magasins prestataires de service','2754','3359'),(121,'Déchets','2149','3156'),(122,'Dentaires : cabinets','1619','3255'),(123,'Dentaires : négoce en fournitures','635','3033'),(124,'Dentaires : prothésistes et laboratoires de prothèse dentaire','993','3254'),(125,'Désinfection, désinsectisation et dératisation','1605','3260'),(126,'Développement économique : organismes','2070',NULL),(127,'Distilleries viticoles (coopératives et union) et distillation (SICA)','7503',NULL),(128,'Distribution directe','2372','3316'),(129,'Eau : services et assainissement','2147','3302'),(130,'Eaux embouteillées, boissons sans alcool, bières : production','1513','3247'),(131,'Édition','2121','3103'),(132,'Édition phonographique','2770','3361'),(133,'Électronique, audiovisuel et équipement ménager : commerces et services','1686','3076'),(134,'Enseignement privé',NULL,NULL),(135,'Enseignement privé : directeurs (primaire catholique)','2281',NULL),(136,'Enseignement privé : formateurs des CFA et des CFC ','2152',NULL),(137,'Enseignement privé : maîtres (primaire catholique)','1545',NULL),(138,'Enseignement privé : maîtres (primaire)','1326','3229'),(139,'Enseignement privé : professeurs du secondaire','390','3229'),(140,'Enseignement privé : psychologues','1334','3229'),(141,'Enseignement privé agricole : personnels administratifs et techniques','7507',NULL),(142,'Enseignement privé agricole : personnels de la vie scolaire','7506',NULL),(143,'Enseignement privé à distance','2101','3235'),(144,'Enseignement privé hors contrat','2691','3351'),(145,'Enseignement privé technique hors contrat','1446','3209'),(146,'Enseignement supérieur privé','2636','3345'),(147,'Enseignement, formation (musique et danse) : organismes associatifs (Rhône-Alpes)','2022',NULL),(148,'Espaces de loisirs, d\'attractions et culturels','1790','3275'),(149,'Esthétique-cosmétique et enseignement associé','3032',NULL),(150,'Expertises : évaluations industrielles et commerciales','915','3145'),(151,'Expertises en automobile','1951','3295'),(152,'Experts-comptables et commissaires aux comptes','787','3020'),(153,'Exploitations frigorifiques','200','3178'),(154,'Familles rurales','1031',NULL),(155,'Films d’animation : production','2412',NULL),(156,'Fleuristes, vente et services des animaux familiers','1978','3010'),(157,'Fleurs, fruits et légumes : coopératives agricoles et SICA','7006','3614'),(158,'Football : personnels administratifs et assimilés','5507',NULL),(159,'Formation : organismes','1516','3249'),(160,'Fourrure','673','3067'),(161,'Foyers de jeunes travailleurs','2336','3014'),(162,'Fruits et légumes : entreprises d\'expédition et exportation','1405','3233'),(163,'Fruits, légumes, épicerie, produits laitiers : commerce de détail','1505','3244'),(164,'Ganterie de peau','354','3139'),(165,'Gardes-chasse et gardes-pêche particuliers','7015','3601'),(166,'Gardiens, concierges et employés d\'immeubles','1043','3144'),(167,'Géomètres-experts, topographes','2543','3205'),(168,'Golf','2021','3283'),(169,'Greffiers des tribunaux de commerce : personnel','240',NULL),(170,'Habillement : industries','247','3098'),(171,'Habillement : maisons à succursales de vente au détail','675','3065'),(172,'Habillement et articles textiles : commerce de détail','1483','3241'),(173,'Habillement, mercerie, chaussure et jouet : commerces de gros','500','3148'),(174,'Habitat social : organisations professionnelles','2526','3350'),(175,'Habitat : personnels PACT et ARIM','1278','3221'),(176,'Handicapés : établissements et services pour personnes inadaptées et handicapées','413','3116'),(177,'Hélicoptères : personnel navigant technique des exploitants','1944','3288'),(178,'HLM : personnels des sociétés anonymes et fondations','2150','3190'),(179,'HLM : personnels des sociétés coopératives','1588','3191'),(180,'Horlogerie : commerce de gros','1044','3152'),(181,'Horlogerie-bijouterie : commerce de détail','1487','3240'),(182,'Hospitalisation privée à but lucratif','2264','3307'),(183,'Hospitalisation privée à but non lucratif','29','3198'),(184,'Hôtellerie de plein air','1631','3271'),(185,'Hôtels','800','3003'),(186,'Hôtels de tourisme : trois, quatre, quatre étoiles de luxe (Région parisienne)','1370','3231'),(187,'Hôtels, cafés, restaurants','1979','3292'),(188,'Huissiers de justice : personnel','1921','3037'),(189,'Immobilier','1527','3090'),(190,'Import-export','43','3100'),(191,'Imprimeries de labeur et industries graphiques','184','3138'),(192,'Insertion : ateliers et chantiers','3016','3379'),(193,'Institutions d\'assurance chômage','1420',NULL),(194,'Institutions de retraite complémentaire','1794','3276'),(195,'Instruments à écrire et industries connexes','715','3171'),(196,'Intermittents du spectacle : accords de branche du secteur',NULL,NULL),(197,'Jardineries et graineteries','1760','3272'),(198,'Jeux, jouets, articles de fête','1607','3130'),(199,'Jouets, bimbeloterie, bazar : commerce de gros','450','3053'),(200,'Journalistes','1480','3136'),(201,'Lait : coopératives agricoles et SICA','7004','3608'),(202,'Lait : industries','112','3124'),(203,'Lait : organismes de contrôle','7008','3611'),(204,'Librairie','3013','3252'),(205,'Lin : rouissage-teillage','1659','3264'),(206,'Lin : teillage (coopératives agricoles et SICA)','7007',NULL),(207,'Logistique de communication écrite directe','1611','3261'),(208,'Machines à coudre : commerce','735','3147'),(209,'Magasins (Grands) et magasins populaires','2156','3082'),(210,'Maisons d\'étudiants','1671','3266'),(211,'Maisons familiales rurales','7508',NULL),(212,'Manutention ferroviaire et travaux connexes','538','3170'),(213,'Marchés financiers','2931','3257'),(214,'Mareyeurs-expéditeurs','1589','3256'),(215,'Maroquinerie : industries','2528','3157'),(216,'Matériaux de construction : négoce','398','3154'),(217,'Matériels agricoles, de BTP et de manutention : maintenance, distribution et location','1404','3131'),(218,'Médico-sociaux : établissements','405',NULL),(219,'Médico-techniques : négoce et prestations de services','1982','3286'),(220,'Menuiseries, charpentes et constructions industrialisées','83',NULL),(221,'Métallurgie : Ain','914',NULL),(222,'Métallurgie : Aisne','2542','3331'),(223,'Métallurgie : Allier','898',NULL),(224,'Métallurgie : Alpes-Maritimes','1560',NULL),(225,'Métallurgie : Ardennes','827',NULL),(226,'Métallurgie : Aube','2294',NULL),(227,'Métallurgie : Belfort-Montbéliard','2755',NULL),(228,'Métallurgie : Bouches-du-Rhône','2630','3344'),(229,'Métallurgie : Calvados','943',NULL),(230,'Métallurgie : Charente','1572',NULL),(231,'Métallurgie : Charente-Maritime','923',NULL),(232,'Métallurgie : Cher','1576',NULL),(233,'Métallurgie : Corrèze','1274',NULL),(234,'Métallurgie : Côte-d\'Or','1885',NULL),(235,'Métallurgie : Côtes-d\'Armor','1634',NULL),(236,'Métallurgie : Dordogne','1353',NULL),(237,'Métallurgie : Doubs','1375',NULL),(238,'Métallurgie : Drôme et Ardèche','1867',NULL),(239,'Métallurgie : Dunkerque (région de)','1525',NULL),(240,'Métallurgie : Eure','887',NULL),(241,'Métallurgie : Eure-et-Loir','984',NULL),(242,'Métallurgie : Finistère','860',NULL),(243,'Métallurgie : Flandres-Douaisis','1387',NULL),(244,'Métallurgie : Gard et Lozère','2126',NULL),(245,'Métallurgie : Gironde-Landes','1635',NULL),(246,'Métallurgie : Havre (arrondissement du)','979',NULL),(247,'Métallurgie : Hérault, Aude et Pyrénées-Orientales','1577',NULL),(248,'Métallurgie : Ille-et-Vilaine – Morbihan','863',NULL),(249,'Métallurgie : Indre','934',NULL),(250,'Métallurgie : Indre-et-Loire','2992',NULL),(251,'Métallurgie : ingénieurs et cadres','650','3025'),(252,'Métallurgie : Isère et Hautes-Alpes','2221',NULL),(253,'Métallurgie : Jura','1809',NULL),(254,'Métallurgie : Loir-et-Cher','2579','3334'),(255,'Métallurgie : Loire et arrondissement d\'Yssingeaux','1578',NULL),(256,'Métallurgie : Loire-Atlantique','1369',NULL),(257,'Métallurgie : Loiret','1966',NULL),(258,'Métallurgie : Lot-et-Garonne','1960',NULL),(259,'Métallurgie : Maine-et-Loire','1902',NULL),(260,'Métallurgie : Manche','828',NULL),(261,'Métallurgie : Marne','899',NULL),(262,'Métallurgie : Marne (Haute-) et Meuse','1315',NULL),(263,'Métallurgie : Maubeuge','1813',NULL),(264,'Métallurgie : Mayenne','2266',NULL),(265,'Métallurgie : Meurthe-et-Moselle','1365',NULL),(266,'Métallurgie : Midi-Pyrénées','1059',NULL),(267,'Métallurgie : Moselle','714',NULL),(268,'Métallurgie : Nièvre','1159',NULL),(269,'Métallurgie : Oise','2700',NULL),(270,'Métallurgie : Orne','948',NULL),(271,'Métallurgie : Pas-de-Calais','1472',NULL),(272,'Métallurgie : Puy-de-Dôme et Clermont-Ferrand','1627',NULL),(273,'Métallurgie : Pyrénées (Hautes-)','1626',NULL),(274,'Métallurgie : Pyrénées-Atlantiques et Seignanx','2615','3341'),(275,'Métallurgie : région parisienne','54','3126'),(276,'Métallurgie : Rhin (Bas-)','1967',NULL),(277,'Métallurgie : Rhin (Haut-)','1912',NULL),(278,'Métallurgie : Rhône','878',NULL),(279,'Métallurgie : Rouen et Dieppe','1604',NULL),(280,'Métallurgie : Saône (Haute-)','3053','3382'),(281,'Métallurgie : Saône-et-Loire','1564',NULL),(282,'Métallurgie : Sarthe','930',NULL),(283,'Métallurgie : Savoie','822',NULL),(284,'Métallurgie : Savoie (Haute-)','836',NULL),(285,'Métallurgie : Seine-et-Marne','911',NULL),(286,'Métallurgie : Sèvres (Deux-)','1628',NULL),(287,'Métallurgie : Somme','2980',NULL),(288,'Métallurgie : Thiers (région de)','1007',NULL),(289,'Métallurgie : Valenciennes et Cambrai','1592',NULL),(290,'Métallurgie : Var','965',NULL),(291,'Métallurgie : Vaucluse','829',NULL),(292,'Métallurgie : Vendée','2489','3325'),(293,'Métallurgie : Vienne (Haute-) et Creuse','937',NULL),(294,'Métallurgie : Vosges','2003',NULL),(295,'Métallurgie : Yonne','1732',NULL),(296,'Métallurgie : accords nationaux (ouvriers, ETAM, ingénieurs et cadres)',NULL,'3109'),(297,'Métreurs-vérificateurs','3213','3169'),(298,'Meunerie','1930','3060'),(299,'Miroiterie : transformation et négoce du verre','1499','3050'),(300,'Missions locales et PAIO','2190','3304'),(301,'Mode et chapellerie',NULL,NULL),(302,'Musique : édition','1194','3181'),(303,'Mutualité','2128','3300'),(304,'Navigation (entreprises) : personnel sédentaire','2972','3216'),(305,'Navigation de plaisance','1423','3187'),(306,'Navigation intérieure (transport de marchandises) : navigant','3',NULL),(307,'Navigation intérieure (transport de marchandises) : personnel sédentaire','2174','3153'),(308,'Navigation intérieure (transport de passagers) : personnel sédentaire et navigant','1974','3293'),(309,'Notariat','2205','3134'),(310,'Oeufs et industries en produits d\'oeufs','2075','3184'),(311,'Optique - lunetterie de détail','1431','3084'),(312,'Papeterie, fournitures de bureau, de bureautique et informatique, et de librairie : commerces de détail','1539','3252'),(313,'Papiers-cartons : distribution et commerce de gros','925','3054'),(314,'Papiers-cartons, celluloses (production, transformation) : ingénieurs et cadres','700','3011'),(315,'Papiers-cartons, celluloses (production, transformation) : OETAM','1492','3242'),(316,'Particulier employeur : salariés','2111','3180'),(317,'Pâtes alimentaires','1987','3294'),(318,'Pâtisserie','1267','3215'),(319,'Paysage : entreprises','7018','3617'),(320,'Peintres en lettres, graphistes-décorateurs','1465','3239'),(321,'Pétrole : industrie','1388','3001'),(322,'Pharmacie : industrie','176','3104'),(323,'Pharmacie : répartition pharmaceutique','1621','3262'),(324,'Pharmacie d\'officine','1996','3052'),(325,'Pharmacie, parapharmacie, produits vétérinaires : fabrication et commerce','1555','3063'),(326,'Photographie','2162','3150'),(327,'Plasturgie','292','3066'),(328,'Poissonnerie','1504','3243'),(329,'Pompes funèbres','759','3269'),(330,'Ports de plaisance','1182','3183'),(331,'Ports et manutention','3017','3273'),(332,'Presse : agences','2014','3142'),(333,'Presse : portage','2683',NULL),(334,'Presse d\'information spécialisée : employés et cadres','1874','3290'),(335,'Presse hebdomadaire régionale : employés et cadres','1563','3291'),(336,'Presse magazine : éditeurs (employés et cadres)','3202',NULL),(341,'Presse quotidienne régionale : vendeurs administratifs salariés portage (VASP)',NULL,'3140'),(342,'Prestataires de services','2098','3301'),(343,'Prévention et sécurité','1351','3196'),(344,'Produits alimentaires élaborés : industries','1396','3127'),(345,'Produits du sol : négoce et industrie','1077','3165'),(346,'Produits exotiques','506','3092'),(347,'Promotion immobilière','1512','3248'),(348,'Propreté','3043','3173'),(349,'Publicité','86','3073'),(350,'Quincaillerie : commerces','731','3311'),(351,'Radiodiffusion','1922','3285'),(352,'Récupération : industries et commerces','637','3228'),(353,'Remontées mécaniques','454','3122'),(354,'Reprographie','706','3027'),(355,'Restaurants : chaîne','575','3003'),(356,'Restauration de collectivités','1266','3225'),(357,'Restauration ferroviaire','1311','3227'),(358,'Restauration rapide','1501','3245'),(359,'Santé au travail : services interentreprises','897','3031'),(360,'Sélection et reproduction animale (entreprises)','7021',NULL),(361,'Sérigraphie : industrie','614','3137'),(362,'Sidérurgie','2344','3315'),(363,'Sociaux et socioculturels (centres) et autres acteurs du lien social (associations)','1261','3218'),(364,'Sociétés financières','478','3059'),(365,'Spectacle vivant : secteur privé','3090','3372'),(366,'Sport','2511','3328'),(367,'Sport : commerce des articles de sport','1557','3049'),(368,'Sucreries, sucreries-distilleries, raffineries de sucre','2728','3026'),(369,'Surveillance de la qualité de l\'air : associations agréées','2230','3306'),(370,'Tailleurs sur mesure : Région parisienne','780',NULL),(371,'Taxis et activités connexes','2219',NULL),(372,'Télécommunications','2148','3303'),(373,'Textiles : industries','18','3106'),(374,'Textiles artificiels et synthétiques et produits assimilés','1942','3340'),(375,'Thermalisme','2104','3298'),(376,'Thermiques : équipements','998','3042'),(377,'Tissus, tapis et linge de maison : commerce de gros','1761','3047'),(378,'Tourisme : agences de voyage et de tourisme','1710','3061'),(379,'Tourisme : guides accompagnateurs et interprètes','412','3061'),(380,'Tourisme : guides interprètes','349','3094'),(381,'Tourisme : organismes','1909','3175'),(382,'Tourisme social et familial','1316','3151'),(383,'Transport aérien : personnel au sol','275','3177'),(384,'Transports de fonds et de valeurs','16','3085'),(385,'Transports publics urbains : réseaux de voyageurs','1424','3099'),(386,'Transports routiers','16','3085'),(387,'Travail temporaire : salariés intérimaires','2378','3212'),(388,'Travail temporaire : salariés permanents','1413','3212'),(389,'Travailleuses familiales : organismes','550',NULL),(390,'Travaux publics : cadres','2409','3005'),(391,'Travaux publics : ETAM','2614','3005'),(392,'Travaux publics : ouvriers','1702','3005'),(393,'Tuiles et briques : industries','1170','3086'),(394,'Vente à distance','2198','3333'),(395,'Verre : fabrication à la main, semi automatique et mixte / fabrication mécanique','1821','3281'),(396,'Verre : fabrication mécanique','669','3079'),(397,'Verre : métiers','2306','3310'),(398,'Vétérinaires : personnel salarié','1875','3282'),(399,'Vétérinaires : praticiens salariés','2564','3332'),(400,'Viandes : industries et commerce en gros','1534','3179'),(401,'Vins : caves coopératives vinicoles et leurs unions','7005','3604'),(402,'Vins, cidres, jus de fruits','493','3029'),(403,'Vitrail','1945','3172'),(404,'Voies ferrées d\'intérêt local','779','3022'),(405,'Volailles : industries de la transformation','1938','3111'),(406,'VRP, voyageurs representants placiers','804','3075'),(407,'Zoos','7017','3613'),(409,'Immobilier : diagnostic technique',NULL,NULL),(410,'Presse quotidienne régionale','598','3140'),(411,'Presse quotidienne départementale','1083','3141'),(414,'Chimie : industries (entreprises adhérentes à l\'UIC)','44','3108'),(415,'Chimie : industries (entreprises non adhérentes à l\'UIC)','44','3108');
/*!40000 ALTER TABLE `ConventionCollective` ENABLE KEYS */;
UNLOCK TABLES;

--
-- Table structure for table `Convention_Naf`
--

DROP TABLE IF EXISTS `Convention_Naf`;
/*!40101 SET @saved_cs_client     = @@character_set_client */;
/*!40101 SET character_set_client = utf8 */;
CREATE TABLE `Convention_Naf` (
  `convention_id` int(11) NOT NULL DEFAULT '0',
  `naf_id` int(11) NOT NULL DEFAULT '0',
  PRIMARY KEY (`convention_id`,`naf_id`),
  KEY `fk_naf_id` (`naf_id`),
  CONSTRAINT `FKConventionNaf_Convention` FOREIGN KEY (`convention_id`) REFERENCES `ConventionCollective` (`id`) ON UPDATE CASCADE,
  CONSTRAINT `FKConventionNaf_Naf` FOREIGN KEY (`naf_id`) REFERENCES `Naf` (`id`) ON UPDATE CASCADE
) ENGINE=InnoDB DEFAULT CHARSET=utf8;
/*!40101 SET character_set_client = @saved_cs_client */;

--
-- Dumping data for table `Convention_Naf`
--

LOCK TABLES `Convention_Naf` WRITE;
/*!40000 ALTER TABLE `Convention_Naf` DISABLE KEYS */;
INSERT INTO `Convention_Naf` (`convention_id`, `naf_id`) VALUES (12,191),(56,191),(170,191),(273,191),(296,191),(305,191),(373,191),(374,191),(377,191),(12,192),(124,192),(234,192),(251,192),(252,192),(255,192),(262,192),(275,192),(278,192),(296,192),(322,192),(327,192),(373,192),(160,201),(104,420),(222,420),(223,420),(227,420),(237,420),(240,420),(241,420),(243,420),(249,420),(251,420),(252,420),(255,420),(256,420),(264,420),(267,420),(270,420),(275,420),(281,420),(284,420),(292,420),(294,420),(296,420),(30,734),(121,734),(296,734),(327,734),(352,734),(36,789),(37,789),(38,789),(220,789),(36,792),(37,792),(38,792),(296,792),(299,792),(104,881),(251,881),(269,881),(275,881),(296,881),(53,930),(87,930),(88,930),(90,930),(91,930),(92,930),(93,930),(94,930),(95,930),(96,930),(97,930),(98,930),(99,930),(100,930),(101,930),(102,930),(103,930),(105,930),(106,930),(133,930),(312,930),(12,932),(13,932),(87,932),(88,932),(90,932),(91,932),(92,932),(93,932),(94,932),(95,932),(96,932),(97,932),(98,932),(99,932),(100,932),(101,932),(102,932),(103,932),(105,932),(106,932),(120,932),(87,935),(88,935),(89,935),(90,935),(91,935),(92,935),(93,935),(94,935),(95,935),(96,935),(97,935),(98,935),(99,935),(100,935),(101,935),(102,935),(103,935),(104,935),(105,935),(106,935),(113,935),(172,935),(181,935),(312,935),(367,935),(68,2004),(104,2004),(352,2004),(414,2004),(415,2004),(70,2005),(127,2005),(401,2005),(402,2005),(127,2006),(401,2006),(39,2007),(51,2007),(15,2008),(65,2008),(201,2008),(203,2008),(360,2008),(10,2009),(39,2009),(48,2009),(51,2009),(71,2009),(400,2009),(405,2009),(1,2011),(16,2013),(109,2013),(165,2013),(10,2014),(11,2014),(104,2014),(112,2014),(157,2014),(162,2014),(344,2014),(10,2016),(11,2016),(104,2016),(111,2016),(112,2016),(157,2016),(202,2016),(344,2016),(368,2016),(402,2016),(15,2019),(113,2019),(165,2019),(174,2019),(176,2019),(183,2019),(192,2019),(203,2019),(296,2019),(300,2019),(363,2019),(369,2019),(45,2031),(46,2031),(64,2033),(113,2033),(174,2033),(296,2033),(53,2040),(64,2040),(113,2040),(174,2040),(203,2040),(251,2040),(296,2040),(342,2040),(16,2047),(109,2047),(165,2047),(59,2061),(392,2061),(59,2070),(67,2070),(384,2070),(386,2070),(391,2070),(392,2070),(121,2088),(352,2088),(376,2088),(392,2088),(10,2095),(39,2095),(344,2095),(405,2095),(10,2096),(11,2096),(50,2096),(71,2096),(112,2096),(344,2096),(405,2096),(10,2097),(11,2097),(39,2097),(50,2097),(68,2097),(71,2097),(112,2097),(130,2097),(202,2097),(298,2097),(310,2097),(325,2097),(344,2097),(414,2097),(415,2097),(11,2101),(202,2101),(402,2101),(68,2109),(163,2109),(414,2109),(415,2109),(68,2110),(10,2111),(68,2111),(107,2111),(111,2111),(298,2111),(344,2111),(345,2111),(10,2112),(68,2112),(414,2112),(415,2112),(68,2114),(202,2114),(298,2114),(345,2114),(414,2114),(415,2114),(127,2122),(401,2122),(402,2122),(127,2128),(402,2128),(414,2128),(415,2128),(130,2134),(202,2134),(402,2134),(205,2137),(206,2137),(373,2137),(160,2145),(170,2145),(252,2145),(373,2145),(361,2150),(373,2150),(12,2163),(46,2163),(58,2163),(59,2163),(104,2163),(234,2163),(251,2163),(265,2163),(276,2163),(277,2163),(296,2163),(327,2163),(352,2163),(373,2163),(383,2163),(403,2163),(243,2171),(373,2171),(377,2171),(414,2171),(415,2171),(289,2181),(294,2181),(373,2181),(374,2181),(251,2184),(274,2184),(276,2184),(373,2184),(414,2184),(415,2184),(117,2186),(170,2186),(296,2186),(373,2186),(374,2186),(60,2190),(314,2190),(315,2190),(373,2190),(104,2195),(119,2195),(164,2195),(170,2195),(171,2195),(172,2195),(198,2195),(301,2195),(373,2195),(373,2196),(170,2197),(172,2197),(373,2197),(374,2197),(40,2198),(104,2198),(164,2198),(170,2198),(195,2198),(198,2198),(224,2198),(243,2198),(248,2198),(251,2198),(275,2198),(284,2198),(296,2198),(301,2198),(302,2198),(322,2198),(327,2198),(331,2198),(414,2198),(415,2198),(40,2205),(78,2205),(117,2205),(170,2205),(171,2205),(172,2205),(370,2205),(373,2205),(170,2208),(171,2208),(373,2208),(119,2219),(160,2219),(314,2219),(75,2221),(90,2221),(91,2221),(92,2221),(93,2221),(94,2221),(95,2221),(96,2221),(98,2221),(99,2221),(100,2221),(101,2221),(102,2221),(103,2221),(119,2221),(215,2221),(296,2221),(58,2225),(74,2225),(75,2225),(76,2225),(116,2225),(12,2226),(46,2226),(296,2226),(327,2226),(58,2231),(232,2231),(251,2231),(255,2231),(262,2231),(275,2231),(296,2231),(327,2231),(414,2231),(415,2231),(75,2235),(251,2235),(296,2235),(327,2235),(374,2235),(46,2241),(56,2241),(87,2241),(88,2241),(90,2241),(91,2241),(92,2241),(93,2241),(94,2241),(95,2241),(96,2241),(97,2241),(98,2241),(99,2241),(100,2241),(101,2241),(102,2241),(103,2241),(104,2241),(105,2241),(106,2241),(164,2241),(198,2241),(227,2241),(229,2241),(250,2241),(251,2241),(252,2241),(254,2241),(255,2241),(268,2241),(277,2241),(283,2241),(284,2241),(296,2241),(305,2241),(327,2241),(367,2241),(38,2246),(46,2246),(125,2246),(12,2248),(36,2248),(37,2248),(38,2248),(46,2248),(220,2248),(259,2248),(36,2252),(37,2252),(38,2252),(45,2253),(46,2253),(352,2253),(388,2253),(314,2294),(315,2294),(314,2296),(315,2296),(60,2298),(314,2298),(315,2298),(46,2302),(60,2302),(172,2302),(191,2302),(60,2303),(191,2303),(251,2303),(267,2303),(313,2303),(315,2303),(191,2309),(361,2309),(60,2314),(191,2314),(314,2314),(315,2314),(60,2321),(191,2321),(296,2321),(314,2321),(315,2321),(361,2321),(376,2321),(131,2338),(200,2338),(302,2338),(349,2338),(302,2339),(200,2340),(334,2340),(335,2340),(341,2340),(349,2340),(410,2340),(411,2340),(53,2341),(131,2341),(200,2341),(334,2341),(335,2341),(336,2341),(349,2341),(28,2342),(53,2342),(118,2342),(131,2342),(132,2342),(342,2342),(349,2342),(351,2342),(53,2343),(60,2343),(104,2343),(131,2343),(191,2343),(200,2343),(312,2343),(320,2343),(349,2343),(414,2343),(415,2343),(191,2359),(296,2359),(320,2359),(349,2359),(354,2359),(361,2359),(373,2359),(118,2365),(240,2365),(251,2365),(264,2365),(270,2365),(275,2365),(296,2365),(327,2365),(414,2365),(415,2365),(238,2369),(251,2369),(275,2369),(296,2369),(322,2369),(58,2371),(296,2371),(322,2371),(325,2371),(414,2371),(415,2371),(251,2373),(291,2373),(296,2373),(414,2373),(415,2373),(21,2375),(121,2375),(228,2375),(251,2375),(296,2375),(352,2375),(414,2375),(415,2375),(121,2377),(221,2377),(244,2377),(250,2377),(251,2377),(260,2377),(275,2377),(279,2377),(291,2377),(296,2377),(343,2377),(352,2377),(376,2377),(414,2377),(415,2377),(414,2379),(415,2379),(104,2380),(264,2380),(327,2380),(414,2380),(415,2380),(414,2381),(415,2381),(345,2387),(414,2387),(415,2387),(321,2388),(327,2388),(414,2388),(415,2388),(58,2389),(327,2389),(414,2389),(415,2389),(414,2390),(415,2390),(327,2391),(414,2391),(415,2391),(183,2392),(322,2392),(325,2392),(368,2392),(414,2392),(415,2392),(104,2399),(414,2399),(415,2399),(322,2400),(414,2400),(415,2400),(251,2402),(275,2402),(296,2402),(414,2402),(415,2402),(373,2405),(414,2405),(415,2405),(321,2406),(325,2406),(390,2406),(414,2406),(415,2406),(414,2409),(415,2409),(296,2413),(228,2418),(233,2418),(241,2418),(251,2418),(252,2418),(266,2418),(275,2418),(282,2418),(296,2418),(37,2435),(58,2435),(296,2435),(314,2435),(315,2435),(327,2435),(373,2435),(374,2435),(414,2435),(415,2435),(133,2446),(164,2446),(228,2446),(235,2446),(242,2446),(243,2446),(248,2446),(251,2446),(267,2446),(272,2446),(275,2446),(276,2446),(278,2446),(296,2446),(403,2446),(296,2453),(327,2453),(373,2453),(414,2453),(415,2453),(36,2456),(37,2456),(46,2456),(58,2456),(220,2456),(296,2456),(327,2456),(373,2456),(224,2461),(225,2461),(233,2461),(234,2461),(237,2461),(238,2461),(240,2461),(250,2461),(251,2461),(252,2461),(253,2461),(256,2461),(266,2461),(275,2461),(276,2461),(279,2461),(282,2461),(293,2461),(46,2468),(58,2468),(237,2468),(238,2468),(251,2468),(252,2468),(275,2468),(296,2468),(327,2468),(373,2468),(267,2503),(285,2503),(299,2503),(396,2503),(299,2504),(311,2504),(395,2504),(396,2504),(397,2504),(403,2504),(40,2521),(66,2521),(67,2521),(12,2522),(67,2522),(251,2522),(261,2522),(269,2522),(275,2522),(327,2522),(296,2523),(296,2531),(67,2535),(414,2535),(415,2535),(67,2536),(393,2536),(59,2537),(393,2537),(77,2555),(59,2557),(216,2557),(392,2557),(43,2558),(59,2558),(80,2558),(327,2558),(59,2559),(216,2559),(38,2562),(59,2562),(37,2563),(38,2563),(59,2563),(251,2563),(329,2563),(59,2564),(241,2564),(251,2564),(277,2564),(414,2564),(415,2564),(59,2581),(67,2581),(229,2581),(251,2581),(259,2581),(293,2581),(295,2581),(296,2581),(315,2581),(390,2581),(391,2581),(392,2581),(414,2581),(415,2581),(222,2584),(228,2584),(251,2584),(252,2584),(255,2584),(256,2584),(263,2584),(269,2584),(275,2584),(281,2584),(283,2584),(285,2584),(289,2584),(296,2584),(362,2584),(414,2584),(415,2584),(222,2586),(225,2586),(248,2586),(251,2586),(252,2586),(256,2586),(262,2586),(265,2586),(266,2586),(276,2586),(278,2586),(282,2586),(294,2586),(296,2586),(362,2586),(222,2587),(225,2587),(226,2587),(227,2587),(229,2587),(232,2587),(235,2587),(240,2587),(244,2587),(248,2587),(251,2587),(254,2587),(255,2587),(262,2587),(263,2587),(264,2587),(265,2587),(267,2587),(271,2587),(274,2587),(275,2587),(281,2587),(282,2587),(283,2587),(289,2587),(296,2587),(406,2587),(222,2588),(234,2588),(242,2588),(243,2588),(250,2588),(251,2588),(252,2588),(255,2588),(256,2588),(262,2588),(263,2588),(266,2588),(268,2588),(269,2588),(275,2588),(279,2588),(285,2588),(286,2588),(289,2588),(295,2588),(296,2588),(362,2588),(296,2589),(296,2590),(221,2591),(222,2591),(225,2591),(234,2591),(235,2591),(240,2591),(241,2591),(245,2591),(248,2591),(251,2591),(259,2591),(262,2591),(265,2591),(266,2591),(267,2591),(269,2591),(271,2591),(272,2591),(275,2591),(276,2591),(278,2591),(281,2591),(286,2591),(291,2591),(296,2591),(362,2591),(221,2592),(223,2592),(234,2592),(239,2592),(240,2592),(248,2592),(251,2592),(256,2592),(262,2592),(265,2592),(266,2592),(275,2592),(276,2592),(277,2592),(280,2592),(294,2592),(296,2592),(296,2593),(222,2594),(234,2594),(240,2594),(241,2594),(243,2594),(249,2594),(251,2594),(252,2594),(256,2594),(259,2594),(265,2594),(266,2594),(269,2594),(272,2594),(274,2594),(277,2594),(284,2594),(287,2594),(290,2594),(295,2594),(296,2594),(225,2598),(228,2598),(234,2598),(243,2598),(251,2598),(257,2598),(266,2598),(269,2598),(271,2598),(275,2598),(284,2598),(296,2598),(225,2600),(237,2600),(239,2600),(251,2600),(256,2600),(261,2600),(269,2600),(270,2600),(275,2600),(276,2600),(277,2600),(278,2600),(282,2600),(296,2600),(221,2602),(238,2602),(240,2602),(251,2602),(252,2602),(259,2602),(266,2602),(268,2602),(271,2602),(275,2602),(281,2602),(283,2602),(284,2602),(289,2602),(296,2602),(414,2602),(415,2602),(221,2606),(222,2606),(223,2606),(227,2606),(233,2606),(245,2606),(249,2606),(250,2606),(251,2606),(252,2606),(253,2606),(257,2606),(264,2606),(265,2606),(266,2606),(267,2606),(269,2606),(273,2606),(274,2606),(275,2606),(276,2606),(278,2606),(281,2606),(284,2606),(285,2606),(296,2606),(221,2607),(223,2607),(227,2607),(232,2607),(240,2607),(250,2607),(251,2607),(252,2607),(253,2607),(255,2607),(266,2607),(267,2607),(274,2607),(275,2607),(278,2607),(279,2607),(280,2607),(285,2607),(287,2607),(36,2609),(37,2609),(38,2609),(221,2609),(225,2609),(229,2609),(240,2609),(243,2609),(245,2609),(251,2609),(252,2609),(255,2609),(256,2609),(259,2609),(266,2609),(267,2609),(271,2609),(274,2609),(275,2609),(276,2609),(278,2609),(281,2609),(289,2609),(292,2609),(296,2609),(392,2609),(36,2610),(37,2610),(228,2610),(239,2610),(243,2610),(246,2610),(251,2610),(256,2610),(265,2610),(266,2610),(267,2610),(271,2610),(274,2610),(275,2610),(278,2610),(279,2610),(285,2610),(289,2610),(291,2610),(296,2610),(376,2610),(36,2612),(37,2612),(38,2612),(217,2612),(228,2612),(251,2612),(252,2612),(296,2612),(384,2612),(386,2612),(391,2612),(392,2612),(36,2613),(37,2613),(38,2613),(220,2613),(224,2613),(228,2613),(241,2613),(245,2613),(247,2613),(251,2613),(252,2613),(256,2613),(259,2613),(266,2613),(275,2613),(276,2613),(277,2613),(278,2613),(280,2613),(285,2613),(292,2613),(296,2613),(327,2613),(36,2614),(37,2614),(38,2614),(275,2614),(296,2614),(223,2615),(228,2615),(229,2615),(231,2615),(234,2615),(235,2615),(236,2615),(238,2615),(239,2615),(240,2615),(241,2615),(245,2615),(247,2615),(250,2615),(251,2615),(252,2615),(255,2615),(261,2615),(262,2615),(263,2615),(266,2615),(270,2615),(271,2615),(272,2615),(275,2615),(276,2615),(277,2615),(278,2615),(281,2615),(295,2615),(296,2615),(38,2618),(221,2618),(228,2618),(238,2618),(239,2618),(240,2618),(243,2618),(244,2618),(245,2618),(246,2618),(248,2618),(251,2618),(252,2618),(255,2618),(256,2618),(260,2618),(265,2618),(266,2618),(267,2618),(268,2618),(269,2618),(271,2618),(274,2618),(275,2618),(276,2618),(278,2618),(279,2618),(281,2618),(289,2618),(291,2618),(296,2618),(104,2620),(221,2620),(222,2620),(242,2620),(243,2620),(251,2620),(256,2620),(261,2620),(271,2620),(272,2620),(275,2620),(276,2620),(282,2620),(289,2620),(296,2620),(244,2625),(251,2625),(252,2625),(256,2625),(260,2625),(275,2625),(278,2625),(281,2625),(283,2625),(296,2625),(223,2639),(225,2639),(250,2639),(251,2639),(252,2639),(255,2639),(262,2639),(263,2639),(264,2639),(266,2639),(267,2639),(268,2639),(269,2639),(271,2639),(272,2639),(275,2639),(281,2639),(288,2639),(296,2639),(225,2641),(227,2641),(229,2641),(237,2641),(241,2641),(242,2641),(243,2641),(248,2641),(251,2641),(252,2641),(253,2641),(255,2641),(256,2641),(257,2641),(259,2641),(264,2641),(265,2641),(266,2641),(267,2641),(269,2641),(270,2641),(271,2641),(272,2641),(275,2641),(276,2641),(278,2641),(279,2641),(282,2641),(284,2641),(285,2641),(286,2641),(289,2641),(292,2641),(293,2641),(295,2641),(296,2641),(221,2645),(223,2645),(225,2645),(228,2645),(229,2645),(234,2645),(237,2645),(238,2645),(243,2645),(245,2645),(248,2645),(251,2645),(252,2645),(253,2645),(255,2645),(256,2645),(257,2645),(259,2645),(262,2645),(266,2645),(272,2645),(274,2645),(275,2645),(276,2645),(277,2645),(278,2645),(279,2645),(280,2645),(284,2645),(285,2645),(292,2645),(296,2645),(221,2647),(237,2647),(248,2647),(251,2647),(252,2647),(253,2647),(255,2647),(256,2647),(259,2647),(275,2647),(283,2647),(284,2647),(296,2647),(221,2648),(229,2648),(232,2648),(233,2648),(237,2648),(238,2648),(240,2648),(241,2648),(243,2648),(245,2648),(248,2648),(250,2648),(251,2648),(252,2648),(254,2648),(255,2648),(256,2648),(257,2648),(259,2648),(262,2648),(266,2648),(267,2648),(269,2648),(271,2648),(274,2648),(275,2648),(276,2648),(278,2648),(281,2648),(282,2648),(284,2648),(285,2648),(292,2648),(296,2648),(3,2651),(217,2651),(228,2651),(238,2651),(239,2651),(243,2651),(246,2651),(251,2651),(252,2651),(256,2651),(257,2651),(267,2651),(275,2651),(277,2651),(278,2651),(279,2651),(285,2651),(289,2651),(296,2651),(40,2652),(87,2652),(88,2652),(90,2652),(91,2652),(92,2652),(93,2652),(94,2652),(95,2652),(96,2652),(97,2652),(98,2652),(99,2652),(100,2652),(101,2652),(102,2652),(103,2652),(105,2652),(106,2652),(229,2652),(251,2652),(256,2652),(262,2652),(266,2652),(269,2652),(272,2652),(283,2652),(288,2652),(296,2652),(221,2656),(222,2656),(227,2656),(237,2656),(238,2656),(248,2656),(250,2656),(251,2656),(252,2656),(253,2656),(255,2656),(256,2656),(259,2656),(261,2656),(262,2656),(270,2656),(274,2656),(275,2656),(276,2656),(277,2656),(278,2656),(279,2656),(283,2656),(284,2656),(288,2656),(292,2656),(293,2656),(294,2656),(296,2656),(221,2660),(229,2660),(236,2660),(240,2660),(243,2660),(245,2660),(251,2660),(252,2660),(256,2660),(259,2660),(261,2660),(266,2660),(275,2660),(276,2660),(279,2660),(281,2660),(296,2660),(223,2664),(225,2664),(226,2664),(230,2664),(232,2664),(234,2664),(237,2664),(241,2664),(248,2664),(251,2664),(255,2664),(259,2664),(262,2664),(265,2664),(266,2664),(267,2664),(268,2664),(269,2664),(275,2664),(285,2664),(287,2664),(296,2664),(296,2669),(191,2674),(221,2674),(222,2674),(224,2674),(228,2674),(234,2674),(236,2674),(239,2674),(240,2674),(242,2674),(243,2674),(245,2674),(251,2674),(252,2674),(256,2674),(257,2674),(259,2674),(261,2674),(265,2674),(266,2674),(271,2674),(274,2674),(275,2674),(276,2674),(278,2674),(279,2674),(281,2674),(282,2674),(284,2674),(287,2674),(295,2674),(296,2674),(37,2675),(221,2675),(227,2675),(228,2675),(230,2675),(234,2675),(240,2675),(241,2675),(243,2675),(244,2675),(248,2675),(250,2675),(251,2675),(252,2675),(255,2675),(256,2675),(261,2675),(262,2675),(264,2675),(266,2675),(267,2675),(269,2675),(270,2675),(275,2675),(276,2675),(277,2675),(278,2675),(279,2675),(282,2675),(284,2675),(285,2675),(286,2675),(289,2675),(292,2675),(293,2675),(294,2675),(295,2675),(296,2675),(225,2677),(227,2677),(232,2677),(235,2677),(237,2677),(238,2677),(251,2677),(255,2677),(263,2677),(265,2677),(266,2677),(270,2677),(275,2677),(280,2677),(282,2677),(283,2677),(284,2677),(289,2677),(296,2677),(40,2687),(223,2687),(227,2687),(232,2687),(237,2687),(240,2687),(243,2687),(245,2687),(251,2687),(252,2687),(253,2687),(255,2687),(256,2687),(259,2687),(261,2687),(266,2687),(269,2687),(270,2687),(275,2687),(276,2687),(277,2687),(278,2687),(279,2687),(285,2687),(292,2687),(296,2687),(305,2687),(327,2687),(225,2701),(227,2701),(228,2701),(231,2701),(240,2701),(245,2701),(248,2701),(251,2701),(254,2701),(256,2701),(257,2701),(267,2701),(272,2701),(275,2701),(276,2701),(277,2701),(278,2701),(280,2701),(282,2701),(296,2701),(3,2703),(36,2703),(37,2703),(153,2703),(217,2703),(240,2703),(243,2703),(251,2703),(252,2703),(269,2703),(275,2703),(276,2703),(278,2703),(296,2703),(232,2704),(234,2704),(240,2704),(241,2704),(248,2704),(251,2704),(256,2704),(265,2704),(269,2704),(275,2704),(276,2704),(278,2704),(284,2704),(287,2704),(296,2704),(221,2705),(222,2705),(232,2705),(234,2705),(238,2705),(245,2705),(246,2705),(248,2705),(251,2705),(252,2705),(259,2705),(261,2705),(263,2705),(264,2705),(267,2705),(269,2705),(275,2705),(277,2705),(278,2705),(279,2705),(281,2705),(282,2705),(284,2705),(294,2705),(296,2705),(58,2715),(104,2715),(226,2715),(228,2715),(229,2715),(230,2715),(237,2715),(243,2715),(247,2715),(251,2715),(262,2715),(271,2715),(275,2715),(276,2715),(277,2715),(278,2715),(279,2715),(281,2715),(283,2715),(295,2715),(296,2715),(58,2718),(226,2718),(232,2718),(244,2718),(250,2718),(251,2718),(255,2718),(271,2718),(275,2718),(276,2718),(277,2718),(278,2718),(279,2718),(280,2718),(283,2718),(284,2718),(289,2718),(292,2718),(295,2718),(296,2718),(223,2724),(238,2724),(251,2724),(252,2724),(263,2724),(266,2724),(275,2724),(277,2724),(283,2724),(284,2724),(290,2724),(293,2724),(296,2724),(373,2724),(104,2727),(223,2727),(234,2727),(241,2727),(243,2727),(248,2727),(251,2727),(252,2727),(255,2727),(256,2727),(259,2727),(266,2727),(275,2727),(277,2727),(278,2727),(281,2727),(286,2727),(287,2727),(292,2727),(296,2727),(37,2728),(38,2728),(224,2728),(228,2728),(243,2728),(245,2728),(248,2728),(251,2728),(252,2728),(257,2728),(266,2728),(275,2728),(277,2728),(278,2728),(296,2728),(3,2732),(12,2732),(221,2732),(225,2732),(228,2732),(240,2732),(243,2732),(251,2732),(252,2732),(256,2732),(270,2732),(274,2732),(275,2732),(277,2732),(278,2732),(281,2732),(294,2732),(296,2732),(414,2732),(415,2732),(221,2735),(222,2735),(228,2735),(229,2735),(234,2735),(236,2735),(237,2735),(238,2735),(240,2735),(242,2735),(247,2735),(248,2735),(251,2735),(266,2735),(275,2735),(277,2735),(278,2735),(282,2735),(283,2735),(285,2735),(286,2735),(287,2735),(292,2735),(296,2735),(414,2735),(415,2735),(222,2743),(229,2743),(230,2743),(241,2743),(242,2743),(247,2743),(248,2743),(251,2743),(256,2743),(266,2743),(269,2743),(275,2743),(276,2743),(278,2743),(293,2743),(296,2743),(327,2743),(233,2747),(248,2747),(251,2747),(254,2747),(266,2747),(269,2747),(271,2747),(275,2747),(276,2747),(278,2747),(296,2747),(217,2757),(241,2757),(242,2757),(247,2757),(248,2757),(251,2757),(255,2757),(257,2757),(259,2757),(261,2757),(262,2757),(264,2757),(266,2757),(267,2757),(269,2757),(271,2757),(275,2757),(276,2757),(278,2757),(280,2757),(282,2757),(286,2757),(291,2757),(292,2757),(296,2757),(3,2760),(87,2760),(88,2760),(90,2760),(91,2760),(92,2760),(93,2760),(94,2760),(95,2760),(96,2760),(97,2760),(98,2760),(99,2760),(100,2760),(101,2760),(102,2760),(103,2760),(105,2760),(106,2760),(133,2760),(209,2760),(217,2760),(228,2760),(275,2760),(289,2760),(296,2760),(221,2762),(222,2762),(232,2762),(234,2762),(235,2762),(238,2762),(241,2762),(242,2762),(245,2762),(247,2762),(248,2762),(251,2762),(252,2762),(253,2762),(255,2762),(256,2762),(259,2762),(265,2762),(269,2762),(270,2762),(271,2762),(275,2762),(276,2762),(278,2762),(281,2762),(286,2762),(289,2762),(292,2762),(293,2762),(296,2762),(223,2765),(225,2765),(226,2765),(233,2765),(234,2765),(237,2765),(240,2765),(248,2765),(251,2765),(252,2765),(255,2765),(256,2765),(257,2765),(266,2765),(267,2765),(272,2765),(275,2765),(276,2765),(277,2765),(278,2765),(281,2765),(282,2765),(283,2765),(284,2765),(287,2765),(296,2765),(296,2772),(46,2774),(198,2774),(221,2774),(222,2774),(223,2774),(224,2774),(234,2774),(240,2774),(245,2774),(248,2774),(251,2774),(256,2774),(264,2774),(266,2774),(268,2774),(275,2774),(276,2774),(278,2774),(282,2774),(283,2774),(284,2774),(285,2774),(296,2774),(414,2774),(415,2774),(241,2785),(243,2785),(251,2785),(255,2785),(257,2785),(267,2785),(271,2785),(275,2785),(296,2785),(362,2785),(217,2788),(221,2788),(225,2788),(251,2788),(252,2788),(255,2788),(262,2788),(264,2788),(266,2788),(267,2788),(269,2788),(272,2788),(274,2788),(275,2788),(277,2788),(278,2788),(284,2788),(296,2788),(226,2797),(243,2797),(245,2797),(251,2797),(252,2797),(254,2797),(277,2797),(278,2797),(279,2797),(284,2797),(296,2797),(226,2800),(230,2800),(241,2800),(245,2800),(251,2800),(252,2800),(257,2800),(261,2800),(270,2800),(271,2800),(275,2800),(276,2800),(277,2800),(278,2800),(296,2800),(238,2804),(251,2804),(256,2804),(257,2804),(269,2804),(275,2804),(282,2804),(296,2804),(315,2804),(327,2804),(221,2807),(246,2807),(251,2807),(255,2807),(260,2807),(261,2807),(272,2807),(275,2807),(278,2807),(281,2807),(283,2807),(285,2807),(296,2807),(221,2810),(229,2810),(242,2810),(247,2810),(248,2810),(251,2810),(252,2810),(253,2810),(255,2810),(256,2810),(259,2810),(264,2810),(265,2810),(270,2810),(271,2810),(275,2810),(277,2810),(278,2810),(279,2810),(281,2810),(282,2810),(283,2810),(285,2810),(292,2810),(296,2810),(396,2810),(53,2811),(221,2811),(228,2811),(229,2811),(237,2811),(238,2811),(240,2811),(241,2811),(243,2811),(247,2811),(249,2811),(250,2811),(251,2811),(254,2811),(255,2811),(259,2811),(262,2811),(265,2811),(266,2811),(267,2811),(275,2811),(277,2811),(278,2811),(279,2811),(281,2811),(282,2811),(284,2811),(285,2811),(289,2811),(292,2811),(294,2811),(296,2811),(238,2824),(251,2824),(255,2824),(275,2824),(296,2824),(362,2824),(414,2824),(415,2824),(228,2825),(245,2825),(246,2825),(249,2825),(251,2825),(256,2825),(266,2825),(273,2825),(275,2825),(296,2825),(414,2825),(415,2825),(251,2827),(255,2827),(275,2827),(276,2827),(281,2827),(296,2827),(362,2827),(222,2835),(225,2835),(232,2835),(234,2835),(241,2835),(251,2835),(252,2835),(254,2835),(257,2835),(261,2835),(264,2835),(269,2835),(273,2835),(275,2835),(276,2835),(277,2835),(278,2835),(282,2835),(292,2835),(296,2835),(221,2838),(227,2838),(228,2838),(238,2838),(245,2838),(248,2838),(251,2838),(256,2838),(262,2838),(266,2838),(267,2838),(269,2838),(271,2838),(273,2838),(275,2838),(278,2838),(279,2838),(291,2838),(296,2838),(37,2847),(59,2847),(104,2847),(221,2847),(222,2847),(225,2847),(234,2847),(238,2847),(240,2847),(243,2847),(251,2847),(267,2847),(274,2847),(275,2847),(276,2847),(277,2847),(281,2847),(286,2847),(295,2847),(296,2847),(53,2849),(237,2849),(243,2849),(245,2849),(247,2849),(251,2849),(252,2849),(255,2849),(256,2849),(257,2849),(275,2849),(277,2849),(279,2849),(296,2849),(228,2850),(234,2850),(248,2850),(251,2850),(266,2850),(275,2850),(278,2850),(282,2850),(290,2850),(296,2850),(312,2850),(53,2861),(194,2861),(251,2861),(266,2861),(275,2861),(296,2861),(312,2861),(372,2861),(227,2869),(230,2869),(238,2869),(242,2869),(249,2869),(250,2869),(251,2869),(257,2869),(259,2869),(263,2869),(267,2869),(268,2869),(275,2869),(276,2869),(277,2869),(278,2869),(279,2869),(280,2869),(284,2869),(290,2869),(292,2869),(296,2869),(233,2895),(238,2895),(244,2895),(245,2895),(247,2895),(251,2895),(252,2895),(259,2895),(266,2895),(275,2895),(276,2895),(278,2895),(281,2895),(283,2895),(286,2895),(296,2895),(235,2927),(251,2927),(271,2927),(275,2927),(296,2927),(221,2928),(222,2928),(225,2928),(227,2928),(232,2928),(240,2928),(251,2928),(255,2928),(259,2928),(260,2928),(261,2928),(263,2928),(267,2928),(269,2928),(270,2928),(271,2928),(275,2928),(278,2928),(281,2928),(285,2928),(294,2928),(295,2928),(296,2928),(373,2928),(230,2931),(232,2931),(242,2931),(243,2931),(245,2931),(251,2931),(257,2931),(267,2931),(271,2931),(275,2931),(287,2931),(296,2931),(327,2931),(222,2932),(232,2932),(237,2932),(240,2932),(241,2932),(243,2932),(251,2932),(254,2932),(255,2932),(259,2932),(265,2932),(266,2932),(269,2932),(272,2932),(275,2932),(276,2932),(278,2932),(281,2932),(285,2932),(295,2932),(296,2932),(327,2932),(229,2936),(237,2936),(243,2936),(251,2936),(252,2936),(255,2936),(257,2936),(262,2936),(268,2936),(269,2936),(270,2936),(271,2936),(272,2936),(275,2936),(277,2936),(284,2936),(293,2936),(294,2936),(296,2936),(231,2961),(242,2961),(251,2961),(274,2961),(275,2961),(279,2961),(296,2961),(221,2963),(228,2963),(232,2963),(237,2963),(247,2963),(248,2963),(251,2963),(252,2963),(255,2963),(256,2963),(266,2963),(267,2963),(275,2963),(276,2963),(277,2963),(281,2963),(284,2963),(285,2963),(296,2963),(53,2986),(223,2986),(224,2986),(228,2986),(236,2986),(238,2986),(240,2986),(242,2986),(248,2986),(251,2986),(252,2986),(255,2986),(257,2986),(259,2986),(260,2986),(264,2986),(266,2986),(269,2986),(275,2986),(279,2986),(281,2986),(292,2986),(296,2986),(133,3004),(235,3004),(241,3004),(243,3004),(245,3004),(248,3004),(266,3004),(271,3004),(275,3004),(277,3004),(296,3004),(12,3018),(247,3018),(248,3018),(251,3018),(252,3018),(255,3018),(259,3018),(260,3018),(271,3018),(275,3018),(282,3018),(296,3018),(235,3020),(251,3020),(252,3020),(257,3020),(266,3020),(275,3020),(296,3020),(311,3020),(396,3020),(228,3033),(244,3033),(251,3033),(275,3033),(296,3033),(12,3044),(251,3044),(254,3044),(255,3044),(257,3044),(264,3044),(267,3044),(268,3044),(269,3044),(275,3044),(276,3044),(278,3044),(281,3044),(286,3044),(295,3044),(296,3044),(223,3064),(248,3064),(251,3064),(266,3064),(275,3064),(296,3064),(53,3093),(228,3093),(234,3093),(235,3093),(238,3093),(243,3093),(247,3093),(248,3093),(249,3093),(251,3093),(252,3093),(255,3093),(256,3093),(259,3093),(265,3093),(266,3093),(271,3093),(272,3093),(275,3093),(276,3093),(278,3093),(279,3093),(284,3093),(285,3093),(289,3093),(296,3093),(231,3094),(248,3094),(251,3094),(253,3094),(262,3094),(275,3094),(296,3094),(311,3094),(327,3094),(396,3094),(12,3110),(40,3110),(180,3110),(181,3110),(237,3110),(251,3110),(252,3110),(259,3110),(275,3110),(277,3110),(284,3110),(40,3111),(181,3111),(237,3111),(296,3111),(40,3113),(104,3113),(181,3113),(237,3113),(272,3113),(296,3113),(221,3125),(225,3125),(227,3125),(229,3125),(243,3125),(246,3125),(248,3125),(251,3125),(263,3125),(265,3125),(267,3125),(271,3125),(275,3125),(277,3125),(278,3125),(279,3125),(280,3125),(281,3125),(282,3125),(289,3125),(296,3125),(30,3126),(222,3126),(227,3126),(229,3126),(234,3126),(241,3126),(243,3126),(245,3126),(248,3126),(251,3126),(254,3126),(255,3126),(257,3126),(262,3126),(264,3126),(266,3126),(267,3126),(269,3126),(270,3126),(271,3126),(275,3126),(276,3126),(278,3126),(279,3126),(282,3126),(285,3126),(287,3126),(294,3126),(296,3126),(414,3126),(415,3126),(30,3128),(222,3128),(227,3128),(251,3128),(259,3128),(277,3128),(296,3128),(12,3129),(30,3129),(56,3129),(221,3129),(234,3129),(235,3129),(238,3129),(239,3129),(245,3129),(248,3129),(251,3129),(252,3129),(255,3129),(258,3129),(259,3129),(260,3129),(264,3129),(266,3129),(270,3129),(271,3129),(275,3129),(276,3129),(282,3129),(286,3129),(292,3129),(295,3129),(296,3129),(242,3136),(248,3136),(251,3136),(256,3136),(260,3136),(271,3136),(275,3136),(287,3136),(292,3136),(296,3136),(305,3136),(224,3142),(228,3142),(231,3142),(239,3142),(242,3142),(248,3142),(251,3142),(260,3142),(275,3142),(290,3142),(296,3142),(305,3142),(198,3143),(245,3143),(251,3143),(266,3143),(296,3143),(305,3143),(327,3143),(227,3145),(231,3145),(237,3145),(243,3145),(251,3145),(273,3145),(275,3145),(276,3145),(278,3145),(281,3145),(287,3145),(289,3145),(296,3145),(362,3145),(212,3147),(217,3147),(228,3147),(243,3147),(247,3147),(251,3147),(257,3147),(266,3147),(267,3147),(271,3147),(272,3147),(275,3147),(295,3147),(296,3147),(373,3147),(391,3147),(404,3147),(30,3154),(251,3154),(266,3154),(274,3154),(275,3154),(276,3154),(279,3154),(296,3154),(383,3154),(30,3161),(222,3161),(226,3161),(231,3161),(234,3161),(243,3161),(250,3161),(251,3161),(252,3161),(255,3161),(257,3161),(265,3161),(268,3161),(292,3161),(296,3161),(296,3169),(12,3183),(13,3183),(38,3183),(220,3183),(296,3183),(12,3185),(13,3185),(275,3185),(296,3185),(12,3187),(13,3187),(46,3187),(56,3187),(221,3187),(282,3187),(296,3187),(327,3187),(12,3189),(13,3189),(296,3189),(12,3207),(58,3207),(226,3207),(257,3207),(276,3207),(286,3207),(296,3207),(327,3207),(12,3212),(46,3212),(240,3212),(241,3212),(250,3212),(251,3212),(275,3212),(296,3212),(12,3228),(30,3228),(38,3228),(41,3228),(87,3228),(88,3228),(90,3228),(91,3228),(92,3228),(93,3228),(94,3228),(95,3228),(96,3228),(97,3228),(98,3228),(99,3228),(100,3228),(101,3228),(102,3228),(103,3228),(105,3228),(106,3228),(116,3228),(117,3228),(133,3228),(164,3228),(170,3228),(172,3228),(275,3228),(296,3228),(367,3228),(373,3228),(12,3257),(191,3257),(198,3257),(275,3257),(327,3257),(46,3275),(280,3275),(288,3275),(296,3275),(30,3330),(121,3330),(133,3330),(273,3330),(296,3330),(352,3330),(37,3340),(226,3340),(296,3340),(372,3340),(390,3340),(391,3340),(392,3340),(21,3344),(36,3344),(37,3344),(38,3344),(53,3344),(121,3344),(390,3344),(391,3344),(392,3344),(36,3345),(37,3345),(38,3345),(251,3345),(275,3345),(277,3345),(296,3345),(390,3345),(391,3345),(392,3345),(3,3346),(36,3346),(37,3346),(38,3346),(275,3346),(296,3346),(376,3346),(4,3348),(251,3348),(275,3348),(296,3348),(343,3348),(12,3359),(36,3359),(37,3359),(38,3359),(53,3359),(104,3359),(296,3359),(30,3360),(251,3360),(275,3360),(296,3360),(30,3361),(251,3361),(262,3361),(275,3361),(278,3361),(296,3361),(367,3361),(30,3362),(296,3362),(30,3363),(104,3363),(296,3363),(384,3363),(386,3363),(30,3366),(31,3366),(296,3366),(342,3366),(384,3366),(386,3366),(30,3367),(104,3367),(251,3367),(275,3367),(296,3367),(53,3369),(104,3369),(190,3369),(251,3369),(275,3369),(277,3369),(296,3369),(305,3369),(383,3369),(296,3370),(53,3371),(104,3371),(107,3371),(110,3371),(328,3371),(402,3371),(53,3372),(60,3372),(87,3372),(88,3372),(90,3372),(91,3372),(92,3372),(93,3372),(94,3372),(95,3372),(96,3372),(97,3372),(98,3372),(99,3372),(100,3372),(101,3372),(102,3372),(103,3372),(104,3372),(105,3372),(106,3372),(131,3372),(180,3372),(190,3372),(251,3372),(275,3372),(296,3372),(312,3372),(322,3372),(325,3372),(333,3372),(394,3372),(414,3372),(415,3372),(13,3374),(52,3374),(53,3374),(104,3374),(107,3374),(133,3374),(190,3374),(209,3374),(311,3374),(373,3374),(68,3375),(203,3375),(104,3376),(156,3376),(157,3376),(197,3376),(345,3376),(104,3382),(107,3382),(157,3382),(162,3382),(163,3382),(345,3382),(48,3384),(71,3384),(72,3384),(104,3384),(400,3384),(48,3385),(104,3385),(107,3385),(400,3385),(405,3385),(104,3386),(107,3386),(202,3386),(310,3386),(47,3391),(104,3391),(107,3391),(127,3391),(401,3391),(402,3391),(11,3392),(50,3392),(71,3392),(104,3392),(107,3392),(110,3392),(163,3392),(190,3392),(202,3392),(298,3392),(344,3392),(414,3392),(415,3392),(104,3393),(107,3393),(190,3393),(344,3393),(104,3394),(133,3394),(190,3394),(251,3394),(257,3394),(275,3394),(277,3394),(285,3394),(287,3394),(296,3394),(414,3394),(415,3394),(12,3398),(13,3398),(58,3398),(87,3398),(88,3398),(90,3398),(91,3398),(92,3398),(93,3398),(94,3398),(95,3398),(96,3398),(97,3398),(98,3398),(99,3398),(100,3398),(101,3398),(102,3398),(103,3398),(104,3398),(105,3398),(106,3398),(190,3398),(199,3398),(251,3398),(276,3398),(278,3398),(296,3398),(377,3398),(104,3402),(133,3402),(190,3402),(251,3402),(259,3402),(275,3402),(296,3402),(312,3402),(67,3404),(87,3404),(88,3404),(90,3404),(91,3404),(92,3404),(93,3404),(94,3404),(95,3404),(96,3404),(97,3404),(98,3404),(99,3404),(100,3404),(101,3404),(102,3404),(103,3404),(104,3404),(105,3404),(106,3404),(198,3404),(394,3404),(414,3404),(415,3404),(13,3405),(40,3405),(46,3405),(87,3405),(88,3405),(90,3405),(91,3405),(92,3405),(93,3405),(94,3405),(95,3405),(96,3405),(97,3405),(98,3405),(99,3405),(100,3405),(101,3405),(102,3405),(103,3405),(104,3405),(105,3405),(106,3405),(117,3405),(131,3405),(190,3405),(198,3405),(199,3405),(215,3405),(251,3405),(296,3405),(312,3405),(367,3405),(414,3405),(415,3405),(58,3410),(104,3410),(216,3410),(251,3410),(296,3410),(377,3410),(414,3410),(415,3410),(46,3415),(87,3415),(88,3415),(90,3415),(91,3415),(92,3415),(93,3415),(94,3415),(95,3415),(96,3415),(97,3415),(98,3415),(99,3415),(100,3415),(101,3415),(102,3415),(103,3415),(104,3415),(105,3415),(106,3415),(117,3415),(322,3415),(414,3415),(415,3415),(40,3433),(87,3433),(88,3433),(90,3433),(91,3433),(92,3433),(93,3433),(94,3433),(95,3433),(96,3433),(97,3433),(98,3433),(99,3433),(100,3433),(101,3433),(102,3433),(103,3433),(104,3433),(105,3433),(106,3433),(180,3433),(181,3433),(237,3433),(251,3433),(275,3433),(296,3433),(86,3446),(104,3446),(321,3446),(376,3446),(414,3446),(415,3446),(104,3447),(190,3447),(223,3447),(245,3447),(247,3447),(251,3447),(255,3447),(256,3447),(259,3447),(261,3447),(266,3447),(267,3447),(275,3447),(276,3447),(278,3447),(296,3447),(350,3447),(352,3447),(414,3447),(415,3447),(44,3448),(46,3448),(59,3448),(104,3448),(216,3448),(296,3448),(87,3461),(88,3461),(90,3461),(91,3461),(92,3461),(93,3461),(94,3461),(95,3461),(96,3461),(97,3461),(98,3461),(99,3461),(100,3461),(101,3461),(102,3461),(103,3461),(104,3461),(105,3461),(106,3461),(251,3461),(277,3461),(350,3461),(58,3462),(104,3462),(190,3462),(345,3462),(414,3462),(415,3462),(60,3465),(87,3465),(88,3465),(90,3465),(91,3465),(92,3465),(93,3465),(94,3465),(95,3465),(96,3465),(97,3465),(98,3465),(99,3465),(100,3465),(101,3465),(102,3465),(103,3465),(104,3465),(105,3465),(106,3465),(190,3465),(251,3465),(280,3465),(313,3465),(315,3465),(327,3465),(352,3465),(373,3465),(397,3465),(414,3465),(415,3465),(104,3473),(190,3473),(217,3473),(251,3473),(275,3473),(276,3473),(277,3473),(284,3473),(296,3473),(104,3474),(190,3474),(217,3474),(248,3474),(251,3474),(265,3474),(266,3474),(275,3474),(277,3474),(278,3474),(296,3474),(350,3474),(208,3475),(296,3475),(53,3476),(104,3476),(190,3476),(251,3476),(275,3476),(296,3476),(312,3476),(12,3478),(13,3478),(104,3478),(190,3478),(243,3478),(251,3478),(275,3478),(296,3478),(312,3478),(104,3480),(190,3480),(251,3480),(275,3480),(296,3480),(312,3480),(58,3486),(104,3486),(190,3486),(217,3486),(251,3486),(266,3486),(275,3486),(278,3486),(296,3486),(350,3486),(3,3488),(104,3488),(107,3488),(113,3488),(190,3488),(251,3488),(275,3488),(296,3488),(394,3488),(414,3488),(415,3488),(104,3490),(190,3490),(203,3490),(217,3490),(251,3490),(269,3490),(296,3490),(87,3491),(88,3491),(90,3491),(91,3491),(92,3491),(93,3491),(94,3491),(95,3491),(96,3491),(97,3491),(98,3491),(99,3491),(100,3491),(101,3491),(102,3491),(103,3491),(104,3491),(105,3491),(106,3491),(107,3491),(190,3491),(104,3493),(107,3493),(87,3495),(88,3495),(90,3495),(91,3495),(92,3495),(93,3495),(94,3495),(95,3495),(96,3495),(97,3495),(98,3495),(99,3495),(100,3495),(101,3495),(102,3495),(103,3495),(105,3495),(106,3495),(209,3495),(87,3496),(88,3496),(90,3496),(91,3496),(92,3496),(93,3496),(94,3496),(95,3496),(96,3496),(97,3496),(98,3496),(99,3496),(100,3496),(101,3496),(102,3496),(103,3496),(105,3496),(106,3496),(170,3496),(171,3496),(172,3496),(373,3496),(377,3496),(74,3497),(87,3497),(88,3497),(90,3497),(91,3497),(92,3497),(93,3497),(94,3497),(95,3497),(96,3497),(97,3497),(98,3497),(99,3497),(100,3497),(101,3497),(102,3497),(103,3497),(105,3497),(106,3497),(160,3497),(170,3497),(171,3497),(172,3497),(301,3497),(370,3497),(13,3498),(38,3498),(87,3498),(88,3498),(90,3498),(91,3498),(92,3498),(93,3498),(94,3498),(95,3498),(96,3498),(97,3498),(98,3498),(99,3498),(100,3498),(101,3498),(102,3498),(103,3498),(104,3498),(105,3498),(106,3498),(172,3498),(350,3498),(377,3498),(13,3501),(52,3501),(87,3501),(88,3501),(89,3501),(90,3501),(91,3501),(92,3501),(93,3501),(94,3501),(95,3501),(96,3501),(97,3501),(98,3501),(99,3501),(100,3501),(101,3501),(102,3501),(103,3501),(104,3501),(105,3501),(106,3501),(133,3501),(172,3501),(208,3501),(350,3501),(374,3501),(37,3505),(38,3505),(52,3505),(87,3505),(88,3505),(90,3505),(91,3505),(92,3505),(93,3505),(94,3505),(95,3505),(96,3505),(97,3505),(98,3505),(99,3505),(100,3505),(101,3505),(102,3505),(103,3505),(104,3505),(105,3505),(106,3505),(216,3505),(217,3505),(296,3505),(350,3505),(311,3506),(326,3506),(40,3511),(104,3511),(181,3511),(198,3511),(13,3514),(87,3514),(88,3514),(90,3514),(91,3514),(92,3514),(93,3514),(94,3514),(95,3514),(96,3514),(97,3514),(98,3514),(99,3514),(100,3514),(101,3514),(102,3514),(103,3514),(105,3514),(106,3514),(108,3514),(172,3514),(204,3514),(296,3514),(312,3514),(87,3520),(88,3520),(90,3520),(91,3520),(92,3520),(93,3520),(94,3520),(95,3520),(96,3520),(97,3520),(98,3520),(99,3520),(100,3520),(101,3520),(102,3520),(103,3520),(104,3520),(105,3520),(106,3520),(107,3520),(133,3520),(296,3520),(394,3520),(11,3526),(53,3526),(87,3526),(88,3526),(90,3526),(91,3526),(92,3526),(93,3526),(94,3526),(95,3526),(96,3526),(97,3526),(98,3526),(99,3526),(100,3526),(101,3526),(102,3526),(103,3526),(104,3526),(105,3526),(106,3526),(131,3526),(170,3526),(181,3526),(296,3526),(312,3526),(367,3526),(373,3526),(394,3526),(414,3526),(415,3526),(76,3533),(87,3533),(88,3533),(90,3533),(91,3533),(92,3533),(93,3533),(94,3533),(95,3533),(96,3533),(97,3533),(98,3533),(99,3533),(100,3533),(101,3533),(102,3533),(103,3533),(104,3533),(105,3533),(106,3533),(156,3533),(163,3533),(172,3533),(187,3533),(350,3533),(11,3534),(13,3534),(53,3534),(87,3534),(88,3534),(89,3534),(90,3534),(91,3534),(92,3534),(93,3534),(94,3534),(95,3534),(96,3534),(97,3534),(98,3534),(99,3534),(100,3534),(101,3534),(102,3534),(103,3534),(104,3534),(105,3534),(106,3534),(107,3534),(110,3534),(107,3535),(116,3535),(296,3535),(133,3536),(271,3536),(275,3536),(296,3536),(312,3536),(40,3538),(180,3538),(181,3538),(237,3538),(256,3538),(265,3538),(275,3538),(276,3538),(296,3538),(15,3557),(185,3557),(187,3557),(382,3557),(187,3561),(355,3561),(357,3561),(358,3561),(55,3562),(187,3562),(355,3562),(357,3562),(358,3562),(375,3562),(35,3565),(356,3565),(187,3566),(356,3566),(383,3566),(296,3569),(4,3570),(53,3570),(296,3570),(321,3570),(343,3570),(383,3570),(13,3571),(87,3571),(88,3571),(90,3571),(91,3571),(92,3571),(93,3571),(94,3571),(95,3571),(96,3571),(97,3571),(98,3571),(99,3571),(100,3571),(101,3571),(102,3571),(103,3571),(105,3571),(106,3571),(107,3571),(133,3571),(171,3571),(209,3571),(296,3571),(321,3571),(322,3571),(384,3571),(386,3571),(414,3571),(415,3571),(134,3578),(136,3578),(137,3578),(140,3578),(141,3578),(147,3578),(174,3578),(176,3578),(211,3578),(218,3578),(296,3578),(134,3585),(136,3585),(137,3585),(140,3585),(146,3585),(147,3585),(176,3585),(183,3585),(211,3585),(296,3585),(378,3588),(379,3588),(380,3588),(381,3588),(189,3591),(378,3591),(379,3591),(380,3591),(381,3591),(15,3594),(53,3594),(65,3594),(133,3594),(165,3594),(363,3594),(378,3594),(379,3594),(381,3594),(383,3594),(27,3600),(53,3600),(64,3600),(113,3600),(174,3600),(203,3600),(251,3600),(275,3600),(296,3600),(342,3600),(390,3600),(414,3600),(415,3600),(53,3607),(54,3607),(122,3607),(207,3607),(333,3607),(342,3607),(354,3607),(296,3608),(53,3609),(87,3609),(88,3609),(90,3609),(91,3609),(92,3609),(93,3609),(94,3609),(95,3609),(96,3609),(97,3609),(98,3609),(99,3609),(100,3609),(101,3609),(102,3609),(103,3609),(105,3609),(106,3609),(133,3609),(251,3609),(275,3609),(296,3609),(372,3609),(296,3610),(53,3611),(87,3611),(88,3611),(90,3611),(91,3611),(92,3611),(93,3611),(94,3611),(95,3611),(96,3611),(97,3611),(98,3611),(99,3611),(100,3611),(101,3611),(102,3611),(103,3611),(105,3611),(106,3611),(133,3611),(251,3611),(290,3611),(296,3611),(312,3611),(326,3611),(342,3611),(372,3611),(376,3611),(35,3614),(1,3618),(2,3618),(3,3618),(4,3618),(5,3618),(6,3618),(7,3618),(8,3618),(9,3618),(10,3618),(11,3618),(12,3618),(13,3618),(14,3618),(15,3618),(16,3618),(17,3618),(18,3618),(19,3618),(20,3618),(21,3618),(22,3618),(23,3618),(24,3618),(25,3618),(26,3618),(27,3618),(28,3618),(29,3618),(30,3618),(31,3618),(32,3618),(33,3618),(34,3618),(35,3618),(36,3618),(37,3618),(38,3618),(39,3618),(40,3618),(41,3618),(42,3618),(43,3618),(44,3618),(45,3618),(46,3618),(47,3618),(48,3618),(49,3618),(50,3618),(51,3618),(52,3618),(53,3618),(54,3618),(55,3618),(56,3618),(57,3618),(58,3618),(59,3618),(60,3618),(61,3618),(62,3618),(63,3618),(64,3618),(65,3618),(66,3618),(67,3618),(68,3618),(69,3618),(70,3618),(71,3618),(72,3618),(73,3618),(74,3618),(75,3618),(76,3618),(77,3618),(78,3618),(80,3618),(81,3618),(82,3618),(83,3618),(84,3618),(85,3618),(86,3618),(87,3618),(88,3618),(89,3618),(90,3618),(91,3618),(92,3618),(93,3618),(94,3618),(95,3618),(96,3618),(97,3618),(98,3618),(99,3618),(100,3618),(101,3618),(102,3618),(103,3618),(104,3618),(105,3618),(106,3618),(107,3618),(108,3618),(109,3618),(110,3618),(111,3618),(112,3618),(113,3618),(114,3618),(115,3618),(116,3618),(117,3618),(118,3618),(119,3618),(120,3618),(121,3618),(122,3618),(123,3618),(124,3618),(125,3618),(126,3618),(127,3618),(128,3618),(129,3618),(130,3618),(131,3618),(132,3618),(133,3618),(134,3618),(135,3618),(136,3618),(137,3618),(138,3618),(139,3618),(140,3618),(141,3618),(142,3618),(143,3618),(144,3618),(145,3618),(146,3618),(147,3618),(148,3618),(149,3618),(150,3618),(151,3618),(152,3618),(153,3618),(154,3618),(155,3618),(156,3618),(157,3618),(158,3618),(159,3618),(160,3618),(161,3618),(162,3618),(163,3618),(164,3618),(165,3618),(166,3618),(167,3618),(168,3618),(169,3618),(170,3618),(171,3618),(172,3618),(173,3618),(174,3618),(175,3618),(176,3618),(177,3618),(178,3618),(179,3618),(180,3618),(181,3618),(182,3618),(183,3618),(184,3618),(185,3618),(186,3618),(187,3618),(188,3618),(189,3618),(190,3618),(191,3618),(192,3618),(193,3618),(194,3618),(195,3618),(196,3618),(197,3618),(198,3618),(199,3618),(200,3618),(201,3618),(202,3618),(203,3618),(204,3618),(205,3618),(206,3618),(207,3618),(208,3618),(209,3618),(210,3618),(211,3618),(212,3618),(213,3618),(214,3618),(215,3618),(216,3618),(217,3618),(218,3618),(219,3618),(220,3618),(221,3618),(222,3618),(223,3618),(224,3618),(225,3618),(226,3618),(227,3618),(228,3618),(229,3618),(230,3618),(231,3618),(232,3618),(233,3618),(234,3618),(235,3618),(236,3618),(237,3618),(238,3618),(239,3618),(240,3618),(241,3618),(242,3618),(243,3618),(244,3618),(245,3618),(246,3618),(247,3618),(248,3618),(249,3618),(250,3618),(251,3618),(252,3618),(253,3618),(254,3618),(255,3618),(256,3618),(257,3618),(258,3618),(259,3618),(260,3618),(261,3618),(262,3618),(263,3618),(264,3618),(265,3618),(266,3618),(267,3618),(268,3618),(269,3618),(270,3618),(271,3618),(272,3618),(273,3618),(274,3618),(275,3618),(276,3618),(277,3618),(278,3618),(279,3618),(280,3618),(281,3618),(282,3618),(283,3618),(284,3618),(285,3618),(286,3618),(287,3618),(288,3618),(289,3618),(290,3618),(291,3618),(292,3618),(293,3618),(294,3618),(295,3618),(296,3618),(297,3618),(298,3618),(299,3618),(300,3618),(301,3618),(302,3618),(303,3618),(304,3618),(305,3618),(306,3618),(307,3618),(308,3618),(309,3618),(310,3618),(311,3618),(312,3618),(313,3618),(314,3618),(315,3618),(316,3618),(317,3618),(318,3618),(319,3618),(320,3618),(321,3618),(322,3618),(323,3618),(324,3618),(325,3618),(326,3618),(327,3618),(328,3618),(329,3618),(330,3618),(331,3618),(332,3618),(333,3618),(334,3618),(335,3618),(336,3618),(341,3618),(342,3618),(343,3618),(344,3618),(345,3618),(346,3618),(347,3618),(348,3618),(349,3618),(350,3618),(351,3618),(352,3618),(353,3618),(354,3618),(355,3618),(356,3618),(357,3618),(358,3618),(359,3618),(360,3618),(361,3618),(362,3618),(363,3618),(364,3618),(365,3618),(366,3618),(367,3618),(368,3618),(369,3618),(370,3618),(371,3618),(372,3618),(373,3618),(374,3618),(375,3618),(376,3618),(377,3618),(378,3618),(379,3618),(380,3618),(381,3618),(382,3618),(383,3618),(384,3618),(385,3618),(386,3618),(387,3618),(388,3618),(389,3618),(390,3618),(391,3618),(392,3618),(393,3618),(394,3618),(395,3618),(396,3618),(397,3618),(398,3618),(399,3618),(400,3618),(401,3618),(402,3618),(403,3618),(404,3618),(405,3618),(406,3618),(407,3618),(410,3618),(411,3618),(414,3618),(415,3618),(53,3626),(107,3626),(166,3626),(184,3626),(187,3626),(189,3626),(209,3626),(296,3626),(342,3626),(384,3626),(386,3626),(166,3628),(187,3628),(189,3628),(166,3629),(189,3629),(30,3632),(296,3632),(384,3632),(386,3632),(30,3633),(53,3633),(104,3633),(118,3633),(129,3633),(133,3633),(217,3633),(251,3633),(258,3633),(275,3633),(278,3633),(281,3633),(296,3633),(384,3633),(386,3633),(53,3634),(104,3634),(251,3634),(275,3634),(296,3634),(312,3634),(364,3634),(372,3634),(41,3636),(42,3636),(133,3636),(219,3636),(342,3636),(148,3637),(187,3637),(304,3637),(305,3637),(327,3637),(349,3637),(366,3637),(367,3637),(53,3640),(251,3640),(275,3640),(296,3640),(53,3646),(198,3646),(296,3646),(53,3653),(172,3653),(251,3653),(296,3653),(53,3660),(251,3660),(296,3660),(53,3667),(251,3667),(296,3667),(27,3674),(53,3674),(251,3674),(296,3674),(342,3674),(27,3686),(53,3686),(251,3686),(275,3686),(278,3686),(296,3686),(35,3698),(53,3698),(107,3698),(251,3698),(275,3698),(296,3698),(53,3704),(191,3704),(251,3704),(275,3704),(296,3704),(322,3704),(342,3704),(29,3746),(200,3746),(349,3746),(351,3746),(53,3766),(87,3766),(88,3766),(90,3766),(91,3766),(92,3766),(93,3766),(94,3766),(95,3766),(96,3766),(97,3766),(98,3766),(99,3766),(100,3766),(101,3766),(102,3766),(103,3766),(104,3766),(105,3766),(106,3766),(133,3766),(228,3766),(230,3766),(242,3766),(275,3766),(277,3766),(278,3766),(296,3766),(312,3766),(53,3773),(202,3773),(203,3773),(251,3773),(296,3773),(298,3773),(322,3773),(325,3773),(414,3773),(415,3773),(203,3775),(296,3775),(296,3777),(63,3781),(64,3781),(152,3781),(296,3781),(53,3788),(342,3788),(53,3796),(64,3796),(113,3796),(174,3796),(296,3796),(322,3796),(342,3796),(349,3796),(390,3796),(64,3817),(113,3817),(174,3817),(296,3817),(30,3832),(50,3832),(53,3832),(74,3832),(104,3832),(107,3832),(187,3832),(189,3832),(251,3832),(275,3832),(296,3832),(321,3832),(322,3832),(327,3832),(342,3832),(347,3832),(348,3832),(358,3832),(384,3832),(386,3832),(388,3832),(390,3832),(414,3832),(415,3832),(53,3840),(174,3840),(203,3840),(251,3840),(275,3840),(296,3840),(372,3840),(414,3840),(415,3840),(36,3851),(37,3851),(53,3851),(228,3851),(243,3851),(245,3851),(251,3851),(275,3851),(278,3851),(293,3851),(296,3851),(369,3851),(414,3851),(415,3851),(53,3855),(128,3855),(322,3855),(342,3855),(349,3855),(53,3856),(349,3856),(5,3859),(15,3859),(65,3859),(388,3859),(5,3861),(4,3870),(104,3870),(121,3870),(212,3870),(348,3870),(383,3870),(6,3871),(191,3871),(275,3871),(326,3871),(332,3871),(349,3871),(414,3871),(415,3871),(53,3873),(159,3873),(297,3873),(342,3873),(354,3873),(27,3874),(53,3874),(54,3874),(107,3874),(121,3874),(152,3874),(190,3874),(342,3874),(349,3874),(25,3876),(27,3876),(53,3876),(54,3876),(104,3876),(107,3876),(152,3876),(163,3876),(178,3876),(194,3876),(203,3876),(251,3876),(275,3876),(296,3876),(327,3876),(342,3876),(364,3876),(384,3876),(386,3876),(53,3884),(187,3884),(342,3884),(349,3884),(378,3884),(296,3903),(12,3909),(13,3909),(18,3909),(38,3909),(40,3909),(53,3909),(87,3909),(88,3909),(90,3909),(91,3909),(92,3909),(93,3909),(94,3909),(95,3909),(96,3909),(97,3909),(98,3909),(99,3909),(100,3909),(101,3909),(102,3909),(103,3909),(104,3909),(105,3909),(106,3909),(117,3909),(170,3909),(260,3909),(296,3909),(320,3909),(342,3909),(349,3909),(373,3909),(397,3909),(13,3922),(53,3922),(85,3922),(107,3922),(117,3922),(170,3922),(172,3922),(189,3922),(251,3922),(296,3922),(311,3922),(322,3922),(342,3922),(347,3922),(358,3922),(27,3928),(35,3928),(296,3928),(342,3928),(15,3941),(20,3941),(118,3941),(131,3941),(133,3941),(296,3941),(342,3941),(349,3941),(7,3950),(8,3950),(15,3950),(175,3950),(176,3950),(183,3950),(192,3950),(218,3950),(300,3950),(363,3950),(389,3950),(134,3958),(136,3958),(137,3958),(140,3958),(146,3958),(147,3958),(176,3958),(183,3958),(211,3958),(296,3958),(15,3976),(65,3976),(141,3976),(143,3976),(165,3976),(174,3976),(176,3976),(218,3976),(296,3976),(30,3985),(53,3985),(141,3985),(143,3985),(159,3985),(174,3985),(176,3985),(218,3985),(251,3985),(296,3985),(15,3991),(143,3991),(176,3991),(183,3991),(211,3991),(296,3991),(15,3998),(143,3998),(176,3998),(183,3998),(211,3998),(296,3998),(57,4005),(176,4005),(183,4005),(218,4005),(7,4007),(8,4007),(57,4007),(176,4007),(183,4007),(218,4007),(7,4009),(8,4009),(57,4009),(62,4009),(176,4009),(183,4009),(218,4009),(389,4009),(7,4011),(8,4011),(57,4011),(62,4011),(176,4011),(183,4011),(218,4011),(389,4011),(54,4012),(182,4012),(183,4012),(359,4012),(54,4013),(182,4013),(183,4013),(54,4014),(182,4014),(183,4014),(54,4015),(182,4015),(183,4015),(359,4015),(7,4016),(8,4016),(57,4016),(183,4016),(389,4016),(7,4021),(8,4021),(57,4021),(176,4021),(183,4021),(218,4021),(389,4021),(7,4024),(8,4024),(57,4024),(176,4024),(183,4024),(218,4024),(389,4024),(7,4030),(8,4030),(57,4030),(176,4030),(182,4030),(183,4030),(218,4030),(389,4030),(7,4031),(8,4031),(57,4031),(176,4031),(183,4031),(218,4031),(389,4031),(7,4062),(8,4062),(176,4062),(183,4062),(218,4062),(389,4062),(7,4065),(8,4065),(176,4065),(183,4065),(218,4065),(389,4065),(21,4073),(121,4073),(352,4073),(15,4117),(363,4117),(15,4157),(65,4157),(158,4157),(165,4157),(168,4157),(366,4157),(15,4160),(65,4160),(158,4160),(165,4160),(366,4160),(59,4183),(329,4183),(384,4183),(386,4183),(319,4275),(165,4280),(321,4290),(414,4290),(415,4290),(10,4335),(11,4335),(344,4335),(346,4335),(414,4335),(415,4335),(10,4349),(71,4349),(112,4349),(344,4349),(400,4349),(39,4368),(48,4368),(71,4368),(72,4368),(39,4376),(187,4376),(358,4376),(10,4378),(11,4378),(112,4378),(214,4378),(344,4378),(10,4390),(11,4390),(112,4390),(344,4390),(358,4390),(10,4437),(201,4437),(202,4437),(384,4437),(386,4437),(10,4440),(201,4440),(10,4443),(201,4443),(202,4443),(384,4443),(386,4443),(10,4446),(201,4446),(10,4449),(11,4449),(111,4449),(202,4449),(318,4449),(68,4451),(298,4451),(68,4466),(71,4466),(202,4466),(214,4466),(298,4466),(344,4466),(352,4466),(400,4466),(414,4466),(415,4466),(49,4467),(50,4467),(71,4467),(49,4483),(50,4483),(358,4483),(49,4487),(50,4487),(49,4495),(50,4495),(187,4495),(318,4495),(10,4503),(50,4503),(111,4503),(368,4504),(10,4505),(110,4505),(111,4505),(318,4505),(10,4507),(11,4507),(298,4507),(317,4507),(344,4507),(10,4518),(11,4518),(104,4518),(346,4518),(10,4520),(11,4520),(104,4520),(110,4520),(201,4520),(202,4520),(322,4520),(325,4520),(130,4550),(187,4550),(130,4552),(187,4552),(375,4552),(164,4624),(170,4635),(373,4635),(160,4658),(12,4699),(43,4699),(46,4699),(327,4699),(191,4804),(200,4804),(341,4804),(349,4804),(410,4804),(191,4812),(207,4812),(327,4812),(58,4848),(299,4937),(396,4937),(395,4939),(396,4939),(397,4939),(403,4939),(59,4941),(315,4941),(396,4941),(80,5006),(315,5006),(59,5012),(348,5012),(414,5012),(415,5012),(376,6090),(414,6090),(415,6090),(129,6094),(21,6096),(121,6096),(129,6096),(251,6096),(275,6096),(391,6096),(392,6096),(36,6099),(37,6099),(38,6099),(59,6099),(276,6099),(352,6099),(390,6099),(391,6099),(392,6099),(37,6103),(38,6103),(390,6103),(391,6103),(392,6103),(38,6107),(390,6107),(391,6107),(392,6107),(36,6108),(37,6108),(38,6108),(104,6108),(217,6108),(390,6108),(391,6108),(392,6108),(36,6109),(37,6109),(38,6109),(220,6109),(347,6109),(36,6113),(37,6113),(38,6113),(392,6113),(36,6118),(37,6118),(38,6118),(390,6118),(391,6118),(392,6118),(37,6133),(38,6133),(390,6133),(391,6133),(392,6133),(390,6137),(391,6137),(392,6137),(30,6145),(38,6145),(53,6145),(189,6145),(347,6145),(390,6145),(391,6145),(392,6145),(36,6150),(37,6150),(38,6150),(46,6150),(59,6150),(390,6150),(391,6150),(392,6150),(37,6154),(251,6154),(390,6154),(391,6154),(392,6154),(36,6164),(37,6164),(38,6164),(36,6167),(37,6167),(38,6167),(390,6167),(391,6167),(392,6167),(390,6179),(391,6179),(392,6179),(390,6187),(391,6187),(392,6187),(36,6233),(37,6233),(38,6233),(36,6236),(37,6236),(38,6236),(36,6244),(37,6244),(38,6244),(275,6244),(390,6244),(391,6244),(392,6244),(36,6252),(37,6252),(38,6252),(36,6261),(37,6261),(38,6261),(36,6273),(37,6273),(38,6273),(38,6280),(217,6280),(384,6280),(386,6280),(390,6280),(391,6280),(392,6280),(30,6297),(104,6297),(133,6297),(30,6298),(104,6298),(251,6298),(367,6298),(30,6300),(86,6300),(86,6303),(104,6303),(190,6303),(251,6303),(275,6303),(296,6303),(352,6303),(414,6303),(415,6303),(44,6306),(46,6306),(52,6306),(67,6306),(104,6306),(190,6306),(216,6306),(74,6311),(104,6311),(170,6311),(172,6311),(190,6311),(373,6311),(377,6311),(50,6312),(70,6312),(104,6312),(107,6312),(190,6312),(298,6312),(328,6312),(344,6312),(349,6312),(368,6312),(402,6312),(53,6318),(87,6318),(88,6318),(90,6318),(91,6318),(92,6318),(93,6318),(94,6318),(95,6318),(96,6318),(97,6318),(98,6318),(99,6318),(100,6318),(101,6318),(102,6318),(103,6318),(104,6318),(105,6318),(106,6318),(107,6318),(189,6318),(190,6318),(251,6318),(275,6318),(292,6318),(342,6318),(71,6351),(72,6351),(87,6351),(88,6351),(90,6351),(91,6351),(92,6351),(93,6351),(94,6351),(95,6351),(96,6351),(97,6351),(98,6351),(99,6351),(100,6351),(101,6351),(102,6351),(103,6351),(104,6351),(105,6351),(106,6351),(107,6351),(400,6351),(104,6361),(286,6361),(349,6361),(104,6362),(107,6362),(110,6362),(111,6362),(190,6362),(368,6362),(11,6363),(47,6363),(104,6363),(107,6363),(110,6363),(190,6363),(104,6364),(107,6364),(113,6364),(214,6364),(328,6364),(344,6364),(104,6367),(107,6367),(110,6367),(190,6367),(400,6367),(414,6367),(415,6367),(13,6369),(104,6369),(170,6369),(171,6369),(172,6369),(190,6369),(251,6369),(284,6369),(322,6369),(373,6369),(377,6369),(104,6371),(117,6371),(160,6371),(170,6371),(171,6371),(172,6371),(190,6371),(301,6371),(367,6371),(373,6371),(104,6403),(123,6403),(190,6403),(219,6403),(251,6403),(275,6403),(322,6403),(323,6403),(325,6403),(414,6403),(415,6403),(104,6458),(190,6458),(243,6458),(251,6458),(275,6458),(350,6458),(30,6472),(33,6472),(352,6472),(107,6493),(115,6493),(163,6493),(107,6494),(115,6494),(163,6494),(107,6495),(114,6495),(115,6495),(163,6495),(107,6497),(114,6497),(87,6499),(88,6499),(89,6499),(90,6499),(91,6499),(92,6499),(93,6499),(94,6499),(95,6499),(96,6499),(97,6499),(98,6499),(99,6499),(100,6499),(101,6499),(102,6499),(103,6499),(105,6499),(106,6499),(107,6499),(163,6499),(171,6499),(172,6499),(107,6500),(163,6500),(48,6501),(72,6501),(107,6501),(187,6502),(214,6502),(328,6502),(49,6503),(50,6503),(110,6503),(111,6503),(163,6503),(318,6503),(358,6503),(9,6504),(47,6504),(104,6504),(107,6504),(163,6504),(187,6504),(402,6504),(87,6505),(88,6505),(90,6505),(91,6505),(92,6505),(93,6505),(94,6505),(95,6505),(96,6505),(97,6505),(98,6505),(99,6505),(100,6505),(101,6505),(102,6505),(103,6505),(105,6505),(106,6505),(107,6505),(133,6505),(187,6505),(312,6505),(107,6506),(163,6506),(190,6506),(324,6508),(219,6509),(303,6509),(325,6509),(87,6510),(88,6510),(90,6510),(91,6510),(92,6510),(93,6510),(94,6510),(95,6510),(96,6510),(97,6510),(98,6510),(99,6510),(100,6510),(101,6510),(102,6510),(103,6510),(104,6510),(105,6510),(106,6510),(107,6510),(414,6510),(415,6510),(74,6514),(76,6514),(87,6514),(88,6514),(90,6514),(91,6514),(92,6514),(93,6514),(94,6514),(95,6514),(96,6514),(97,6514),(98,6514),(99,6514),(100,6514),(101,6514),(102,6514),(103,6514),(105,6514),(106,6514),(172,6514),(87,6516),(88,6516),(89,6516),(90,6516),(91,6516),(92,6516),(93,6516),(94,6516),(95,6516),(96,6516),(97,6516),(98,6516),(99,6516),(100,6516),(101,6516),(102,6516),(103,6516),(105,6516),(106,6516),(172,6516),(209,6516),(215,6516),(53,6527),(87,6527),(88,6527),(90,6527),(91,6527),(92,6527),(93,6527),(94,6527),(95,6527),(96,6527),(97,6527),(98,6527),(99,6527),(100,6527),(101,6527),(102,6527),(103,6527),(104,6527),(105,6527),(106,6527),(133,6527),(208,6527),(312,6527),(87,6529),(88,6529),(89,6529),(90,6529),(91,6529),(92,6529),(93,6529),(94,6529),(95,6529),(96,6529),(97,6529),(98,6529),(99,6529),(100,6529),(101,6529),(102,6529),(103,6529),(105,6529),(106,6529),(133,6529),(208,6529),(87,6535),(88,6535),(89,6535),(90,6535),(91,6535),(92,6535),(93,6535),(94,6535),(95,6535),(96,6535),(97,6535),(98,6535),(99,6535),(100,6535),(101,6535),(102,6535),(103,6535),(105,6535),(106,6535),(133,6535),(208,6535),(358,6535),(52,6539),(87,6539),(88,6539),(90,6539),(91,6539),(92,6539),(93,6539),(94,6539),(95,6539),(96,6539),(97,6539),(98,6539),(99,6539),(100,6539),(101,6539),(102,6539),(103,6539),(105,6539),(106,6539),(217,6539),(350,6539),(87,6542),(88,6542),(90,6542),(91,6542),(92,6542),(93,6542),(94,6542),(95,6542),(96,6542),(97,6542),(98,6542),(99,6542),(100,6542),(101,6542),(102,6542),(103,6542),(105,6542),(106,6542),(204,6542),(312,6542),(87,6543),(88,6543),(90,6543),(91,6543),(92,6543),(93,6543),(94,6543),(95,6543),(96,6543),(97,6543),(98,6543),(99,6543),(100,6543),(101,6543),(102,6543),(103,6543),(105,6543),(106,6543),(204,6543),(312,6543),(358,6543),(30,6555),(113,6555),(305,6555),(367,6555),(156,6564),(197,6564),(30,6567),(86,6567),(345,6567),(384,6567),(386,6567),(87,6570),(88,6570),(90,6570),(91,6570),(92,6570),(93,6570),(94,6570),(95,6570),(96,6570),(97,6570),(98,6570),(99,6570),(100,6570),(101,6570),(102,6570),(103,6570),(104,6570),(105,6570),(106,6570),(133,6570),(251,6570),(312,6570),(372,6570),(87,6574),(88,6574),(89,6574),(90,6574),(91,6574),(92,6574),(93,6574),(94,6574),(95,6574),(96,6574),(97,6574),(98,6574),(99,6574),(100,6574),(101,6574),(102,6574),(103,6574),(105,6574),(106,6574),(312,6574),(48,6598),(49,6598),(72,6598),(107,6598),(111,6598),(163,6598),(328,6598),(358,6598),(15,6624),(184,6624),(187,6624),(189,6624),(382,6624),(161,6629),(187,6629),(210,6629),(356,6629),(382,6629),(148,6638),(187,6638),(15,6641),(65,6641),(165,6641),(363,6641),(48,6644),(72,6644),(187,6644),(318,6644),(356,6644),(358,6644),(212,6647),(404,6647),(384,6654),(385,6654),(386,6654),(404,6654),(353,6657),(30,6658),(154,6658),(275,6658),(371,6658),(384,6658),(385,6658),(386,6658),(384,6661),(385,6661),(386,6661),(107,6662),(201,6662),(384,6662),(386,6662),(384,6664),(386,6664),(384,6665),(386,6665),(384,6666),(386,6666),(304,6668),(305,6668),(378,6668),(304,6670),(304,6672),(306,6672),(307,6672),(330,6672),(331,6672),(384,6672),(386,6672),(304,6682),(306,6682),(307,6682),(308,6682),(378,6682),(306,6684),(307,6684),(177,6689),(383,6689),(177,6690),(383,6690),(331,6695),(384,6695),(386,6695),(4,6696),(212,6696),(217,6696),(265,6696),(331,6696),(384,6696),(386,6696),(10,6697),(50,6697),(104,6697),(107,6697),(153,6697),(384,6697),(386,6697),(384,6721),(386,6721),(304,6722),(367,6722),(384,6722),(386,6722),(312,6733),(333,6733),(384,6733),(386,6733),(35,6735),(172,6735),(251,6735),(364,6735),(27,6736),(35,6736),(178,6736),(364,6736),(35,6737),(53,6737),(118,6737),(178,6737),(187,6737),(189,6737),(213,6737),(251,6737),(342,6737),(347,6737),(364,6737),(30,6745),(35,6745),(53,6745),(104,6745),(187,6745),(189,6745),(213,6745),(251,6745),(275,6745),(342,6745),(364,6745),(384,6745),(386,6745),(26,6747),(27,6747),(27,6748),(22,6751),(26,6751),(27,6751),(303,6751),(35,6755),(53,6755),(182,6755),(189,6755),(213,6755),(364,6755),(27,6756),(35,6756),(53,6756),(104,6756),(187,6756),(189,6756),(213,6756),(364,6756),(25,6758),(35,6758),(53,6758),(209,6758),(213,6758),(356,6758),(364,6758),(53,6759),(150,6759),(151,6759),(24,6760),(25,6760),(27,6760),(150,6760),(151,6760),(22,6761),(24,6761),(25,6761),(27,6761),(53,6761),(194,6761),(36,6762),(37,6762),(179,6762),(189,6762),(347,6762),(36,6764),(37,6764),(53,6764),(107,6764),(189,6764),(347,6764),(364,6764),(166,6770),(187,6770),(189,6770),(347,6770),(38,6771),(53,6771),(166,6771),(187,6771),(189,6771),(347,6771),(189,6775),(14,6784),(33,6784),(54,6784),(122,6784),(152,6784),(187,6784),(189,6784),(30,6786),(384,6786),(386,6786),(30,6787),(275,6787),(384,6787),(386,6787),(217,6794),(275,6794),(391,6794),(392,6794),(29,6836),(69,6836),(200,6836),(69,6837),(118,6837),(200,6837),(349,6837),(351,6837),(53,6840),(200,6840),(342,6840),(349,6840),(372,6840),(2,6846),(32,6846),(33,6846),(34,6846),(169,6846),(188,6846),(309,6846),(17,6873),(18,6873),(53,6873),(53,6878),(167,6878),(18,6879),(37,6879),(38,6879),(53,6879),(167,6879),(189,6879),(297,6879),(347,6879),(30,6891),(387,6898),(388,6898),(343,6906),(384,6906),(386,6906),(348,6916),(21,6923),(212,6923),(348,6923),(46,6930),(121,6930),(125,6930),(348,6930),(60,6952),(104,6952),(107,6952),(170,6952),(240,6952),(322,6952),(325,6952),(327,6952),(373,6952),(384,6952),(386,6952),(392,6952),(397,6952),(402,6952),(414,6952),(415,6952),(53,6962),(342,6962),(372,6962),(378,6962),(134,7028),(136,7028),(137,7028),(140,7028),(147,7028),(176,7028),(218,7028),(134,7029),(135,7029),(136,7029),(137,7029),(138,7029),(139,7029),(140,7029),(144,7029),(145,7029),(146,7029),(147,7029),(176,7029),(218,7029),(134,7030),(136,7030),(137,7030),(140,7030),(147,7030),(176,7030),(218,7030),(30,7042),(54,7056),(122,7056),(183,7056),(384,7057),(386,7057),(14,7058),(183,7059),(398,7060),(399,7060),(176,7061),(183,7061),(218,7061),(62,7062),(183,7062),(218,7062),(23,7063),(183,7063),(218,7063),(363,7063),(176,7065),(183,7065),(218,7065),(176,7066),(183,7066),(218,7066),(7,7075),(8,7075),(15,7075),(62,7075),(175,7075),(176,7075),(183,7075),(218,7075),(363,7075),(389,7075),(203,7112),(203,7113),(363,7113),(19,7119),(28,7119),(29,7119),(82,7119),(118,7119),(155,7119),(200,7119),(28,7120),(29,7120),(53,7120),(82,7120),(118,7120),(155,7120),(342,7120),(349,7120),(20,7121),(28,7121),(29,7121),(82,7121),(83,7121),(84,7121),(118,7121),(155,7121),(342,7121),(28,7123),(53,7123),(87,7123),(88,7123),(90,7123),(91,7123),(92,7123),(93,7123),(94,7123),(95,7123),(96,7123),(97,7123),(98,7123),(99,7123),(100,7123),(101,7123),(102,7123),(103,7123),(105,7123),(106,7123),(118,7123),(133,7123),(155,7123),(28,7125),(83,7125),(84,7125),(133,7125),(349,7125),(53,7126),(83,7126),(104,7126),(118,7126),(131,7126),(251,7126),(275,7126),(81,7127),(84,7127),(6,7138),(12,7138),(20,7138),(200,7138),(332,7138),(342,7138),(349,7138),(148,7146),(6,7154),(53,7154),(200,7154),(332,7154),(15,7161),(148,7161),(158,7161),(168,7161),(187,7161),(353,7161),(366,7161),(61,7172),(187,7172),(285,7172),(41,7183),(42,7183),(41,7185),(42,7185),(85,7186),(85,7187),(148,7190),(183,7190),(187,7190),(366,7190),(375,7190),(148,7191),(366,7191),(316,7197),(15,9248),(56,9248),(184,9248),(187,9248),(382,9248),(7,9249),(8,9249),(57,9249),(183,9249),(389,9249),(7,9250),(8,9250),(22,9250),(53,9250),(54,9250),(57,9250),(182,9250),(183,9250),(219,9250),(303,9250),(322,9250),(359,9250),(375,9250),(389,9250),(15,9251),(15,9252),(15,9253),(15,9254),(407,9254),(15,9255),(20,9255),(349,9255);
/*!40000 ALTER TABLE `Convention_Naf` ENABLE KEYS */;
UNLOCK TABLES;

--
-- Table structure for table `Convention_Produit`
--

DROP TABLE IF EXISTS `Convention_Produit`;
/*!40101 SET @saved_cs_client     = @@character_set_client */;
/*!40101 SET character_set_client = utf8 */;
CREATE TABLE `Convention_Produit` (
  `convention_id` int(11) NOT NULL DEFAULT '0',
  `produit_id` int(11) NOT NULL DEFAULT '0',
  PRIMARY KEY (`convention_id`,`produit_id`),
  KEY `FKConventionProduit_Produit` (`produit_id`),
  CONSTRAINT `FKConventionProduit_Convention` FOREIGN KEY (`convention_id`) REFERENCES `ConventionCollective` (`id`) ON UPDATE CASCADE,
  CONSTRAINT `FKConventionProduit_Produit` FOREIGN KEY (`produit_id`) REFERENCES `Produit` (`id`) ON UPDATE CASCADE
) ENGINE=InnoDB DEFAULT CHARSET=utf8;
/*!40101 SET character_set_client = @saved_cs_client */;

--
-- Dumping data for table `Convention_Produit`
--

LOCK TABLES `Convention_Produit` WRITE;
/*!40000 ALTER TABLE `Convention_Produit` DISABLE KEYS */;
INSERT INTO `Convention_Produit` (`convention_id`, `produit_id`) VALUES (5,1),(10,1),(20,1),(28,1),(31,1),(33,1),(41,1),(42,1),(46,1),(51,1),(56,1),(57,1),(58,1),(60,1),(62,1),(66,1),(67,1),(74,1),(75,1),(78,1),(81,1),(83,1),(84,1),(86,1),(87,1),(88,1),(90,1),(91,1),(92,1),(93,1),(94,1),(95,1),(96,1),(98,1),(99,1),(100,1),(101,1),(102,1),(103,1),(105,1),(106,1),(115,1),(117,1),(119,1),(129,1),(131,1),(136,1),(137,1),(140,1),(146,1),(150,1),(157,1),(158,1),(160,1),(164,1),(169,1),(195,1),(208,1),(209,1),(212,1),(215,1),(221,1),(223,1),(224,1),(225,1),(230,1),(234,1),(239,1),(245,1),(250,1),(251,1),(253,1),(255,1),(256,1),(260,1),(261,1),(264,1),(265,1),(270,1),(272,1),(282,1),(284,1),(287,1),(288,1),(290,1),(302,1),(304,1),(307,1),(312,1),(317,1),(320,1),(321,1),(329,1),(330,1),(349,1),(350,1),(353,1),(357,1),(362,1),(364,1),(370,1),(371,1),(372,1),(374,1),(376,1),(378,1),(379,1),(380,1),(383,1),(388,1),(393,1),(394,1),(396,1),(401,1),(405,1),(406,1),(5,2),(10,2),(20,2),(28,2),(31,2),(33,2),(41,2),(42,2),(46,2),(51,2),(56,2),(57,2),(58,2),(60,2),(62,2),(66,2),(67,2),(74,2),(75,2),(78,2),(81,2),(83,2),(84,2),(86,2),(87,2),(88,2),(90,2),(91,2),(92,2),(93,2),(94,2),(95,2),(96,2),(98,2),(99,2),(100,2),(101,2),(102,2),(103,2),(105,2),(106,2),(115,2),(117,2),(119,2),(129,2),(131,2),(136,2),(137,2),(140,2),(146,2),(150,2),(157,2),(158,2),(160,2),(164,2),(169,2),(195,2),(208,2),(209,2),(212,2),(215,2),(221,2),(223,2),(224,2),(225,2),(230,2),(234,2),(239,2),(245,2),(250,2),(251,2),(253,2),(255,2),(256,2),(260,2),(261,2),(264,2),(265,2),(270,2),(272,2),(282,2),(284,2),(287,2),(288,2),(290,2),(302,2),(304,2),(307,2),(312,2),(317,2),(320,2),(321,2),(329,2),(330,2),(349,2),(350,2),(353,2),(357,2),(362,2),(364,2),(370,2),(371,2),(372,2),(374,2),(376,2),(378,2),(379,2),(380,2),(383,2),(388,2),(393,2),(394,2),(396,2),(401,2),(405,2),(406,2),(5,3),(10,3),(20,3),(28,3),(31,3),(33,3),(41,3),(42,3),(46,3),(51,3),(56,3),(57,3),(58,3),(60,3),(62,3),(66,3),(67,3),(74,3),(75,3),(78,3),(81,3),(83,3),(84,3),(86,3),(87,3),(88,3),(90,3),(91,3),(92,3),(93,3),(94,3),(95,3),(96,3),(98,3),(99,3),(100,3),(101,3),(102,3),(103,3),(105,3),(106,3),(115,3),(117,3),(119,3),(129,3),(131,3),(136,3),(137,3),(140,3),(146,3),(150,3),(157,3),(158,3),(160,3),(164,3),(169,3),(195,3),(208,3),(209,3),(212,3),(215,3),(221,3),(223,3),(224,3),(225,3),(230,3),(234,3),(239,3),(245,3),(250,3),(251,3),(253,3),(255,3),(256,3),(260,3),(261,3),(264,3),(265,3),(270,3),(272,3),(282,3),(284,3),(287,3),(288,3),(290,3),(302,3),(304,3),(307,3),(312,3),(317,3),(320,3),(321,3),(329,3),(330,3),(349,3),(350,3),(353,3),(357,3),(362,3),(364,3),(370,3),(371,3),(372,3),(374,3),(376,3),(378,3),(379,3),(380,3),(383,3),(388,3),(393,3),(394,3),(396,3),(401,3),(405,3),(406,3),(182,102),(182,103),(40,104),(40,105),(172,110),(172,111),(321,112),(37,113),(86,114),(390,115),(391,116),(392,117),(116,118),(53,119),(152,120),(404,121),(368,122),(354,123),(123,124),(30,125),(188,126),(376,127),(58,128),(377,129),(299,130),(40,131),(171,132),(327,133),(160,134),(349,135),(33,136),(396,137),(59,138),(209,139),(311,140),(386,141),(189,142),(385,143),(190,144),(50,145),(131,146),(373,147),(405,149),(43,150),(74,151),(202,152),(71,153),(200,154),(361,155),(164,156),(410,157),(411,158),(332,159),(166,160),(150,161),(180,162),(307,163),(215,164),(85,165),(35,166),(75,167),(345,168),(297,169),(212,170),(195,171),(403,172),(381,173),(383,174),(153,175),(330,176),(305,177),(38,178),(388,179),(304,180),(63,181),(175,182),(352,183),(52,184),(67,185),(172,186),(358,187),(130,188),(347,189),(159,190),(90,191),(51,192),(122,193),(125,194),(197,195),(80,196),(219,197),(44,198),(335,199),(317,200),(342,201),(129,202),(21,203),(36,204),(401,205),(112,206),(201,207),(157,208),(68,209),(221,210),(222,210),(223,210),(224,210),(225,210),(226,210),(227,210),(228,210),(229,210),(230,210),(231,210),(232,210),(233,210),(234,210),(235,210),(236,210),(237,210),(238,210),(239,210),(240,210),(241,210),(242,210),(243,210),(244,210),(245,210),(246,210),(247,210),(248,210),(249,210),(250,210),(251,210),(252,210),(253,210),(254,210),(255,210),(256,210),(257,210),(258,210),(259,210),(260,210),(261,210),(262,210),(263,210),(264,210),(265,210),(266,210),(267,210),(268,210),(269,210),(270,210),(271,210),(272,210),(273,210),(274,210),(275,210),(276,210),(277,210),(278,210),(279,210),(280,210),(281,210),(282,210),(283,210),(284,210),(285,210),(286,210),(287,210),(288,210),(289,210),(290,210),(291,210),(292,210),(293,210),(294,210),(295,210),(296,210),(393,211),(1,212),(2,212),(3,212),(4,212),(5,212),(8,212),(9,212),(10,212),(11,212),(13,212),(14,212),(16,212),(17,212),(18,212),(19,212),(22,212),(23,212),(24,212),(25,212),(26,212),(27,212),(28,212),(29,212),(31,212),(32,212),(34,212),(39,212),(41,212),(42,212),(45,212),(46,212),(47,212),(49,212),(54,212),(55,212),(56,212),(57,212),(61,212),(62,212),(64,212),(65,212),(69,212),(70,212),(72,212),(73,212),(76,212),(77,212),(78,212),(81,212),(82,212),(83,212),(84,212),(87,212),(88,212),(89,212),(91,212),(92,212),(93,212),(94,212),(95,212),(96,212),(97,212),(98,212),(99,212),(100,212),(101,212),(102,212),(103,212),(105,212),(106,212),(108,212),(109,212),(110,212),(111,212),(113,212),(115,212),(117,212),(118,212),(120,212),(121,212),(124,212),(126,212),(127,212),(128,212),(132,212),(133,212),(134,212),(135,212),(136,212),(137,212),(138,212),(139,212),(140,212),(141,212),(142,212),(143,212),(144,212),(145,212),(146,212),(147,212),(148,212),(149,212),(151,212),(155,212),(156,212),(158,212),(162,212),(163,212),(165,212),(167,212),(168,212),(169,212),(170,212),(173,212),(174,212),(177,212),(178,212),(179,212),(181,212),(184,212),(185,212),(186,212),(191,212),(193,212),(194,212),(196,212),(198,212),(199,212),(203,212),(204,212),(206,212),(207,212),(208,212),(210,212),(211,212),(213,212),(214,212),(216,212),(217,212),(218,212),(220,212),(298,212),(301,212),(302,212),(306,212),(308,212),(309,212),(310,212),(312,212),(313,212),(314,212),(315,212),(316,212),(318,212),(319,212),(320,212),(322,212),(323,212),(324,212),(325,212),(326,212),(328,212),(329,212),(331,212),(333,212),(341,212),(344,212),(346,212),(348,212),(350,212),(351,212),(353,212),(355,212),(356,212),(357,212),(359,212),(360,212),(362,212),(364,212),(365,212),(367,212),(369,212),(370,212),(371,212),(372,212),(375,212),(378,212),(379,212),(380,212),(384,212),(387,212),(389,212),(394,212),(395,212),(397,212),(398,212),(399,212),(400,212),(402,212),(406,212),(407,212),(327,213),(373,214),(71,215),(215,216),(345,217),(352,218),(221,219),(222,219),(223,219),(224,219),(225,219),(226,219),(227,219),(228,219),(229,219),(230,219),(231,219),(232,219),(233,219),(234,219),(235,219),(236,219),(237,219),(238,219),(239,219),(240,219),(241,219),(242,219),(243,219),(244,219),(245,219),(246,219),(247,219),(248,219),(249,219),(250,219),(251,219),(252,219),(253,219),(254,219),(255,219),(256,219),(257,219),(258,219),(259,219),(260,219),(261,219),(262,219),(263,219),(264,219),(265,219),(266,219),(267,219),(268,219),(269,219),(270,219),(271,219),(272,219),(273,219),(274,219),(275,219),(276,219),(277,219),(278,219),(279,219),(280,219),(281,219),(282,219),(283,219),(284,219),(285,219),(286,219),(287,219),(288,219),(289,219),(290,219),(291,219),(292,219),(293,219),(294,219),(295,219),(296,219),(1,220),(2,220),(3,220),(4,220),(5,220),(8,220),(9,220),(10,220),(11,220),(13,220),(14,220),(16,220),(17,220),(18,220),(19,220),(22,220),(23,220),(24,220),(25,220),(26,220),(27,220),(28,220),(29,220),(31,220),(32,220),(34,220),(39,220),(41,220),(42,220),(45,220),(46,220),(47,220),(49,220),(54,220),(55,220),(56,220),(57,220),(61,220),(62,220),(64,220),(65,220),(69,220),(70,220),(72,220),(73,220),(76,220),(77,220),(78,220),(81,220),(82,220),(83,220),(84,220),(87,220),(88,220),(89,220),(91,220),(92,220),(93,220),(94,220),(95,220),(96,220),(97,220),(98,220),(99,220),(100,220),(101,220),(102,220),(103,220),(105,220),(106,220),(108,220),(109,220),(110,220),(111,220),(113,220),(115,220),(117,220),(118,220),(120,220),(121,220),(124,220),(126,220),(127,220),(128,220),(132,220),(133,220),(134,220),(135,220),(136,220),(137,220),(138,220),(139,220),(140,220),(141,220),(142,220),(143,220),(144,220),(145,220),(146,220),(147,220),(148,220),(149,220),(151,220),(155,220),(156,220),(158,220),(162,220),(163,220),(165,220),(167,220),(168,220),(169,220),(170,220),(173,220),(174,220),(177,220),(178,220),(179,220),(181,220),(184,220),(185,220),(186,220),(191,220),(193,220),(194,220),(196,220),(198,220),(199,220),(203,220),(204,220),(206,220),(207,220),(208,220),(210,220),(211,220),(213,220),(214,220),(216,220),(217,220),(218,220),(220,220),(298,220),(301,220),(302,220),(306,220),(308,220),(309,220),(310,220),(312,220),(313,220),(314,220),(315,220),(316,220),(318,220),(319,220),(320,220),(322,220),(323,220),(324,220),(325,220),(326,220),(328,220),(329,220),(331,220),(333,220),(341,220),(344,220),(346,220),(348,220),(350,220),(351,220),(353,220),(355,220),(356,220),(357,220),(359,220),(360,220),(362,220),(364,220),(365,220),(367,220),(369,220),(370,220),(371,220),(372,220),(375,220),(378,220),(379,220),(380,220),(384,220),(387,220),(389,220),(394,220),(395,220),(397,220),(398,220),(399,220),(400,220),(402,220),(406,220),(407,220),(1,221),(2,221),(3,221),(4,221),(6,221),(8,221),(9,221),(11,221),(12,221),(13,221),(14,221),(16,221),(17,221),(18,221),(19,221),(21,221),(22,221),(23,221),(24,221),(25,221),(26,221),(27,221),(29,221),(30,221),(32,221),(34,221),(35,221),(36,221),(37,221),(38,221),(39,221),(43,221),(44,221),(45,221),(47,221),(48,221),(49,221),(50,221),(52,221),(54,221),(55,221),(59,221),(61,221),(63,221),(64,221),(65,221),(68,221),(69,221),(70,221),(71,221),(72,221),(73,221),(76,221),(77,221),(80,221),(82,221),(85,221),(89,221),(97,221),(107,221),(108,221),(109,221),(110,221),(111,221),(112,221),(113,221),(114,221),(116,221),(118,221),(120,221),(121,221),(122,221),(123,221),(124,221),(125,221),(126,221),(127,221),(128,221),(130,221),(132,221),(133,221),(134,221),(135,221),(138,221),(139,221),(141,221),(142,221),(143,221),(144,221),(145,221),(147,221),(148,221),(149,221),(151,221),(152,221),(153,221),(155,221),(156,221),(159,221),(162,221),(163,221),(165,221),(166,221),(167,221),(168,221),(170,221),(173,221),(174,221),(175,221),(177,221),(178,221),(179,221),(180,221),(181,221),(184,221),(185,221),(186,221),(188,221),(190,221),(191,221),(193,221),(194,221),(196,221),(197,221),(198,221),(199,221),(200,221),(201,221),(202,221),(203,221),(204,221),(206,221),(207,221),(210,221),(211,221),(213,221),(214,221),(216,221),(217,221),(218,221),(219,221),(220,221),(227,221),(231,221),(235,221),(236,221),(237,221),(240,221),(246,221),(259,221),(263,221),(271,221),(273,221),(275,221),(278,221),(283,221),(286,221),(289,221),(294,221),(296,221),(297,221),(298,221),(299,221),(300,221),(301,221),(305,221),(306,221),(308,221),(309,221),(310,221),(311,221),(313,221),(314,221),(315,221),(316,221),(318,221),(319,221),(322,221),(323,221),(324,221),(325,221),(326,221),(328,221),(331,221),(332,221),(333,221),(334,221),(335,221),(336,221),(341,221),(344,221),(345,221),(346,221),(347,221),(348,221),(351,221),(352,221),(354,221),(355,221),(356,221),(358,221),(359,221),(360,221),(361,221),(365,221),(367,221),(368,221),(369,221),(373,221),(375,221),(377,221),(384,221),(385,221),(387,221),(389,221),(390,221),(391,221),(392,221),(395,221),(397,221),(398,221),(399,221),(400,221),(402,221),(403,221),(404,221),(407,221),(410,221),(411,221),(205,222),(222,223),(226,223),(228,223),(229,223),(232,223),(233,223),(238,223),(241,223),(242,223),(243,223),(244,223),(247,223),(248,223),(249,223),(252,223),(254,223),(257,223),(258,223),(262,223),(266,223),(267,223),(268,223),(269,223),(274,223),(276,223),(277,223),(279,223),(280,223),(281,223),(285,223),(291,223),(292,223),(293,223),(295,223),(154,225),(161,225),(176,225),(182,225),(183,225),(192,225),(303,225),(363,225),(300,226),(107,227),(12,228),(104,229),(414,230),(415,231),(15,232),(366,233),(53,234),(53,235),(53,236),(189,237),(189,238),(171,239),(343,240),(381,241),(414,242),(415,243),(415,244),(327,245),(327,246),(327,247),(15,248),(15,249),(382,250),(7,251),(7,252),(7,253),(7,254),(343,255),(366,256),(366,257),(104,258),(104,259),(104,260),(104,261),(187,262),(187,263),(386,264),(386,265),(386,266),(386,267),(1,270),(2,270),(3,270),(4,270),(6,270),(7,270),(8,270),(9,270),(11,270),(12,270),(13,270),(14,270),(15,270),(16,270),(17,270),(18,270),(19,270),(21,270),(22,270),(23,270),(24,270),(25,270),(26,270),(27,270),(29,270),(30,270),(32,270),(34,270),(35,270),(36,270),(37,270),(38,270),(39,270),(40,270),(43,270),(44,270),(45,270),(47,270),(48,270),(49,270),(50,270),(52,270),(53,270),(54,270),(55,270),(59,270),(61,270),(63,270),(64,270),(65,270),(68,270),(69,270),(70,270),(71,270),(72,270),(73,270),(76,270),(77,270),(80,270),(82,270),(85,270),(89,270),(97,270),(104,270),(107,270),(108,270),(109,270),(110,270),(111,270),(112,270),(113,270),(114,270),(116,270),(118,270),(120,270),(121,270),(122,270),(123,270),(124,270),(125,270),(126,270),(127,270),(128,270),(130,270),(132,270),(133,270),(134,270),(135,270),(138,270),(139,270),(141,270),(142,270),(143,270),(144,270),(145,270),(147,270),(148,270),(149,270),(151,270),(152,270),(153,270),(154,270),(155,270),(156,270),(159,270),(161,270),(162,270),(163,270),(165,270),(166,270),(167,270),(168,270),(170,270),(171,270),(172,270),(173,270),(174,270),(175,270),(176,270),(177,270),(178,270),(179,270),(180,270),(181,270),(182,270),(183,270),(184,270),(185,270),(186,270),(187,270),(188,270),(189,270),(190,270),(191,270),(192,270),(193,270),(194,270),(196,270),(197,270),(198,270),(199,270),(200,270),(201,270),(202,270),(203,270),(204,270),(205,270),(206,270),(207,270),(210,270),(211,270),(213,270),(214,270),(216,270),(217,270),(218,270),(219,270),(220,270),(222,270),(226,270),(227,270),(228,270),(229,270),(231,270),(232,270),(233,270),(235,270),(236,270),(237,270),(238,270),(240,270),(241,270),(242,270),(243,270),(244,270),(246,270),(247,270),(248,270),(249,270),(252,270),(254,270),(257,270),(258,270),(259,270),(262,270),(263,270),(266,270),(267,270),(268,270),(269,270),(271,270),(273,270),(274,270),(275,270),(276,270),(277,270),(278,270),(279,270),(280,270),(281,270),(283,270),(285,270),(286,270),(289,270),(291,270),(292,270),(293,270),(294,270),(295,270),(296,270),(297,270),(298,270),(299,270),(300,270),(301,270),(303,270),(305,270),(306,270),(308,270),(309,270),(310,270),(311,270),(313,270),(314,270),(315,270),(316,270),(318,270),(319,270),(322,270),(323,270),(324,270),(325,270),(326,270),(327,270),(328,270),(331,270),(332,270),(333,270),(334,270),(335,270),(336,270),(341,270),(342,270),(343,270),(344,270),(345,270),(346,270),(347,270),(348,270),(351,270),(352,270),(354,270),(355,270),(356,270),(358,270),(359,270),(360,270),(361,270),(363,270),(365,270),(366,270),(367,270),(368,270),(369,270),(373,270),(375,270),(377,270),(381,270),(382,270),(384,270),(385,270),(386,270),(387,270),(389,270),(390,270),(391,270),(392,270),(395,270),(397,270),(398,270),(399,270),(400,270),(402,270),(403,270),(404,270),(407,270),(410,270),(411,270),(414,270),(415,270),(1,271),(2,271),(3,271),(4,271),(6,271),(7,271),(8,271),(9,271),(11,271),(12,271),(13,271),(14,271),(15,271),(16,271),(17,271),(18,271),(19,271),(21,271),(22,271),(23,271),(24,271),(25,271),(26,271),(27,271),(29,271),(30,271),(32,271),(34,271),(35,271),(36,271),(37,271),(38,271),(39,271),(40,271),(43,271),(44,271),(45,271),(47,271),(48,271),(49,271),(50,271),(52,271),(53,271),(54,271),(55,271),(59,271),(61,271),(63,271),(64,271),(65,271),(68,271),(69,271),(70,271),(71,271),(72,271),(73,271),(76,271),(77,271),(80,271),(82,271),(85,271),(89,271),(97,271),(104,271),(107,271),(108,271),(109,271),(110,271),(111,271),(112,271),(113,271),(114,271),(116,271),(118,271),(120,271),(121,271),(122,271),(123,271),(124,271),(125,271),(126,271),(127,271),(128,271),(130,271),(132,271),(133,271),(134,271),(135,271),(138,271),(139,271),(141,271),(142,271),(143,271),(144,271),(145,271),(147,271),(148,271),(149,271),(151,271),(152,271),(153,271),(154,271),(155,271),(156,271),(159,271),(161,271),(162,271),(163,271),(165,271),(166,271),(167,271),(168,271),(170,271),(171,271),(172,271),(173,271),(174,271),(175,271),(176,271),(177,271),(178,271),(179,271),(180,271),(181,271),(182,271),(183,271),(184,271),(185,271),(186,271),(187,271),(188,271),(189,271),(190,271),(191,271),(192,271),(193,271),(194,271),(196,271),(197,271),(198,271),(199,271),(200,271),(201,271),(202,271),(203,271),(204,271),(205,271),(206,271),(207,271),(210,271),(211,271),(213,271),(214,271),(216,271),(217,271),(218,271),(219,271),(220,271),(222,271),(226,271),(227,271),(228,271),(229,271),(231,271),(232,271),(233,271),(235,271),(236,271),(237,271),(238,271),(240,271),(241,271),(242,271),(243,271),(244,271),(246,271),(247,271),(248,271),(249,271),(252,271),(254,271),(257,271),(258,271),(259,271),(262,271),(263,271),(266,271),(267,271),(268,271),(269,271),(271,271),(273,271),(274,271),(275,271),(276,271),(277,271),(278,271),(279,271),(280,271),(281,271),(283,271),(285,271),(286,271),(289,271),(291,271),(292,271),(293,271),(294,271),(295,271),(296,271),(297,271),(298,271),(299,271),(300,271),(301,271),(303,271),(305,271),(306,271),(308,271),(309,271),(310,271),(311,271),(313,271),(314,271),(315,271),(316,271),(318,271),(319,271),(322,271),(323,271),(324,271),(325,271),(326,271),(327,271),(328,271),(331,271),(332,271),(333,271),(334,271),(335,271),(336,271),(341,271),(342,271),(343,271),(344,271),(345,271),(346,271),(347,271),(348,271),(351,271),(352,271),(354,271),(355,271),(356,271),(358,271),(359,271),(360,271),(361,271),(363,271),(365,271),(366,271),(367,271),(368,271),(369,271),(373,271),(375,271),(377,271),(381,271),(382,271),(384,271),(385,271),(386,271),(387,271),(389,271),(390,271),(391,271),(392,271),(395,271),(397,271),(398,271),(399,271),(400,271),(402,271),(403,271),(404,271),(407,271),(410,271),(411,271),(414,271),(415,271),(6,272),(7,272),(20,272),(48,272),(60,272),(66,272),(114,272),(119,272),(154,272),(161,272),(176,272),(182,272),(183,272),(187,272),(192,272),(205,272),(303,272),(332,272),(334,272),(336,272),(363,272),(373,272),(374,272),(382,272),(187,273),(342,274);
/*!40000 ALTER TABLE `Convention_Produit` ENABLE KEYS */;
UNLOCK TABLES;

--
-- Table structure for table `DocumentMeta`
--

DROP TABLE IF EXISTS `DocumentMeta`;
/*!40101 SET @saved_cs_client     = @@character_set_client */;
/*!40101 SET character_set_client = utf8 */;
CREATE TABLE `DocumentMeta` (
  `id` int(11) NOT NULL AUTO_INCREMENT,
  `libelle` varchar(255) NOT NULL DEFAULT '',
  `fileName` varchar(255) NOT NULL DEFAULT '',
  `mimeType` varchar(50) NOT NULL DEFAULT '',
  `numeroPatch` int(11) DEFAULT NULL,
  PRIMARY KEY (`id`)
) ENGINE=InnoDB AUTO_INCREMENT=443 DEFAULT CHARSET=utf8;
/*!40101 SET character_set_client = @saved_cs_client */;

--
-- Dumping data for table `DocumentMeta`
--

LOCK TABLES `DocumentMeta` WRITE;
/*!40000 ALTER TABLE `DocumentMeta` DISABLE KEYS */;
INSERT INTO `DocumentMeta` (`id`, `libelle`, `fileName`, `mimeType`, `numeroPatch`) VALUES (200,'Fonctionnement  de la mensualisation et du complément relais','%ROOT-DOCS-PATH%/mensu/Fonctionnement Mensualisation et Relais.pdf','application/pdf',NULL),(201,'Liste des produits mensualisation et complément relais','%ROOT-DOCS-PATH%/mensu/Liste des offres Mensualisation et Relais.pdf','application/pdf',NULL),(202,'CG Mutex PME 2016','%ROOT-DOCS-PATH%/mensu/Mutex PME CG.pdf','application/pdf',NULL),(309,'Fiche produit & services','%ROOT-DOCS-PATH%/standard/eq/noc_tpe.pdf','application/pdf',NULL),(400,'Fiche produit & services','%ROOT-DOCS-PATH%/standard/eq150/noc_tpe150.pdf','application/pdf',NULL),(401,'Fiche produit & services','%ROOT-DOCS-PATH%/standard/en/noc_pme.pdf','application/pdf',NULL),(410,'Synthèse des garanties d\'assistance','%ROOT-DOCS-PATH%/standard/commun/TPE PME Synthese garanties assistance.pdf','application/pdf',NULL),(411,'Conditions Générales','%ROOT-DOCS-PATH%/standard/commun/CG Equilibre Energie.pdf','application/pdf',NULL),(412,'Etat des sinistres en cours','%ROOT-DOCS-PATH%/standard/generaux/Etat des sinistres en cours.pdf','application/pdf',NULL),(413,'Tableau de garanties','%ROOT-EDITION-PATH%/reco/idcc2264_jo3307_fhp/tableau_garanties_c.pdf','application/pdf',NULL),(414,'Tableau de garanties','%ROOT-EDITION-PATH%/reco/idcc2264_jo3307_fhp/tableau_garanties_ep.pdf','application/pdf',NULL),(415,'Tableau de garanties','%ROOT-EDITION-PATH%/reco/idcc2264_jo3307_fhp/tableau_garanties_eps.pdf','application/pdf',NULL),(416,'Tableau de garanties conventionnelles','%ROOT-EDITION-PATH%/reco/idcc567_jo3051_bjop/Gar_conv_tableau.pdf','application/pdf',NULL),(417,'Tableau de garanties additionnelles','%ROOT-EDITION-PATH%/reco/idcc567_jo3051_bjop/Gar_add_tableau.pdf','application/pdf',NULL),(418,'Tableau de garanties conventionnelles','%ROOT-EDITION-PATH%/reco/idcc1483_jo3241_habillement/Gar_conv_tableau.pdf','application/pdf',NULL),(419,'Tableau de garanties additionnelles','%ROOT-EDITION-PATH%/reco/idcc1483_jo3241_habillement/Gar_add_tableau.pdf','application/pdf',NULL),(420,'Tableau de garanties','%ROOT-EDITION-PATH%/libre/mutex/idcc1486_ccn3018_bureaux_etudes/tableau_garanties.pdf','application/pdf',NULL),(421,'Tableau de garanties','%ROOT-EDITION-PATH%/libre/mutex/idcc1527_ccn3090_immobilier/tableau_garanties.pdf','application/pdf',NULL),(422,'Tableau de garanties','%ROOT-EDITION-PATH%/libre/mutex/idcc675_ccn3065_maisons_a_succursales/tableau_garanties.pdf','application/pdf',NULL),(423,'Tableau de garanties','%ROOT-EDITION-PATH%/libre/mutex/idcc1351_ccn3196_prevention_et_securite/tableau_garanties.pdf','application/pdf',NULL),(424,'Calculatrice REC','%ROOT-EDITION-PATH%/libre/mutex/idcc1351_ccn3196_prevention_et_securite/calculette.xlsm','application/xlsm',NULL),(425,'Tableau de garanties','%ROOT-EDITION-PATH%/libre/mutex/idcc1909_ccn3175_organismes_tourisme/tableau_garanties.pdf','application/pdf',NULL),(426,'Tableau de garanties','%ROOT-EDITION-PATH%/libre/mutex/idcc44_ccn3108_chimie/uic/tableau_garanties.pdf','application/pdf',NULL),(427,'Tableau de garanties','%ROOT-EDITION-PATH%/libre/mutex/idcc44_ccn3108_chimie/non_uic/tableau_garanties.pdf','application/pdf',NULL),(428,'Tableau de garanties','%ROOT-EDITION-PATH%/reco/idcc292_ccn3066_plasturgie/demande_souscription.pdf','application/pdf',NULL),(429,'Tableau de garanties','%ROOT-EDITION-PATH%/libre/chorum/idcc1518_ccn3246_animation/tableau_garanties.pdf','application/pdf',NULL),(430,'Tableau de garanties','%ROOT-EDITION-PATH%/libre/chorum/idcc1316_ccn3151_tourisme/tableau_garanties.pdf','application/pdf',NULL),(431,'Tableau de garanties','%ROOT-EDITION-PATH%/libre/chorum/idcc2941_ccn3381_aide_a_domicile/tableau_garanties.pdf','application/pdf',NULL),(432,'Tableau de garanties','%ROOT-EDITION-PATH%/libre/chorum/idcc2511_ccn3328_sport/tableau_garanties.pdf','application/pdf',NULL),(433,'Tableau de garanties','%ROOT-EDITION-PATH%/libre/mutex/idcc573_ccn3044_commercs_de_gros/tableau_garanties.pdf','application/pdf',NULL),(434,'Tableau de garanties','%ROOT-EDITION-PATH%/libre/mutex/idcc1979_ccn3292_hotels_cafes_restaurants/tableau_garanties.pdf','application/pdf',NULL),(435,'Calculatrice REC','%ROOT-EDITION-PATH%/libre/mutex/idcc1979_ccn3292_hotels_cafes_restaurants/calculette.xlsm','application/xlsm',NULL),(436,'Tableau de garanties','%ROOT-EDITION-PATH%/libre/mutex/idcc16_ccn3085_transports_routiers/tableau_garanties_conv.pdf','application/pdf',NULL),(437,'Tableau de garanties','%ROOT-EDITION-PATH%/libre/mutex/idcc16_ccn3085_transports_routiers/tableau_garanties_comp1.pdf','application/pdf',NULL),(438,'Tableau de garanties','%ROOT-EDITION-PATH%/libre/mutex/idcc16_ccn3085_transports_routiers/tableau_garanties_comp2.pdf','application/pdf',NULL),(439,'Tableau de garanties','%ROOT-EDITION-PATH%/libre/mutex/idcc16_ccn3085_transports_routiers/tableau_garanties_inclus.pdf','application/pdf',NULL),(440,'Calculatrice REC','%ROOT-EDITION-PATH%/libre/mutex/idcc16_ccn3085_transports_routiers/calculette.xlsm','application/xlsm',NULL),(441,'Tableau de garanties','%ROOT-EDITION-PATH%/reco/idcc292_ccn3066_plasturgie/tableau_garanties.pdf','application/pdf',NULL),(442,'Tableau de garanties','%ROOT-EDITION-PATH%/reco/idcc2098_ccn3301_prestataires_de_services/tableau_garanties.pdf','application/pdf',NULL);
/*!40000 ALTER TABLE `DocumentMeta` ENABLE KEYS */;
UNLOCK TABLES;

--
-- Table structure for table `DocumentNote`
--

DROP TABLE IF EXISTS `DocumentNote`;
/*!40101 SET @saved_cs_client     = @@character_set_client */;
/*!40101 SET character_set_client = utf8 */;
CREATE TABLE `DocumentNote` (
  `id` int(11) NOT NULL AUTO_INCREMENT,
  `text` longtext NOT NULL,
  `chapitre_id` int(11) NOT NULL DEFAULT '0',
  `numeroOrdre` int(11) NOT NULL DEFAULT '0',
  PRIMARY KEY (`id`),
  KEY `FKB1F943CD861C1A36` (`chapitre_id`),
  CONSTRAINT `FKB1F943CD861C1A36` FOREIGN KEY (`chapitre_id`) REFERENCES `Chapitre` (`id`)
) ENGINE=InnoDB DEFAULT CHARSET=utf8;
/*!40101 SET character_set_client = @saved_cs_client */;

--
-- Dumping data for table `DocumentNote`
--

LOCK TABLES `DocumentNote` WRITE;
/*!40000 ALTER TABLE `DocumentNote` DISABLE KEYS */;
/*!40000 ALTER TABLE `DocumentNote` ENABLE KEYS */;
UNLOCK TABLES;

--
-- Table structure for table `Entreprise`
--

DROP TABLE IF EXISTS `Entreprise`;
/*!40101 SET @saved_cs_client     = @@character_set_client */;
/*!40101 SET character_set_client = utf8 */;
CREATE TABLE `Entreprise` (
  `identifiant` int(11) NOT NULL AUTO_INCREMENT,
  `raisonSociale` varchar(38) NOT NULL DEFAULT '',
  `numeroSiret` varchar(14) DEFAULT NULL,
  `dsn` tinyint(1) DEFAULT NULL,
  `adresseLigne1` varchar(38) DEFAULT NULL,
  `adresseLigne2` varchar(38) DEFAULT NULL,
  `adresseLigne3` varchar(38) DEFAULT NULL,
  `adresseLigne4` varchar(38) DEFAULT NULL,
  `codePostal` varchar(5) NOT NULL DEFAULT '',
  `ville` varchar(38) NOT NULL DEFAULT '',
  `identiteCorrespondant` varchar(250) DEFAULT NULL,
  `civiliteCorrespondant` varchar(3) DEFAULT NULL,
  `fonctionCorrespondant` varchar(250) DEFAULT NULL,
  `telephoneStandard` varchar(10) DEFAULT NULL,
  `telephoneMobile` varchar(10) DEFAULT NULL,
  `telephoneAutre` varchar(10) DEFAULT NULL,
  `fax` varchar(10) DEFAULT NULL,
  `email1` varchar(250) DEFAULT NULL,
  `email2` varchar(250) DEFAULT NULL,
  `naf_id` int(11) DEFAULT NULL,
  `conventionCollective_id` int(11) DEFAULT NULL,
  PRIMARY KEY (`identifiant`),
  KEY `fk_naf_id` (`naf_id`),
  KEY `fk_conventionCollective_id` (`conventionCollective_id`),
  CONSTRAINT `fk_conventionCollective_id` FOREIGN KEY (`conventionCollective_id`) REFERENCES `ConventionCollective` (`id`),
  CONSTRAINT `fk_naf_id` FOREIGN KEY (`naf_id`) REFERENCES `Naf` (`id`)
) ENGINE=InnoDB AUTO_INCREMENT=23 DEFAULT CHARSET=utf8;
/*!40101 SET character_set_client = @saved_cs_client */;

--
-- Dumping data for table `Entreprise`
--

LOCK TABLES `Entreprise` WRITE;
/*!40000 ALTER TABLE `Entreprise` DISABLE KEYS */;
INSERT INTO `Entreprise` (`identifiant`, `raisonSociale`, `numeroSiret`, `dsn`, `adresseLigne1`, `adresseLigne2`, `adresseLigne3`, `adresseLigne4`, `codePostal`, `ville`, `identiteCorrespondant`, `civiliteCorrespondant`, `fonctionCorrespondant`, `telephoneStandard`, `telephoneMobile`, `telephoneAutre`, `fax`, `email1`, `email2`, `naf_id`, `conventionCollective_id`) VALUES (1,'Hospitalisation privée à but lucratif','',1,'','','','','75000','PARIS','',NULL,'',NULL,NULL,NULL,NULL,'','',3618,182),(2,'Transports routiers','12345678923444',1,'ESC F','APPART 2202','rue jean de la fontaine','','78230','Le pecq','MARTIN ',NULL,'DIRIGEANT','0123456789',NULL,NULL,NULL,'martin@yahoo.fr','',4183,386),(3,'Bureaux d\'études SA','23454535322224',1,'ESC f','apprt 2020','rue jean de la fontaine','','78230','Le pecq','Martin','M','dirigeant','0123456787',NULL,NULL,NULL,'as.montaudouin@gmail.com','',3855,53),(4,'Bureaux d\'études techniques','',1,'','','','','78230','PECQ','',NULL,'',NULL,NULL,NULL,NULL,'','',930,53),(5,'Etablissement privé TEST','',1,'','','','','75001','Paris','',NULL,'',NULL,NULL,NULL,NULL,'','',4012,182),(6,'TEST Sans CCN','12346664432211',0,'','','','','75001','Paris','',NULL,'',NULL,NULL,NULL,NULL,'','',3817,NULL),(7,'Création et événement ','',1,'','','','','75001','Paris','',NULL,'',NULL,NULL,NULL,NULL,'','',3633,118),(8,'Aide à domicile ','',1,'','','','','60000','PARIS','',NULL,'',NULL,NULL,NULL,NULL,'','',4062,7),(9,'Hôtels, cafés, restaurants','',0,'','','','','75001','Paris','',NULL,'',NULL,NULL,NULL,NULL,'','',6771,187),(10,'TEST','',1,'','','','','75001','Paris','',NULL,'',NULL,NULL,NULL,NULL,'','',3618,56),(11,'Transports routiers','45543234543322',1,'ESC F','APPART 3243','avenue de paris','','78230','Le pecq','martin',NULL,'dirigeant ','0234567876',NULL,NULL,NULL,'as.montaudouin@gmail.com','',2070,386),(12,'MALKO ANIM 3246','',0,'403 rue 403','403 rue 403','403 rue 403','403 rue 403','16000','ANGOULEME','',NULL,'Gérant Nimo',NULL,NULL,NULL,NULL,'','',2019,15),(13,'TEST TARIF RC','',1,'','','','','75000','Paris','',NULL,'',NULL,NULL,NULL,NULL,'','',6657,NULL),(14,'Édition','',0,'','','','','75000','PARIS','',NULL,'',NULL,NULL,NULL,NULL,'','',2342,131),(15,'Transports routiers sa','',1,'','','','','78230','Le pecq','',NULL,'',NULL,NULL,NULL,NULL,'','',2070,386),(16,'Cas pariticulier','12345467788999',0,'','','','','75000','Paris','',NULL,'',NULL,NULL,NULL,NULL,'','',4014,NULL),(17,'Prestataires de services','',0,'ESCF ','Appartement 2020','rue jean de la fontaine','','78230','Le pecc','Martine',NULL,'Dirigeant',NULL,NULL,NULL,NULL,'as.montaudouin@gmail.com','',6745,342),(18,'Prestataires de services','',0,'','','','','78230','Le pecq','',NULL,'',NULL,NULL,NULL,NULL,'','',3607,342),(19,'Sport','',1,'','','','','78230','Le pecq','',NULL,'',NULL,NULL,NULL,NULL,'','',4157,366),(20,'MMM','',1,'403 rue 403','403 rue 403','403 rue 403','403 rue 403','16000','ANGOULEME','',NULL,'',NULL,NULL,NULL,NULL,'','',7125,83),(21,'hhh','',1,'','','','','13000','marseille','',NULL,'',NULL,NULL,NULL,NULL,'','',191,56),(22,'INFOTECH','',1,'','','','','75015','MARSEILLE','',NULL,'',NULL,NULL,NULL,NULL,'','',3640,53);
/*!40000 ALTER TABLE `Entreprise` ENABLE KEYS */;
UNLOCK TABLES;

--
-- Table structure for table `Etude`
--

DROP TABLE IF EXISTS `Etude`;
/*!40101 SET @saved_cs_client     = @@character_set_client */;
/*!40101 SET character_set_client = utf8 */;
CREATE TABLE `Etude` (
  `identifiant` int(11) NOT NULL AUTO_INCREMENT,
  `reference` varchar(255) DEFAULT NULL,
  `dateEffet` datetime DEFAULT NULL,
  `lastSave` datetime DEFAULT NULL,
  `dateCreation` datetime DEFAULT NULL,
  `createur` tinyint(1) NOT NULL DEFAULT '0',
  `status` varchar(15) NOT NULL DEFAULT '',
  `entreprise_identifiant` int(11) DEFAULT NULL,
  `agence_identifiant` int(11) DEFAULT NULL,
  `conseiller_identifiant` int(11) DEFAULT NULL,
  PRIMARY KEY (`identifiant`),
  KEY `FK402D487E5DACE54` (`entreprise_identifiant`),
  KEY `FK402D487F5B59300` (`agence_identifiant`),
  KEY `FK402D48783B5722` (`conseiller_identifiant`),
  CONSTRAINT `FK402D48783B5722` FOREIGN KEY (`conseiller_identifiant`) REFERENCES `Conseiller` (`identifiant`),
  CONSTRAINT `FK402D487E5DACE54` FOREIGN KEY (`entreprise_identifiant`) REFERENCES `Entreprise` (`identifiant`),
  CONSTRAINT `FK402D487F5B59300` FOREIGN KEY (`agence_identifiant`) REFERENCES `Agence` (`identifiant`)
) ENGINE=InnoDB AUTO_INCREMENT=20 DEFAULT CHARSET=utf8;
/*!40101 SET character_set_client = @saved_cs_client */;

--
-- Dumping data for table `Etude`
--

LOCK TABLES `Etude` WRITE;
/*!40000 ALTER TABLE `Etude` DISABLE KEYS */;
INSERT INTO `Etude` (`identifiant`, `reference`, `dateEffet`, `lastSave`, `dateCreation`, `createur`, `status`, `entreprise_identifiant`, `agence_identifiant`, `conseiller_identifiant`) VALUES (1,'T9BLQQU5P7','2019-07-01 00:00:00','2019-06-19 14:22:17','2019-06-19 14:18:33',0,'PROPOSITION',1,1,1),(2,'4J6W2F3DXJ','2019-07-01 00:00:00','2019-06-19 15:07:03','2019-06-19 15:03:13',0,'PROPOSITION',2,1,1),(3,'2NH3BVXLE9','2019-07-01 00:00:00','2019-06-19 15:26:10','2019-06-19 15:23:49',0,'PROPOSITION',3,1,1),(4,'AGUSXQUMSM','2019-07-01 00:00:00','2019-06-19 15:48:33','2019-06-19 15:46:03',0,'PROPOSITION',4,1,1),(5,'FFFLFLEK8D','2019-07-01 00:00:00','2019-06-21 08:38:00','2019-06-21 08:30:04',0,'PROPOSITION',5,1,1),(6,'JC3LH3S7B8','2019-07-01 00:00:00','2019-06-21 08:45:01','2019-06-21 08:42:49',0,'PROPOSITION',7,1,1),(7,'U6L7WL6BBA','2019-07-01 00:00:00','2019-06-21 08:48:27','2019-06-21 08:45:55',0,'PROPOSITION',8,1,1),(8,'4WTQQM9AY3','2019-07-01 00:00:00','2019-06-21 08:58:50','2019-06-21 08:56:42',0,'PROPOSITION',9,1,1),(9,'JXXSLEJLGY','2019-07-01 00:00:00','2019-06-21 10:22:06','2019-06-21 10:19:19',0,'PROPOSITION',10,1,1),(10,'TCN5Z4JXH9','2019-07-01 00:00:00','2019-06-21 10:40:25','2019-06-21 10:38:38',0,'PROPOSITION',11,1,1),(11,'SKNGJENM8K','2019-07-01 00:00:00','2019-06-21 14:25:14','2019-06-21 14:18:29',0,'PROPOSITION',12,1,1),(12,'QPCQLKK26L','2019-07-01 00:00:00','2019-06-21 16:59:35','2019-06-21 16:56:54',0,'PROPOSITION',14,1,1),(13,'7JKEUBV9CR','2019-07-01 00:00:00','2019-06-24 10:32:22','2019-06-24 10:29:09',0,'PROPOSITION',15,1,1),(14,'VWUL531B95','2019-07-01 00:00:00','2019-06-24 10:36:54','2019-06-24 10:35:37',0,'PROPOSITION',16,1,1),(15,'QBMEAUWPUN','2019-07-01 00:00:00','2019-06-24 10:46:26','2019-06-24 10:42:09',0,'PROPOSITION',17,1,1),(16,'J2S5XA5T3F','2019-07-01 00:00:00','2019-06-24 10:49:42','2019-06-24 10:47:51',0,'PROPOSITION',18,1,1),(17,'N2GBFDIIP9','2019-07-01 00:00:00','2019-06-24 11:08:14','2019-06-24 11:05:02',0,'PROPOSITION',19,1,1),(18,'YQ9RS1XNBS','2019-08-01 00:00:00','2019-07-02 14:25:18','2019-07-02 14:09:57',0,'PROPOSITION',20,1,1),(19,'V81XMXRKVB','2019-08-01 00:00:00','2019-07-11 15:15:33','2019-07-11 15:05:05',0,'PROPOSITION',22,1,1);
/*!40000 ALTER TABLE `Etude` ENABLE KEYS */;
UNLOCK TABLES;

--
-- Table structure for table `FragmentEdition`
--

DROP TABLE IF EXISTS `FragmentEdition`;
/*!40101 SET @saved_cs_client     = @@character_set_client */;
/*!40101 SET character_set_client = utf8 */;
CREATE TABLE `FragmentEdition` (
  `id` int(11) NOT NULL AUTO_INCREMENT,
  `libelle` varchar(255) NOT NULL,
  `path` varchar(255) NOT NULL,
  `numero_ordre` int(11) NOT NULL,
  `obligatoire` tinyint(1) NOT NULL,
  `choisi_par_defaut` tinyint(1) NOT NULL DEFAULT '0',
  `type` varchar(255) NOT NULL,
  `numero_patch` int(11) DEFAULT NULL,
  `dynamique` tinyint(1) DEFAULT '0',
  PRIMARY KEY (`id`)
) ENGINE=InnoDB AUTO_INCREMENT=247 DEFAULT CHARSET=utf8;
/*!40101 SET character_set_client = @saved_cs_client */;

--
-- Dumping data for table `FragmentEdition`
--

LOCK TABLES `FragmentEdition` WRITE;
/*!40000 ALTER TABLE `FragmentEdition` DISABLE KEYS */;
INSERT INTO `FragmentEdition` (`id`, `libelle`, `path`, `numero_ordre`, `obligatoire`, `choisi_par_defaut`, `type`, `numero_patch`, `dynamique`) VALUES (1,'Proposition commerciale','%ROOT-EDITION-PATH%/nocStd.fo.xsl',10030,0,1,'XSL_FO',NULL,0),(2,'Devoir d\'information et de conseil','%ROOT-EDITION-PATH%/nocDevoirDeConseil.fo.xsl',10030,1,1,'XSL_FO',NULL,0),(3,'Définition des garanties','%ROOT-EDITION-PATH%/standard/Definition_des_garanties.pdf',10070,0,0,'PDF',NULL,0),(4,'Conditions générales','%ROOT-EDITION-PATH%/standard/17118_NOC_CG_bdef.pdf',150090,0,0,'PDF',NULL,0),(5,'Etat des sinistres en cours','%ROOT-EDITION-PATH%/standard/17132_NOC_Etat_des_sinistres_en_cours_Bdef.pdf',170010,0,0,'PDF',NULL,0),(6,'Liste du personnel','%ROOT-EDITION-PATH%/commun/liste_personnel.pdf',180020,0,0,'PDF',NULL,0),(7,'Questionnaire médical simplifié','%ROOT-EDITION-PATH%/standard/17147_Contrat_collectif_obligatoire_QM_simplifie_bdef.pdf',190010,0,0,'PDF',NULL,0),(8,'Questionnaire médical complet','%ROOT-EDITION-PATH%/standard/17123_PrevoyanceCollective_QMC_bdef.pdf',190020,0,0,'PDF',NULL,0),(9,'Proposition commerciale Mensualisation','%ROOT-EDITION-PATH%/mensu.fo.xsl',10040,0,0,'XSL_FO',NULL,0),(10,'Descriptif des garanties mensualisation','%ROOT-EDITION-PATH%/mensu/idcc1388_ccn3001/garanties.pdf',100150,0,0,'PDF',NULL,0),(11,'Demande de souscription mensualisation complément relais','%ROOT-EDITION-PATH%/mensu/demande_souscription_PME_2018.pdf',60180,0,0,'PDF',NULL,0),(12,'Conditions générales PME 2016','%ROOT-EDITION-PATH%/commun/pme_cg.pdf',150120,0,0,'PDF',NULL,0),(14,'Descriptif des garanties mensualisation','%ROOT-EDITION-PATH%/mensu/idcc2609_ccn3002/garanties.pdf',100700,0,0,'PDF',NULL,0),(15,'Descriptif des garanties mensualisation','%ROOT-EDITION-PATH%/mensu/idcc1408_ccn3004/garanties.pdf',100160,0,0,'PDF',NULL,0),(16,'Descriptif des garanties mensualisation :INGENIEURS, CADRES & ASSIMILES','%ROOT-EDITION-PATH%/mensu/idcc2409_ccn3005/garanties.pdf',100650,0,0,'PDF',NULL,0),(17,'Descriptif des garanties mensualisation :ETAM','%ROOT-EDITION-PATH%/mensu/idcc2614_ccn3005/garanties.pdf',100710,0,0,'PDF',NULL,0),(18,'Descriptif des garanties mensualisation: OUVRIERS','%ROOT-EDITION-PATH%/mensu/idcc1702_ccn3005/garanties.pdf',100440,0,0,'PDF',NULL,0),(19,'Descriptif des garanties mensualisation','%ROOT-EDITION-PATH%/mensu/idcc1561_ccn3015/garanties.pdf',100350,0,0,'PDF',NULL,0),(20,'Descriptif des garanties mensualisation','%ROOT-EDITION-PATH%/mensu/idcc1486_ccn3018/garanties.pdf',100240,0,0,'PDF',NULL,0),(21,'Descriptif des garanties mensualisation','%ROOT-EDITION-PATH%/mensu/idcc787_ccn3020/garanties.pdf',101020,0,0,'PDF',NULL,0),(22,'Descriptif des garanties mensualisation','%ROOT-EDITION-PATH%/mensu/idcc779_ccn3022/garanties.pdf',101010,0,0,'PDF',NULL,0),(23,'Descriptif des garanties mensualisation','%ROOT-EDITION-PATH%/mensu/idcc2728_ccn3026/garanties.pdf',100720,0,0,'PDF',NULL,0),(24,'Descriptif des garanties mensualisation','%ROOT-EDITION-PATH%/mensu/idcc706_ccn3027/garanties.pdf',100990,0,0,'PDF',NULL,0),(25,'Descriptif des garanties mensualisation','%ROOT-EDITION-PATH%/mensu/idcc635_ccn3033/garanties.pdf',100890,0,0,'PDF',NULL,0),(26,'Descriptif des garanties mensualisation','%ROOT-EDITION-PATH%/mensu/idcc1090_ccn3034/garanties.pdf',100080,0,0,'PDF',NULL,0),(27,'Descriptif des garanties mensualisation','%ROOT-EDITION-PATH%/mensu/idcc1921_ccn3037/garanties.pdf',100490,0,0,'PDF',NULL,0),(28,'Descriptif des garanties mensualisation','%ROOT-EDITION-PATH%/mensu/idcc998_ccn3042/garanties.pdf',101060,0,0,'PDF',NULL,0),(29,'Descriptif des garanties mensualisation','%ROOT-EDITION-PATH%/mensu/idcc45_ccn3046/garanties.pdf',100820,0,0,'PDF',NULL,0),(30,'Descriptif des garanties mensualisation','%ROOT-EDITION-PATH%/mensu/idcc1761_ccn3047/garanties.pdf',100470,0,0,'PDF',NULL,0),(31,'Descriptif des garanties mensualisation','%ROOT-EDITION-PATH%/mensu/idcc1499_ccn3050/garanties.pdf',100250,0,0,'PDF',NULL,0),(32,'Descriptif des garanties mensualisation','%ROOT-EDITION-PATH%/mensu/idcc567_ccn3051/garanties.pdf',100850,0,0,'PDF',NULL,0),(33,'Descriptif des garanties mensualisation','%ROOT-EDITION-PATH%/mensu/idcc675_ccn3065/garanties.pdf',100930,0,0,'PDF',NULL,0),(34,'Descriptif des garanties mensualisation','%ROOT-EDITION-PATH%/mensu/idcc292_ccn3066/garanties.pdf',100740,0,0,'PDF',NULL,0),(35,'Descriptif des garanties mensualisation','%ROOT-EDITION-PATH%/mensu/idcc673_ccn3067/garanties.pdf',100920,0,0,'PDF',NULL,0),(36,'Descriptif des garanties mensualisation','%ROOT-EDITION-PATH%/mensu/idcc86_ccn3073/garanties.pdf',101030,0,0,'PDF',NULL,0),(37,'Descriptif des garanties mensualisation','%ROOT-EDITION-PATH%/mensu/idcc1000_ccn3078/garanties.pdf',100030,0,0,'PDF',NULL,0),(38,'Descriptif des garanties mensualisation','%ROOT-EDITION-PATH%/mensu/idcc669_ccn3079/garanties.pdf',100910,0,0,'PDF',NULL,0),(39,'Descriptif des garanties mensualisation','%ROOT-EDITION-PATH%/mensu/idcc87_ccn3081/garanties.pdf',101040,0,0,'PDF',NULL,0),(40,'Descriptif des garanties mensualisation','%ROOT-EDITION-PATH%/mensu/idcc2156_ccn3082/garanties.pdf',100610,0,0,'PDF',NULL,0),(41,'Descriptif des garanties mensualisation','%ROOT-EDITION-PATH%/mensu/idcc1431_ccn3084/garanties.pdf',100210,0,0,'PDF',NULL,0),(42,'Descriptif des garanties mensualisation','%ROOT-EDITION-PATH%/mensu/idcc16_ccn3085/garanties.pdf',100430,0,0,'PDF',NULL,0),(43,'Descriptif des garanties mensualisation','%ROOT-EDITION-PATH%/mensu/idcc1527_ccn3090/garanties.pdf',100320,0,0,'PDF',NULL,0),(44,'Descriptif des garanties mensualisation','%ROOT-EDITION-PATH%/mensu/idcc1424_ccn3099/garanties.pdf',100200,0,0,'PDF',NULL,0),(45,'Descriptif des garanties mensualisation','%ROOT-EDITION-PATH%/mensu/idcc43_ccn3100/garanties.pdf',100790,0,0,'PDF',NULL,0),(46,'Descriptif des garanties mensualisation','%ROOT-EDITION-PATH%/mensu/idcc1747_ccn3102/garanties.pdf',100450,0,0,'PDF',NULL,0),(47,'Descriptif des garanties mensualisation','%ROOT-EDITION-PATH%/mensu/idcc2121_ccn3103/garanties.pdf',100590,0,0,'PDF',NULL,0),(48,'Descriptif des garanties mensualisation','%ROOT-EDITION-PATH%/mensu/idcc18_ccn3106/garanties.pdf',100480,0,0,'PDF',NULL,0),(50,'Descriptif des garanties mensualisation','%ROOT-EDITION-PATH%/mensu/idcc1938_ccn3111/garanties.pdf',100500,0,0,'PDF',NULL,0),(51,'Descriptif des garanties mensualisation','%ROOT-EDITION-PATH%/mensu/idcc2089_ccn3113/garanties.pdf',100560,0,0,'PDF',NULL,0),(52,'Descriptif des garanties mensualisation','%ROOT-EDITION-PATH%/mensu/idcc468_ccn3120/garanties.pdf',100830,0,0,'PDF',NULL,0),(53,'Descriptif des garanties mensualisation','%ROOT-EDITION-PATH%/mensu/idcc112_ccn3124/garanties.pdf',100090,0,0,'PDF',NULL,0),(54,'Descriptif des garanties mensualisation','%ROOT-EDITION-PATH%/mensu/idcc1586_ccn3125/garanties.pdf',100380,0,0,'PDF',NULL,0),(55,'Descriptif des garanties mensualisation','%ROOT-EDITION-PATH%/mensu/idcc1480_ccn3136/garanties.pdf',100220,0,0,'PDF',NULL,0),(56,'Descriptif des garanties mensualisation','%ROOT-EDITION-PATH%/mensu/idcc614_ccn3137/garanties.pdf',100880,0,0,'PDF',NULL,0),(57,'Descriptif des garanties mensualisation','%ROOT-EDITION-PATH%/mensu/idcc354_ccn3139/garanties.pdf',100770,0,0,'PDF',NULL,0),(58,'Descriptif des garanties mensualisation','%ROOT-EDITION-PATH%/mensu/idcc598_ccn3140/garanties.pdf',100870,0,0,'PDF',NULL,0),(59,'Descriptif des garanties mensualisation','%ROOT-EDITION-PATH%/mensu/idcc1895_ccn3140_ccn3141/garanties.pdf',101090,0,0,'PDF',NULL,0),(60,'Descriptif des garanties mensualisation','%ROOT-EDITION-PATH%/mensu/idcc1083_ccn3141/garanties.pdf',100070,0,0,'PDF',NULL,0),(61,'Descriptif des garanties mensualisation','%ROOT-EDITION-PATH%/mensu/idcc781_ccn3141/garanties.pdf',101100,0,0,'PDF',NULL,0),(62,'Descriptif des garanties mensualisation','%ROOT-EDITION-PATH%/mensu/idcc2014_ccn3142/garanties.pdf',70570,0,0,'PDF',NULL,0),(63,'Descriptif des garanties mensualisation','%ROOT-EDITION-PATH%/mensu/idcc1043_ccn3144/garanties.pdf',100040,0,0,'PDF',NULL,0),(64,'Descriptif des garanties mensualisation','%ROOT-EDITION-PATH%/mensu/idcc915_ccn3145/garanties.pdf',101050,0,0,'PDF',NULL,0),(65,'Descriptif des garanties mensualisation','%ROOT-EDITION-PATH%/mensu/idcc1044_ccn3152/garanties.pdf',100050,0,0,'PDF',NULL,0),(66,'Descriptif des garanties mensualisation','%ROOT-EDITION-PATH%/mensu/idcc2174_ccn3153/garanties.pdf',100620,0,0,'PDF',NULL,0),(67,'Descriptif des garanties mensualisation','%ROOT-EDITION-PATH%/mensu/idcc2528_ccn3157/garanties.pdf',100680,0,0,'PDF',NULL,0),(68,'Descriptif des garanties mensualisation','%ROOT-EDITION-PATH%/mensu/idcc2596_ccn3159/garanties.pdf',100690,0,0,'PDF',NULL,0),(69,'Descriptif des garanties mensualisation','%ROOT-EDITION-PATH%/mensu/idcc2120_ccn3161/garanties.pdf',100580,0,0,'PDF',NULL,0),(70,'Descriptif des garanties mensualisation','%ROOT-EDITION-PATH%/mensu/idcc1580_ccn3163/garanties.pdf',100370,0,0,'PDF',NULL,0),(71,'Descriptif des garanties mensualisation','%ROOT-EDITION-PATH%/mensu/idcc1077_ccn3165/garanties.pdf',100060,0,0,'PDF',NULL,0),(72,'Descriptif des garanties mensualisation','%ROOT-EDITION-PATH%/mensu/idcc3213_ccn3169/garanties.pdf',100760,0,0,'PDF',NULL,0),(73,'Descriptif des garanties mensualisation','%ROOT-EDITION-PATH%/mensu/idcc538_ccn3170/garanties.pdf',100840,0,0,'PDF',NULL,0),(74,'Descriptif des garanties mensualisation','%ROOT-EDITION-PATH%/mensu/idcc715_ccn3171/garanties.pdf',101000,0,0,'PDF',NULL,0),(75,'Descriptif des garanties mensualisation','%ROOT-EDITION-PATH%/mensu/idcc1945_ccn3172/garanties.pdf',100510,0,0,'PDF',NULL,0),(76,'Descriptif des garanties mensualisation','%ROOT-EDITION-PATH%/mensu/idcc1909_ccn3175/garanties.pdf',100480,0,0,'PDF',NULL,0),(77,'Descriptif des garanties mensualisation','%ROOT-EDITION-PATH%/mensu/idcc275_ccn3177/garanties.pdf',100730,0,0,'PDF',NULL,0),(78,'Descriptif des garanties mensualisation','%ROOT-EDITION-PATH%/mensu/idcc200_ccn3178/garanties.pdf',100550,0,0,'PDF',NULL,0),(79,'Descriptif des garanties mensualisation','%ROOT-EDITION-PATH%/mensu/idcc1182_ccn3183/garanties.pdf',100110,0,0,'PDF',NULL,0),(80,'Descriptif des garanties mensualisation','%ROOT-EDITION-PATH%/mensu/idcc1423_ccn3187/garanties.pdf',100190,0,0,'PDF',NULL,0),(81,'Descriptif des garanties mensualisation','%ROOT-EDITION-PATH%/mensu/idcc1596_ccn3193/garanties.pdf',100390,0,0,'PDF',NULL,0),(82,'Descriptif des garanties mensualisation','%ROOT-EDITION-PATH%/mensu/idcc1413_ccn3212/garanties.pdf',100180,0,0,'PDF',NULL,0),(83,'Descriptif des garanties mensualisation','%ROOT-EDITION-PATH%/mensu/idcc2972_ccn3216/garanties.pdf',100750,0,0,'PDF',NULL,0),(84,'Descriptif des garanties mensualisation','%ROOT-EDITION-PATH%/mensu/idcc1237_ccn3220/garanties.pdf',100120,0,0,'PDF',NULL,0),(85,'Descriptif des garanties mensualisation','%ROOT-EDITION-PATH%/mensu/idcc1278_ccn3221/garanties.pdf',100130,0,0,'PDF',NULL,0),(86,'Descriptif des garanties mensualisation','%ROOT-EDITION-PATH%/mensu/idcc637_ccn3228/garanties.pdf',100900,0,0,'PDF',NULL,0),(87,'Descriptif des garanties mensualisation','%ROOT-EDITION-PATH%/mensu/idcc1606_ccn3232/garanties.pdf',100410,0,0,'PDF',NULL,0),(88,'Descriptif des garanties mensualisation','%ROOT-EDITION-PATH%/mensu/idcc1558_ccn3238/garanties.pdf',100340,0,0,'PDF',NULL,0),(89,'Descriptif des garanties mensualisation','%ROOT-EDITION-PATH%/mensu/idcc1483_ccn3241/garanties.pdf',100230,0,0,'PDF',NULL,0),(90,'Descriptif des garanties mensualisation','%ROOT-EDITION-PATH%/mensu/idcc1501_ccn3245/garanties.pdf',100260,0,0,'PDF',NULL,0),(91,'Descriptif des garanties mensualisation','%ROOT-EDITION-PATH%/mensu/idcc1513_ccn3247/garanties.pdf',100280,0,0,'PDF',NULL,0),(92,'Descriptif des garanties mensualisation','%ROOT-EDITION-PATH%/mensu/idcc1512_ccn3248/garanties.pdf',100270,0,0,'PDF',NULL,0),(93,'Descriptif des garanties mensualisation','%ROOT-EDITION-PATH%/mensu/idcc1516_ccn3249/garanties.pdf',100290,0,0,'PDF',NULL,0),(94,'Descriptif des garanties mensualisation','%ROOT-EDITION-PATH%/mensu/idcc1517_ccn3251/garanties.pdf',100300,0,0,'PDF',NULL,0),(95,'Descriptif des garanties mensualisation','%ROOT-EDITION-PATH%/mensu/idcc1543_ccn3253/garanties.pdf',100330,0,0,'PDF',NULL,0),(96,'Descriptif des garanties mensualisation','%ROOT-EDITION-PATH%/mensu/idcc1619_ccn3255/garanties.pdf',100420,0,0,'PDF',NULL,0),(97,'Descriptif des garanties mensualisation','%ROOT-EDITION-PATH%/mensu/idcc1605_ccn3260/garanties.pdf',100400,0,0,'PDF',NULL,0),(98,'Descriptif des garanties mensualisation','%ROOT-EDITION-PATH%/mensu/idcc1760_ccn3272/garanties.pdf',100460,0,0,'PDF',NULL,0),(99,'Descriptif des garanties mensualisation','%ROOT-EDITION-PATH%/mensu/idcc363_ccn3280/garanties.pdf',100780,0,0,'PDF',NULL,0),(100,'Descriptif des garanties mensualisation','%ROOT-EDITION-PATH%/mensu/idcc1982_ccn3286/garanties.pdf',100530,0,0,'PDF',NULL,0),(101,'Descriptif des garanties mensualisation','%ROOT-EDITION-PATH%/mensu/idcc1947_ccn3287/garanties.pdf',100520,0,0,'PDF',NULL,0),(102,'Descriptif des garanties mensualisation','%ROOT-EDITION-PATH%/mensu/idcc1563_ccn3291/garanties.pdf',100360,0,0,'PDF',NULL,0),(103,'Descriptif des garanties mensualisation','%ROOT-EDITION-PATH%/mensu/idcc1987_ccn3294/garanties.pdf',100540,0,0,'PDF',NULL,0),(104,'Descriptif des garanties mensualisation','%ROOT-EDITION-PATH%/mensu/idcc2098_ccn3301/garanties.pdf',100570,0,0,'PDF',NULL,0),(105,'Descriptif des garanties mensualisation','%ROOT-EDITION-PATH%/mensu/idcc2147_ccn3302/garanties.pdf',100600,0,0,'PDF',NULL,0),(106,'Descriptif des garanties mensualisation','%ROOT-EDITION-PATH%/mensu/idcc2272_ccn3309/garanties.pdf',100640,0,0,'PDF',NULL,0),(107,'Descriptif des garanties mensualisation','%ROOT-EDITION-PATH%/mensu/idcc2420_ccn3322/garanties.pdf',100660,0,0,'PDF',NULL,0),(108,'Descriptif des garanties mensualisation','%ROOT-EDITION-PATH%/mensu/idcc7005_ccn3604/garanties.pdf',100970,0,0,'PDF',NULL,0),(109,'Descriptif des garanties mensualisation','%ROOT-EDITION-PATH%/mensu/idcc7003_ccn3607/garanties.pdf',100950,0,0,'PDF',NULL,0),(110,'Descriptif des garanties mensualisation','%ROOT-EDITION-PATH%/mensu/idcc7004_ccn3608/garanties.pdf',100960,0,0,'PDF',NULL,0),(111,'Descriptif des garanties mensualisation','%ROOT-EDITION-PATH%/mensu/idcc7006_ccn3614/garanties.pdf',100980,0,0,'PDF',NULL,0),(112,'Descriptif des garanties mensualisation','%ROOT-EDITION-PATH%/mensu/idcc7002_ccn3616/garanties.pdf',100940,0,0,'PDF',NULL,0),(113,'Descriptif des garanties mensualisation','%ROOT-EDITION-PATH%/mensu/ccn3109_metallurgie/garanties.pdf',100020,0,0,'PDF',NULL,0),(114,'Descriptif des garanties mensualisation','%ROOT-EDITION-PATH%/mensu/idcc1170_ccn3086/garanties.pdf',100100,0,0,'PDF',NULL,0),(115,'Proposition commerciale CCN','%ROOT-EDITION-PATH%/ccn_recommandees.fo.xsl',10010,0,0,'XSL_FO',NULL,0),(116,'kit de commercialisation','%ROOT-EDITION-PATH%/reco/idcc2264_jo3307_fhp/kit_commercialisation.pdf',60010,0,0,'PDF',NULL,0),(117,'Demande d\'étude des Risques en cours','%ROOT-EDITION-PATH%/commun/demande_etude_risques_en_cours.pdf',170030,0,0,'PDF',NULL,0),(118,'Bulletin d\'adhésion - régime conventionnel','%ROOT-EDITION-PATH%/reco/idcc567_jo3051_bjop/Gar_conv.pdf',80010,0,0,'PDF',NULL,1),(119,'Conditions générales - régime conventionnel','%ROOT-EDITION-PATH%/reco/idcc567_jo3051_bjop/conditions_generales.pdf',150050,0,0,'PDF',NULL,0),(120,'Bulletin d\'adhésion - garanties additionnelles','%ROOT-EDITION-PATH%/reco/idcc567_jo3051_bjop/Gar_add.pdf',90010,0,0,'PDF',NULL,1),(121,'Bulletin d\'adhésion - garanties conventionnelles','%ROOT-EDITION-PATH%/reco/idcc1483_jo3241_habillement/Gar_conv.pdf',80020,0,0,'PDF',NULL,1),(122,'Conditions générales - régime conventionnel','%ROOT-EDITION-PATH%/reco/idcc1483_jo3241_habillement/habillement_cg.pdf',150030,0,0,'PDF',NULL,0),(123,'Bulletin d\'adhésion - garanties additionnelles','%ROOT-EDITION-PATH%/reco/idcc1483_jo3241_habillement/Gar_add.pdf',90020,0,0,'PDF',NULL,1),(124,'Descriptif des garanties mensualisation','%ROOT-EDITION-PATH%/mensu/idcc2216_ccn3305/garanties.pdf',100630,0,0,'PDF',NULL,0),(125,'Descriptif des garanties mensualisation','%ROOT-EDITION-PATH%/mensu/idcc1411_ccn3155/garanties.pdf',100170,0,0,'PDF',NULL,0),(126,'Descriptif des garanties mensualisation','%ROOT-EDITION-PATH%/mensu/idcc573_ccn3044/garanties.pdf',100860,0,0,'PDF',NULL,0),(127,'Descriptif des garanties mensualisation','%ROOT-EDITION-PATH%/mensu/0001_accords_nationaux/garanties.pdf',100010,0,0,'PDF',NULL,0),(128,'Descriptif des garanties mensualisation','%ROOT-EDITION-PATH%/mensu/idcc44_ccn3108/uic/garanties.pdf',100810,0,0,'PDF',NULL,0),(129,'Demande de souscription','%ROOT-EDITION-PATH%/libre/mutex/idcc44_ccn3108_chimie/uic/demande_souscription.pdf',60160,0,0,'PDF',NULL,1),(130,'Descriptif des garanties mensualisation','%ROOT-EDITION-PATH%/mensu/idcc44_ccn3108/non_uic/garanties.pdf',100800,0,0,'PDF',NULL,0),(131,'Demande de souscription','%ROOT-EDITION-PATH%/libre/mutex/idcc44_ccn3108_chimie/non_uic/demande_souscription.pdf',60150,0,0,'PDF',NULL,1),(132,'Descriptif des garanties mensualisation','%ROOT-EDITION-PATH%/mensu/idcc1518_ccn3246/garanties.pdf',100310,0,0,'PDF',NULL,0),(133,'Bulletin d\'adhésion','%ROOT-EDITION-PATH%/libre/chorum/idcc1518_ccn3246_animation/demande_souscription.pdf',60130,0,0,'PDF',NULL,0),(134,'Liste du personnel','%ROOT-EDITION-PATH%/libre/chorum/liste_personnel.pdf',180010,0,0,'PDF',NULL,0),(135,'Demande d\'étude des Risques en cours','%ROOT-EDITION-PATH%/libre/chorum/demande_etudes_des_risques_en_cours.pdf',170020,0,0,'PDF',NULL,0),(136,'Descriptif des garanties mensualisation','%ROOT-EDITION-PATH%/mensu/idcc2511_ccn3328/garanties.pdf',100670,0,0,'PDF',NULL,0),(137,'Bulletin d\'adhésion','%ROOT-EDITION-PATH%/libre/chorum/idcc2511_ccn3328_sport/demande_souscription.pdf',60140,0,0,'PDF',NULL,0),(138,'Résultat de votre étude','%ROOT-EDITION-PATH%/ccn_recommandees.fo.xsl',10020,0,0,'XSL_FO',NULL,0),(139,'Demande de souscription','%ROOT-EDITION-PATH%/libre/mutex/idcc1486_ccn3018_bureaux_etudes/demande_souscription.pdf',60040,0,0,'PDF',NULL,1),(140,'Annexe aux CG - Régime de base - Cadres','%ROOT-EDITION-PATH%/libre/mutex/idcc1486_ccn3018_bureaux_etudes/annexe_cg_rb_c.pdf',160280,0,0,'PDF',NULL,0),(141,'Annexe aux CG - Régime de base - Non cadres','%ROOT-EDITION-PATH%/libre/mutex/idcc1486_ccn3018_bureaux_etudes/annexe_cg_rb_nc.pdf',160340,0,0,'PDF',NULL,0),(142,'Annexe aux CG - Régime amélioré 1  - Cadres','%ROOT-EDITION-PATH%/libre/mutex/idcc1486_ccn3018_bureaux_etudes/annexe_cg_ra1_c.pdf',160260,0,0,'PDF',NULL,0),(143,'Annexe aux CG - Régime amélioré 1 - Non cadres','%ROOT-EDITION-PATH%/libre/mutex/idcc1486_ccn3018_bureaux_etudes/annexe_cg_ra1_nc.pdf',160320,0,0,'PDF',NULL,0),(144,'Annexe aux CG - Régime amélioré 2  - Cadres','%ROOT-EDITION-PATH%/libre/mutex/idcc1486_ccn3018_bureaux_etudes/annexe_cg_ra2_c.pdf',160270,0,0,'PDF',NULL,0),(145,'Annexe aux CG - Régime amélioré 2 - Non cadres','%ROOT-EDITION-PATH%/libre/mutex/idcc1486_ccn3018_bureaux_etudes/annexe_cg_ra2_nc.pdf',160330,0,0,'PDF',NULL,0),(146,'Demande de souscription','%ROOT-EDITION-PATH%/libre/mutex/idcc1527_ccn3090_immobilier/demande_souscription.pdf',60050,0,0,'PDF',NULL,1),(147,'Conditions générales Immobilier','%ROOT-EDITION-PATH%/libre/mutex/idcc1527_ccn3090_immobilier/cg.pdf',150010,0,0,'PDF',NULL,0),(148,'Demande de souscription','%ROOT-EDITION-PATH%/libre/mutex/idcc675_ccn3065_maisons_a_succursales/demande_souscription.pdf',60100,0,0,'PDF',NULL,1),(149,'Annexe aux CG - Régime de base  - Cadres','%ROOT-EDITION-PATH%/libre/mutex/idcc675_ccn3065_maisons_a_succursales/annexe_cg_rb_c.pdf',160300,0,0,'PDF',NULL,0),(150,'Annexe aux CG - Régime de base  - Non cadres','%ROOT-EDITION-PATH%/libre/mutex/idcc675_ccn3065_maisons_a_succursales/annexe_cg_rb_nc.pdf',160360,0,0,'PDF',NULL,0),(151,'Demande de souscription','%ROOT-EDITION-PATH%/libre/mutex/idcc1351_ccn3196_prevention_et_securite/demande_souscription.pdf',60030,0,0,'PDF',NULL,1),(152,'Annexe aux CG - Régime de base  - Cadres','%ROOT-EDITION-PATH%/libre/mutex/idcc1351_ccn3196_prevention_et_securite/annexe_cg_rb_c.pdf',160250,0,0,'PDF',NULL,0),(153,'Annexe aux CG - Régime de base  - Non cadres','%ROOT-EDITION-PATH%/libre/mutex/idcc1351_ccn3196_prevention_et_securite/annexe_cg_rb_nc.pdf',160310,0,0,'PDF',NULL,0),(154,'Demande de souscription','%ROOT-EDITION-PATH%/libre/mutex/idcc1909_ccn3175_organismes_tourisme/demande_souscription.pdf',60070,0,0,'PDF',NULL,1),(155,'Annexe aux CG - Régime de base  - Cadres','%ROOT-EDITION-PATH%/libre/mutex/idcc1909_ccn3175_organismes_tourisme/annexe_cg_rb_c.pdf',160290,0,0,'PDF',NULL,0),(156,'Annexe aux CG - Régime de base  - Non cadres','%ROOT-EDITION-PATH%/libre/mutex/idcc1909_ccn3175_organismes_tourisme/annexe_cg_rb_nc.pdf',160350,0,0,'PDF',NULL,0),(157,'Annexe aux CG - Régime de prévoyance  - Cadres','%ROOT-EDITION-PATH%/libre/mutex/idcc44_ccn3108_chimie/uic/annexe_cg_rp_c.pdf',160070,0,0,'PDF',NULL,0),(158,'Annexe aux CG - Régime de prévoyance  - Non cadres','%ROOT-EDITION-PATH%/libre/mutex/idcc44_ccn3108_chimie/uic/annexe_cg_rp_nc.pdf',160150,0,0,'PDF',NULL,0),(159,'Annexe aux CG - Garantie Décès-IAD accidentel','%ROOT-EDITION-PATH%/libre/mutex/idcc44_ccn3108_chimie/uic/annexe_cg_dcacci.pdf',160170,0,0,'PDF',NULL,0),(160,'Annexe aux CG - Régime de prévoyance  - Cadres','%ROOT-EDITION-PATH%/libre/mutex/idcc44_ccn3108_chimie/non_uic/annexe_cg_rp_c.pdf',160240,0,0,'PDF',NULL,0),(161,'Annexe aux CG - Garantie Décès-IAD accidentel - Cadre','%ROOT-EDITION-PATH%/libre/mutex/idcc44_ccn3108_chimie/non_uic/annexe_cg_dcacci_c.pdf',160020,0,0,'PDF',NULL,0),(162,'Bulletin d\'adhésion','%ROOT-EDITION-PATH%/reco/idcc292_ccn3066_plasturgie/demande_souscription.pdf',60120,0,0,'PDF',NULL,1),(163,'Conditions générales - régime conventionnel - Non cadres','%ROOT-EDITION-PATH%/reco/idcc292_ccn3066_plasturgie/cg_rc_nc.pdf',160100,0,0,'PDF',NULL,0),(164,'Conditions générales cadres','%ROOT-EDITION-PATH%/reco/idcc292_ccn3066_plasturgie/cg_cadres.pdf',150080,0,0,'PDF',NULL,0),(165,'Conditions générales - garanties optionnelles - Non-cadres','%ROOT-EDITION-PATH%/reco/idcc292_ccn3066_plasturgie/cg_go_nc.pdf',160030,0,0,'PDF',NULL,0),(166,'Tableau de garanties','%ROOT-EDITION-PATH%/libre/chorum/idcc1518_ccn3246_animation/tableau_garanties.pdf',101110,0,0,'PDF',NULL,0),(167,'Conditions générales - régime conventionnel','%ROOT-EDITION-PATH%/libre/chorum/idcc1518_ccn3246_animation/cg.pdf',150100,0,0,'PDF',NULL,0),(168,'Tableau de garanties','%ROOT-EDITION-PATH%/libre/chorum/idcc1316_ccn3151_tourisme/tableau_garanties.pdf',101070,0,0,'PDF',NULL,0),(169,'Conditions générales','%ROOT-EDITION-PATH%/libre/chorum/idcc1316_ccn3151_tourisme/cg.pdf',150060,0,0,'PDF',NULL,0),(170,'Demande de souscription','%ROOT-EDITION-PATH%/libre/chorum/idcc2941_ccn3381_aide_a_domicile/demande_souscription.pdf',60020,0,0,'PDF',NULL,0),(171,'Tableau de garanties','%ROOT-EDITION-PATH%/libre/chorum/idcc2941_ccn3381_aide_a_domicile/tableau_garanties.pdf',101080,0,0,'PDF',NULL,0),(172,'Conditions générales','%ROOT-EDITION-PATH%/libre/chorum/idcc2941_ccn3381_aide_a_domicile/cg.pdf',150070,0,0,'PDF',NULL,0),(173,'Descriptif des garanties mensualisation','%ROOT-EDITION-PATH%/mensu/idcc1351_ccn3196/garanties.pdf',100140,0,0,'PDF',NULL,0),(174,'Demande de souscription','%ROOT-EDITION-PATH%/libre/chorum/idcc1316_ccn3151_tourisme/demande_souscription.pdf',60010,0,0,'PDF',NULL,0),(175,'Résultat de votre étude offre recommandée ESS','%ROOT-EDITION-PATH%/ccn_recommandees.fo.xsl',10030,0,0,'XSL_FO',NULL,0),(176,'Tableau de garanties','%ROOT-EDITION-PATH%/libre/chorum/idcc2511_ccn3328_sport/tableau_garanties.pdf',101120,0,0,'PDF',NULL,0),(177,'Conditions générales - régime conventionnel non cadres','%ROOT-EDITION-PATH%/libre/chorum/idcc2511_ccn3328_sport/cg.pdf',150110,0,0,'PDF',NULL,0),(178,'Demande de souscription','%ROOT-EDITION-PATH%/libre/mutex/idcc573_ccn3044_commercs_de_gros/demande_souscription.pdf',60090,0,0,'PDF',NULL,1),(179,'Conditions générales Commerce de gros','%ROOT-EDITION-PATH%/libre/mutex/idcc573_ccn3044_commercs_de_gros/cg.pdf',150020,0,0,'PDF',NULL,0),(180,'Demande de souscription','%ROOT-EDITION-PATH%/libre/mutex/idcc1979_ccn3292_hotels_cafes_restaurants/demande_souscription.pdf',60080,0,0,'PDF',NULL,1),(181,'Annexe – Offre conventionnelle – Ensemble du personnel','%ROOT-EDITION-PATH%/libre/mutex/idcc1979_ccn3292_hotels_cafes_restaurants/annexe_oc_ep.pdf',160230,0,0,'PDF',NULL,0),(182,'Annexe – Offre additionnelle – Cadres','%ROOT-EDITION-PATH%/libre/mutex/idcc1979_ccn3292_hotels_cafes_restaurants/annexe_oa_c.pdf',160010,0,0,'PDF',NULL,0),(183,'IPID - TPE-PME','%ROOT-EDITION-PATH%/standard/ipid_tpe_pme.pdf',130170,0,0,'PDF',NULL,0),(184,'IPID - TPE 1,50%','%ROOT-EDITION-PATH%/standard/ipid_tpe_150.pdf',130160,0,0,'PDF',NULL,0),(185,'Devoir d\'information et de conseil - Mensualisation','%ROOT-EDITION-PATH%/mensuDevoirDeConseil.fo.xsl',10020,1,1,'XSL_FO',NULL,0),(186,'IPID - Mensualisation','%ROOT-EDITION-PATH%/ipid_mensu.pdf',130140,0,0,'PDF',NULL,0),(187,'Devoir d\'information et de conseil','%ROOT-EDITION-PATH%/dedieeDevoirDeConseil.fo.xsl',10010,1,1,'XSL_FO',NULL,0),(188,'Demande de souscription - régime conventionnel','%ROOT-EDITION-PATH%/reco/idcc2264_jo3307_fhp/demande_souscription_conv.pdf',50010,0,0,'PDF',NULL,1),(189,'Demande de souscription - régime conventionnel saisonniers','%ROOT-EDITION-PATH%/reco/idcc2264_jo3307_fhp/demande_souscription_conv_saisonniers.pdf',71130,0,0,'PDF',NULL,1),(190,'IPID - régime conventionnel','%ROOT-EDITION-PATH%/reco/idcc2264_jo3307_fhp/ipid_conv.pdf',80050,0,0,'PDF',NULL,0),(191,'IPID - régime conventionnel saisonniers','%ROOT-EDITION-PATH%/reco/idcc2264_jo3307_fhp/ipid_conv_sais.pdf',90040,0,0,'PDF',NULL,0),(192,'Demande de souscription - garanties additionnelles','%ROOT-EDITION-PATH%/reco/idcc2264_jo3307_fhp/demande_souscription_gar_add.pdf',60010,0,0,'PDF',NULL,1),(193,'IPID - garanties additionnelles','%ROOT-EDITION-PATH%/reco/idcc2264_jo3307_fhp/ipid_add.pdf',100100,0,0,'PDF',NULL,0),(194,'IPID - régime conventionnel','%ROOT-EDITION-PATH%/reco/idcc567_jo3051_bjop/ipid_conv.pdf',110030,0,0,'PDF',NULL,0),(195,'IPID - garanties additionnelles','%ROOT-EDITION-PATH%/reco/idcc567_jo3051_bjop/ipid_add.pdf',120020,0,0,'PDF',NULL,0),(196,'IPID - régime conventionnel','%ROOT-EDITION-PATH%/reco/idcc1483_jo3241_habillement/ipid_conv.pdf',110010,0,0,'PDF',NULL,0),(197,'IPID - garanties additionnelles','%ROOT-EDITION-PATH%/reco/idcc1483_jo3241_habillement/ipid_add.pdf',120030,0,0,'PDF',NULL,0),(198,'IPID','%ROOT-EDITION-PATH%/libre/mutex/idcc1486_ccn3018_bureaux_etudes/ipid.pdf',130030,0,0,'PDF',NULL,0),(199,'IPID','%ROOT-EDITION-PATH%/libre/mutex/idcc1527_ccn3090_immobilier/ipid.pdf',130040,0,0,'PDF',NULL,0),(200,'IPID','%ROOT-EDITION-PATH%/libre/mutex/idcc675_ccn3065_maisons_a_succursales/ipid.pdf',130090,0,0,'PDF',NULL,0),(201,'IPID','%ROOT-EDITION-PATH%/libre/mutex/idcc1351_ccn3196_prevention_et_securite/ipid.pdf',130020,0,0,'PDF',NULL,0),(202,'IPID','%ROOT-EDITION-PATH%/libre/mutex/idcc1909_ccn3175_organismes_tourisme/ipid.pdf',130060,0,0,'PDF',NULL,0),(203,'IPID','%ROOT-EDITION-PATH%/libre/mutex/idcc44_ccn3108_chimie/uic/ipid.pdf',130130,0,0,'PDF',NULL,0),(204,'IPID','%ROOT-EDITION-PATH%/libre/mutex/idcc44_ccn3108_chimie/non_uic/ipid.pdf',130120,0,0,'PDF',NULL,0),(205,'IPID - régime conventionnel','%ROOT-EDITION-PATH%/libre/chorum/idcc1518_ccn3246_animation/ipid_conv.pdf',110060,0,0,'PDF',NULL,0),(206,'IPID - garanties additionnelles','%ROOT-EDITION-PATH%/libre/chorum/idcc1518_ccn3246_animation/ipid_dc.pdf',120040,0,0,'PDF',NULL,0),(207,'IPID - régime conventionnel','%ROOT-EDITION-PATH%/libre/chorum/idcc1316_ccn3151_tourisme/ipid.pdf',130110,0,0,'PDF',NULL,0),(208,'IPID - régime conventionnel','%ROOT-EDITION-PATH%/libre/chorum/idcc2941_ccn3381_aide_a_domicile/ipid_conv.pdf',110040,0,0,'PDF',NULL,0),(209,'IPID - garanties additionnelles','%ROOT-EDITION-PATH%/libre/chorum/idcc2941_ccn3381_aide_a_domicile/ipid_dc.pdf',130150,0,0,'PDF',NULL,0),(210,'IPID - régime conventionnel cadres','%ROOT-EDITION-PATH%/libre/chorum/idcc2511_ccn3328_sport/ipid_conv_c.pdf',110070,0,0,'PDF',NULL,0),(211,'IPID - régime conventionnel non cadres','%ROOT-EDITION-PATH%/libre/chorum/idcc2511_ccn3328_sport/ipid_conv_nc.pdf',120050,0,0,'PDF',NULL,0),(212,'IPID - garanties additionnelles','%ROOT-EDITION-PATH%/libre/chorum/idcc2511_ccn3328_sport/ipid_add.pdf',130010,0,0,'PDF',NULL,0),(213,'IPID','%ROOT-EDITION-PATH%/libre/mutex/idcc573_ccn3044_commercs_de_gros/ipid.pdf',130080,0,0,'PDF',NULL,0),(214,'IPID','%ROOT-EDITION-PATH%/libre/mutex/idcc1979_ccn3292_hotels_cafes_restaurants/ipid.pdf',130070,0,0,'PDF',NULL,0),(215,'Demande de souscription','%ROOT-EDITION-PATH%/libre/mutex/idcc16_ccn3085_transports_routiers/demande_souscription.pdf',60060,0,0,'PDF',NULL,1),(216,'IPID','%ROOT-EDITION-PATH%/libre/mutex/idcc16_ccn3085_transports_routiers/ipid.pdf',130050,0,0,'PDF',NULL,0),(217,'Annexe aux CG - offre conventionnelle','%ROOT-EDITION-PATH%/libre/mutex/idcc16_ccn3085_transports_routiers/annexe_cg_nc_oc.pdf',160190,0,0,'PDF',NULL,0),(218,'Annexe aux CG - offre complément 1','%ROOT-EDITION-PATH%/libre/mutex/idcc16_ccn3085_transports_routiers/annexe_cg_nc_oc1.pdf',160200,0,0,'PDF',NULL,0),(219,'Annexe aux CG - offre complément 2','%ROOT-EDITION-PATH%/libre/mutex/idcc16_ccn3085_transports_routiers/annexe_cg_nc_oc2.pdf',160210,0,0,'PDF',NULL,0),(220,'Annexe aux CG - offre tout inclus','%ROOT-EDITION-PATH%/libre/mutex/idcc16_ccn3085_transports_routiers/annexe_cg_nc_oct.pdf',160220,0,0,'PDF',NULL,0),(221,'Conditions générales Mutex PME','%ROOT-EDITION-PATH%/commun/pme_cg_ga.pdf',160040,0,0,'PDF',NULL,0),(222,'Annexe aux CG - garanties additionnelles cadres','%ROOT-EDITION-PATH%/reco/idcc567_jo3051_bjop/annexe_cg_ga_c.pdf',160110,0,0,'PDF',NULL,0),(223,'Annexe aux CG - garanties additionnelles non cadres','%ROOT-EDITION-PATH%/reco/idcc567_jo3051_bjop/annexe_cg_ga_nc.pdf',160160,0,0,'PDF',NULL,0),(224,'Annexe aux CG - garanties additionnelles','%ROOT-EDITION-PATH%/reco/idcc1483_jo3241_habillement/annexe_cg_ra.pdf',160080,0,0,'PDF',NULL,0),(225,'IPID - régime conventionnel cadres','%ROOT-EDITION-PATH%/reco/idcc292_ccn3066_plasturgie/ipid_conv_c.pdf',110020,0,0,'PDF',NULL,0),(226,'IPID - régime conventionnel non cadres','%ROOT-EDITION-PATH%/reco/idcc292_ccn3066_plasturgie/ipid_conv_nc.pdf',110050,0,0,'PDF',NULL,0),(227,'IPID - Capital décès amélioré - Arrêt de travail amélioré','%ROOT-EDITION-PATH%/reco/idcc292_ccn3066_plasturgie/ipid_dc_at_am.pdf',120010,0,0,'PDF',NULL,0),(228,'Annexe aux CG - garanties additionnelles cadres','%ROOT-EDITION-PATH%/libre/chorum/idcc1518_ccn3246_animation/annexe_cg_ga_c.pdf',160050,0,0,'PDF',NULL,0),(229,'Annexe aux CG - garanties additionnelles non cadres','%ROOT-EDITION-PATH%/libre/chorum/idcc1518_ccn3246_animation/annexe_cg_ga_nc.pdf',160130,0,0,'PDF',NULL,0),(230,'Additif aux CG','%ROOT-EDITION-PATH%/libre/chorum/idcc1316_ccn3151_tourisme/additif_cg.pdf',160120,0,0,'PDF',NULL,0),(231,'Annexe aux CG - régime conventionnel cadres','%ROOT-EDITION-PATH%/libre/chorum/idcc2511_ccn3328_sport/annexe_cg_rc_c.pdf',160180,0,0,'PDF',NULL,0),(232,'Annexe aux CG - garanties additionnelles cadres','%ROOT-EDITION-PATH%/libre/chorum/idcc2511_ccn3328_sport/annexe_cg_ga_c.pdf',160060,0,0,'PDF',NULL,0),(233,'Annexe aux CG - garanties additionnelles non cadres','%ROOT-EDITION-PATH%/libre/chorum/idcc2511_ccn3328_sport/annexe_cg_ga_nc.pdf',160140,0,0,'PDF',NULL,0),(237,'Annexe 1 : avantages de l\'offre','%ROOT-EDITION-PATH%/standard/part-2a-avantage-TPE-PME.pdf',30010,0,0,'PDF',NULL,0),(238,'Annexe 2 : que se passe-t-il en cas d’arrêt de travail ?','%ROOT-EDITION-PATH%/standard/part-3-schema.pdf',40010,0,0,'PDF',NULL,0),(239,'Annexe 3 : exemples d\'indemnisation','%ROOT-EDITION-PATH%/standard/part-4-ex-indemnisation.pdf',50010,0,0,'PDF',NULL,0),(240,'Annexe 1 : avantages de l\'offre','%ROOT-EDITION-PATH%/standard/part-2b-avantage-TPE1.50.pdf',30020,0,0,'PDF',NULL,0),(241,'Devoir d\'information et de conseil - Standard additionnelle','%ROOT-EDITION-PATH%/nocDevoirDeConseil.fo.xsl',10040,1,1,'XSL_FO',NULL,0),(242,'Bulletin d\'adhésion','%ROOT-EDITION-PATH%/mensu/idcc2098_ccn3301/demande_souscription.pdf',60170,0,0,'PDF',NULL,0),(243,'Bulletin d\'adhésion','%ROOT-EDITION-PATH%/reco/idcc2098_ccn3301_prestataires_de_services/demande_souscription.pdf',60110,0,0,'PDF',NULL,1),(244,'IPID','%ROOT-EDITION-PATH%/reco/idcc2098_ccn3301_prestataires_de_services/ipid.pdf',130100,0,0,'PDF',NULL,0),(245,'Conditions générales','%ROOT-EDITION-PATH%/reco/idcc2098_ccn3301_prestataires_de_services/cg.pdf',150040,0,0,'PDF',NULL,0),(246,'Additif aux conditions générales','%ROOT-EDITION-PATH%/reco/idcc2098_ccn3301_prestataires_de_services/additif_cg.pdf',160090,0,0,'PDF',NULL,0);
/*!40000 ALTER TABLE `FragmentEdition` ENABLE KEYS */;
UNLOCK TABLES;

--
-- Table structure for table `Garantie`
--

DROP TABLE IF EXISTS `Garantie`;
/*!40101 SET @saved_cs_client     = @@character_set_client */;
/*!40101 SET character_set_client = utf8 */;
CREATE TABLE `Garantie` (
  `id` int(11) NOT NULL AUTO_INCREMENT,
  `libelle` longtext NOT NULL,
  `libelleSelection` longtext,
  `precisionLibelleSelection` longtext,
  `tooltip` text,
  `reference` varchar(50) NOT NULL DEFAULT '',
  `choisie_par_defaut` tinyint(1) NOT NULL,
  `modifiable` tinyint(1) NOT NULL DEFAULT '0',
  `visible` tinyint(1) NOT NULL DEFAULT '0',
  `numero_ordre` int(11) NOT NULL,
  `filtre_identifiant` varchar(25) DEFAULT NULL,
  `type_specificite` varchar(25) DEFAULT NULL,
  `rubrique_id` int(11) NOT NULL DEFAULT '0',
  `produit_id` int(11) DEFAULT NULL,
  `libelle_risque` varchar(250) DEFAULT NULL,
  `groupement_tarifaire` varchar(5) NOT NULL,
  `assureur_id` int(11) DEFAULT NULL,
  PRIMARY KEY (`id`),
  KEY `FKA2C3058B539E3E68` (`produit_id`),
  KEY `FKA2C3058B3998C24C` (`rubrique_id`),
  KEY `FKA2C3058B1318DFAC` (`assureur_id`),
  CONSTRAINT `FKA2C3058B1318DFAC` FOREIGN KEY (`assureur_id`) REFERENCES `Assureur` (`id`),
  CONSTRAINT `FKA2C3058B3998C24C` FOREIGN KEY (`rubrique_id`) REFERENCES `Rubrique` (`id`),
  CONSTRAINT `FKA2C3058B539E3E68` FOREIGN KEY (`produit_id`) REFERENCES `Produit` (`id`)
) ENGINE=InnoDB AUTO_INCREMENT=27420 DEFAULT CHARSET=utf8;
/*!40101 SET character_set_client = @saved_cs_client */;

--
-- Dumping data for table `Garantie`
--

LOCK TABLES `Garantie` WRITE;
/*!40000 ALTER TABLE `Garantie` DISABLE KEYS */;
INSERT INTO `Garantie` (`id`, `libelle`, `libelleSelection`, `precisionLibelleSelection`, `tooltip`, `reference`, `choisie_par_defaut`, `modifiable`, `visible`, `numero_ordre`, `filtre_identifiant`, `type_specificite`, `rubrique_id`, `produit_id`, `libelle_risque`, `groupement_tarifaire`, `assureur_id`) VALUES (1,'Capital Décès - IAD toutes causes','Garantie Décès – Invalidité Absolue et Définitive (IAD) toutes causes','(en % du salaire de référence)',NULL,'PME_DCIAD',1,0,1,1,NULL,'DCIAD',1,3,NULL,'DC',NULL),(2,'Rente éducation','Rente éducation','(en % du salaire de référence)','2 types de rente sont proposés :<br />\nRente linéaire : rente mensuelle constante quel que soit l’âge de l’enfant à charge<br />\nRente progressive : rente mensuelle évolutive selon l’âge de l’enfant dont le montant (de 2 à 20%) est fixé selon la tranche d’âge déterminée','PME_RE',0,1,1,6,NULL,'RE',26,3,NULL,'RE',NULL),(4,'Capital Prédécès','Capital Prédécès','(100% du PMSS)',NULL,'PME_PREDC',0,1,1,5,NULL,NULL,2,3,NULL,'DC',NULL),(5,'Capital Double effet','Capital Double effet','(100 % du capital Décès - IAD toutes causes)',NULL,'PME_DBLEFFET',0,1,1,3,NULL,NULL,2,3,NULL,'DC',NULL),(6,'Capital Décès - IAD par accident','Capital Décès - IAD par accident','(100 % du capital Décès - IAD toutes causes)',NULL,'PME_DCACCI',0,1,1,2,NULL,NULL,2,3,NULL,'DC',NULL),(7,'Allocation obsèques','Allocation obsèques','(100% du PMSS)',NULL,'PME_ALLOCOBS',0,1,1,4,NULL,NULL,2,3,NULL,'DC',NULL),(8,'Indemnités Journalières','Indemnités Journalières','(en % du salaire de référence)',NULL,'PME_C_ITT',0,1,1,12,NULL,'IJ_C',3,3,NULL,'ITT',NULL),(9,'Indemnités Journalières','Indemnités Journalières','(en % du salaire de référence)',NULL,'PME_NC_ITT',0,1,1,13,NULL,'IJ_NC',3,3,NULL,'ITT',NULL),(10,'Rente Invalidité','Rente Invalidité','(en % du salaire de référence)',NULL,'PME_C_IPT',0,1,1,14,NULL,'IPT_C',3,3,NULL,'ITT',NULL),(11,'Incapacité permanente professionnelle (IPP)','Rente Incapacité permanente professionnelle (IPP)','(en % du salaire de référence)',NULL,'PME_C_IPP',0,1,1,15,NULL,'IPP_C',3,3,NULL,'ITT',NULL),(12,'Exonération des cotisations','Exonération des cotisations','',NULL,'PME_EXO',0,0,0,16,NULL,NULL,4,3,NULL,'EXO',NULL),(13,'Des garanties et services d’assistance','Des garanties et services d’assistance','',NULL,'PME_ASSISTANCE',1,0,0,17,NULL,NULL,4,3,NULL,'AS',NULL),(14,'Capital Décès - IAD toutes causes','Garantie Décès – Invalidité Absolue et Définitive (IAD) toutes causes','(en % du salaire de référence)',NULL,'TPE_DCIAD',1,0,1,14,NULL,'DCIAD',1,1,NULL,'DC',NULL),(15,'Rente éducation','Rente éducation','(en % du salaire de référence)','2 types de rente sont proposés :<br />\nRente linéaire : rente mensuelle constante quel que soit l’âge de l’enfant à charge<br />\nRente progressive : rente mensuelle évolutive selon l’âge de l’enfant dont le montant (de 2 à 20%) est fixé selon la tranche d’âge déterminée','TPE_RE',0,1,1,19,NULL,'RE',26,1,NULL,'RE',NULL),(16,'Capital Prédécès','Capital Prédécès','(100% du PMSS)',NULL,'TPE_PREDC',0,1,1,18,NULL,NULL,2,1,NULL,'DC',NULL),(17,'Capital Double effet','Capital Double effet','(100 % du capital Décès - IAD toutes causes)',NULL,'TPE_DBLEFFET',0,1,1,16,NULL,NULL,2,1,NULL,'DC',NULL),(18,'Capital Décès - IAD par accident','Capital Décès - IAD par accident','(100 % du capital Décès - IAD toutes causes)',NULL,'TPE_DCACCI',0,1,1,15,NULL,NULL,2,1,NULL,'DC',NULL),(19,'Allocation obsèques','Allocation obsèques','(100% du PMSS)',NULL,'TPE_ALLOCOBS',0,1,1,17,NULL,NULL,2,1,NULL,'DC',NULL),(20,'Indemnités Journalières','Indemnités Journalières','(en % du salaire de référence)',NULL,'TPE_C_ITT',0,1,1,25,NULL,'IJ_C',3,1,NULL,'ITT',NULL),(21,'Indemnités Journalières','Indemnités Journalières','(en % du salaire de référence)',NULL,'TPE_NC_ITT',0,1,1,25,NULL,'IJ_NC',3,1,NULL,'ITT',NULL),(22,'Rente Invalidité','Rente Invalidité','(en % du salaire de référence)',NULL,'TPE_C_IPT',0,1,1,26,NULL,'IPT_C',3,1,NULL,'ITT',NULL),(23,'Rente Incapacité permanente professionnelle (IPP)','Rente Incapacité permanente professionnelle (IPP)','(en % du salaire de référence)',NULL,'TPE_C_IPP',0,1,1,27,NULL,'IPP_C',3,1,NULL,'ITT',NULL),(24,'Exonération des cotisations','Exonération des cotisations','',NULL,'TPE_EXO',0,0,0,28,NULL,NULL,4,1,NULL,'EXO',NULL),(25,'Des garanties et services d’assistance','Des garanties et services d’assistance','',NULL,'TPE_ASSISTANCE',1,0,0,29,NULL,NULL,4,1,NULL,'AS',NULL),(26,'Capital Décès - IAD toutes causes','Garantie Décès – Invalidité Absolue et Définitive (IAD) toutes causes','(en % du salaire de référence)',NULL,'TPE150_DCIAD',0,0,1,26,NULL,'DCIAD_TPE150',1,2,NULL,'DC',NULL),(27,'Rente éducation progressive','Rente éducation progressive','(en % du salaire de référence)','Rente progressive : rente mensuelle évolutive selon l’âge de l’enfant dont le montant est fixé selon 3 tranches d’âge','TPE150_RE',0,1,1,29,NULL,NULL,2,2,NULL,'RE',NULL),(28,'Rente de conjoint','Rente de conjoint','(en % du salaire de référence)','4 niveaux sont proposés (pour chacun d\'eux, on associe une rente temporaire et viagère dépendante de la situation du conjoint)<br/>\r\nLe calcul de cette rente dépend de l’âge de l’assuré à son décès.<br/>\r\nPour les salariés célibataires, veufs ou divorcés un Capital décès substitutif à la rente de conjoint est versé au bénéficiaire désigné au contrat','TPE150_RC',0,1,1,30,NULL,'RC_TPE150',2,2,NULL,'RC',NULL),(29,'Capital Double effet','Capital Double effet','(100 % du capital Décès - IAD toutes causes)',NULL,'TPE150_DBLEFFET',0,0,0,28,NULL,NULL,2,2,NULL,'DC',NULL),(30,'Capital Décès - IAD par accident','Capital Décès - IAD par accident','(100 % du capital Décès - IAD toutes causes)',NULL,'TPE150_DCACCI',0,0,0,27,NULL,NULL,2,2,NULL,'DC',NULL),(31,'Indemnités Journalières','Garanties Incapacité temporaire et totale et invalidité','(en % du salaire de référence)',NULL,'TPE150_ITT',0,0,1,31,NULL,'IJ_TPE150',3,2,NULL,'ITT',NULL),(32,'Rente Invalidité','Rente Invalidité','(en % du salaire de référence)',NULL,'TPE150_IPT',0,0,0,32,NULL,NULL,3,2,NULL,'ITT',NULL),(33,'Rente Incapacité permanente professionnelle (IPP)','Rente Incapacité permanente professionnelle (IPP)','(en % du salaire de référence)',NULL,'TPE150_IPP',0,0,0,33,NULL,NULL,3,2,NULL,'ITT',NULL),(34,'Exonération des cotisations','Exonération des cotisations','',NULL,'TPE150_EXO',0,0,0,34,NULL,NULL,4,2,NULL,'EXO',NULL),(36,'Rente Invalidité','Rente Invalidité','(en % du salaire de référence)',NULL,'PME_NC_IPT',0,1,1,14,NULL,'IPT_NC',3,3,NULL,'ITT',NULL),(37,'Rente Incapacité permanente professionnelle (IPP)','Rente Incapacité permanente professionnelle (IPP)','(en % du salaire de référence)',NULL,'PME_NC_IPP',0,1,1,15,NULL,'IPP_NC',3,3,NULL,'ITT',NULL),(38,'Rente Invalidité','Rente Invalidité','(en % du salaire de référence)',NULL,'TPE_NC_IPT',0,1,1,26,NULL,'IPT_NC',3,1,NULL,'ITT',NULL),(39,'Rente Incapacité permanente professionnelle (IPP)','Rente Incapacité permanente professionnelle (IPP)','(en % du salaire de référence)',NULL,'TPE_NC_IPP',0,1,1,27,NULL,'IPP_NC',3,1,NULL,'ITT',NULL),(40,'Des garanties et services d’assistance','Des garanties et services d’assistance','',NULL,'TPE150_ASSISTANCE',0,1,1,40,NULL,NULL,4,2,NULL,'AS',1),(1020,'Décès','Décès',NULL,NULL,'3307VC/DC1',1,0,0,0,NULL,NULL,6,102,'le décès','INVIS',1),(1021,'Incapacité - Invalidité','Incapacité - Invalidité',NULL,NULL,'3307VC/IJ1',1,0,0,1,NULL,NULL,6,102,'l’incapacité / l’invalidité','INVIS',1),(1022,'Rente éducation','Rente éducation',NULL,NULL,'3307VC/RE1',1,0,0,2,NULL,NULL,6,102,'la rente éducation','INVIS',1),(1025,'Décès','Décès',NULL,NULL,'3307VNC/DC1',1,0,0,3,NULL,NULL,6,102,'le décès','INVIS',1),(1026,'Incapacité - Invalidité','Incapacité - Invalidité',NULL,NULL,'3307VNC/IJ1',1,0,0,4,NULL,NULL,6,102,'l’incapacité / l’invalidité','INVIS',1),(1027,'Rente éducation','Rente éducation',NULL,NULL,'3307VNC/RE1',1,0,0,5,NULL,NULL,6,102,'la rente éducation','INVIS',1),(1035,'Décès','Décès',NULL,NULL,'3307VS/DC1',1,0,0,6,NULL,NULL,6,102,'le décès','INVIS',1),(1036,'Incapacité - Invalidité','Incapacité - Invalidité',NULL,NULL,'3307VS/RI2',1,0,0,7,NULL,NULL,6,102,'l’incapacité / l’invalidité','INVIS',1),(1037,'Décès','Décès',NULL,NULL,'3307AC/DC1',1,0,0,0,NULL,NULL,7,103,'le décès','INVIS',1),(1040,'Décès','Décès',NULL,NULL,'3051VC/DC1',1,0,0,0,NULL,NULL,8,104,'le décès','INVIS',1),(1041,'Incapacité - Invalidité','Incapacité - Invalidité',NULL,NULL,'3051VC/IJ1',1,0,0,1,NULL,NULL,8,104,'l’incapacité / l’invalidité','INVIS',1),(1043,'Rente conjoint','Rente conjoint',NULL,NULL,'3051VC/RC1',1,0,0,2,NULL,NULL,8,104,'la rente de conjoint','INVIS',2),(1045,'Rente éducation','Rente éducation',NULL,NULL,'3051VC/RE1',1,0,0,3,NULL,NULL,8,104,'la rente éducation','INVIS',2),(1047,'Garantie rente handicap','Garantie rente handicap',NULL,NULL,'3051VC/RHA',1,0,0,4,NULL,NULL,8,104,'la rente handicap','INVIS',2),(1048,'Garantie dépendance','Garantie dépendance',NULL,NULL,'3051VC/DEP',1,0,0,5,NULL,NULL,8,104,'la garantie dépendance','INVIS',2),(1049,'Décès','Décès',NULL,NULL,'3051VNC/DC1',1,0,0,6,NULL,NULL,8,104,'le décès','INVIS',1),(1051,'Incapacité - Invalidité','Incapacité - Invalidité',NULL,NULL,'3051VNC/IJ1',1,0,0,7,NULL,NULL,8,104,'l’incapacité / l’invalidité','INVIS',1),(1053,'Rente conjoint','Rente conjoint',NULL,NULL,'3051VNC/RC1',1,0,0,8,NULL,NULL,8,104,'la rente de conjoint','INVIS',2),(1055,'Rente éducation','Rente éducation',NULL,NULL,'3051VNC/RE1',1,0,0,9,NULL,NULL,8,104,'la rente éducation','INVIS',2),(1057,'Garantie rente handicap','Garantie rente handicap',NULL,NULL,'3051VNC/RHA',1,0,0,10,NULL,NULL,8,104,'la rente handicap','INVIS',2),(1058,'Garantie dépendance','Garantie dépendance',NULL,NULL,'3051VNC/DEP',1,0,0,11,NULL,NULL,8,104,'la garantie dépendance','INVIS',2),(1059,'Décès','Décès',NULL,NULL,'3051AC/DC1',1,0,0,0,NULL,NULL,9,105,'le décès','INVIS',1),(1060,'Décès','Décès',NULL,NULL,'3051ANC/DC1',1,0,0,1,NULL,NULL,9,105,'le décès','INVIS',1),(1097,'Décès','Décès',NULL,NULL,'3241VC/DC1',1,0,0,0,NULL,NULL,10,110,'le décès','INVIS',1),(1100,'Incapacité - Invalidité','Incapacité - Invalidité',NULL,NULL,'3241VC/IJ1',1,0,0,1,NULL,NULL,10,110,'l’incapacité / l’invalidité','INVIS',1),(1102,'Rente conjoint','Rente conjoint',NULL,NULL,'3241VC/RC2',1,0,0,2,NULL,NULL,10,110,'la rente de conjoint','INVIS',2),(1104,'Rente éducation','Rente éducation',NULL,NULL,'3241VC/RE1',1,0,0,3,NULL,NULL,10,110,'la rente éducation','INVIS',2),(1108,'Décès','Décès',NULL,NULL,'3241VNC/DC1',1,0,0,4,NULL,NULL,10,110,'le décès','INVIS',1),(1111,'Incapacité - Invalidité','Incapacité - Invalidité',NULL,NULL,'3241VNC/IJ1',1,0,0,5,NULL,NULL,10,110,'l’incapacité / l’invalidité','INVIS',1),(1113,'Rente conjoint','Rente conjoint',NULL,NULL,'3241VNC/RC2',1,0,0,6,NULL,NULL,10,110,'la rente de conjoint','INVIS',2),(1115,'Rente éducation','Rente éducation',NULL,NULL,'3241VNC/RE1',1,0,0,7,NULL,NULL,10,110,'la rente éducation','INVIS',2),(1119,'Décès','Décès',NULL,NULL,'3241AC/DC1',1,0,0,0,NULL,NULL,11,111,'le décès','INVIS',1),(11200,'Maintien de salaire','Maintien de salaire',NULL,NULL,'IJ2',1,0,1,0,NULL,'MENSU',5,112,'l\'incapacité/l\'invalidité','INVIS',3),(11300,'Maintien de salaire','Maintien de salaire',NULL,NULL,'IJ2',1,0,1,0,NULL,'MENSU',5,113,'l\'incapacité/l\'invalidité','INVIS',3),(11400,'Maintien de salaire','Maintien de salaire',NULL,NULL,'IJ2',1,0,1,0,NULL,'MENSU',5,114,'l\'incapacité/l\'invalidité','INVIS',3),(11500,'Maintien de salaire','Maintien de salaire',NULL,NULL,'IJ2',1,0,1,0,NULL,'MENSU',5,115,'l\'incapacité/l\'invalidité','INVIS',3),(11600,'Maintien de salaire','Maintien de salaire',NULL,NULL,'IJ2',1,0,1,0,NULL,'MENSU',5,116,'l\'incapacité/l\'invalidité','INVIS',3),(11700,'Maintien de salaire','Maintien de salaire',NULL,NULL,'IJ2',1,0,1,0,NULL,'MENSU',5,117,'l\'incapacité/l\'invalidité','INVIS',3),(11800,'Maintien de salaire','Maintien de salaire',NULL,NULL,'IJ2',1,0,1,0,NULL,'MENSU',5,118,'l\'incapacité/l\'invalidité','INVIS',3),(11900,'Maintien de salaire','Maintien de salaire',NULL,NULL,'IJ2',1,0,1,0,NULL,'MENSU',5,119,'l\'incapacité/l\'invalidité','INVIS',3),(12000,'Maintien de salaire','Maintien de salaire',NULL,NULL,'IJ2',1,0,1,0,NULL,'MENSU',5,120,'l\'incapacité/l\'invalidité','INVIS',3),(12100,'Maintien de salaire','Maintien de salaire',NULL,NULL,'IJ2',1,0,1,0,NULL,'MENSU',5,121,'l\'incapacité/l\'invalidité','INVIS',3),(12200,'Maintien de salaire','Maintien de salaire',NULL,NULL,'IJ2',1,0,1,0,NULL,'MENSU',5,122,'l\'incapacité/l\'invalidité','INVIS',3),(12300,'Maintien de salaire','Maintien de salaire',NULL,NULL,'IJ2',1,0,1,0,NULL,'MENSU',5,123,'l\'incapacité/l\'invalidité','INVIS',3),(12400,'Maintien de salaire','Maintien de salaire',NULL,NULL,'IJ2',1,0,1,0,NULL,'MENSU',5,124,'l\'incapacité/l\'invalidité','INVIS',3),(12500,'Maintien de salaire','Maintien de salaire',NULL,NULL,'IJ2',1,0,1,0,NULL,'MENSU',5,125,'l\'incapacité/l\'invalidité','INVIS',3),(12600,'Maintien de salaire','Maintien de salaire',NULL,NULL,'IJ2',1,0,1,0,NULL,'MENSU',5,126,'l\'incapacité/l\'invalidité','INVIS',3),(12700,'Maintien de salaire','Maintien de salaire',NULL,NULL,'IJ2',1,0,1,0,NULL,'MENSU',5,127,'l\'incapacité/l\'invalidité','INVIS',3),(12800,'Maintien de salaire','Maintien de salaire',NULL,NULL,'IJ2',1,0,1,0,NULL,'MENSU',5,128,'l\'incapacité/l\'invalidité','INVIS',3),(12900,'Maintien de salaire','Maintien de salaire',NULL,NULL,'IJ2',1,0,1,0,NULL,'MENSU',5,129,'l\'incapacité/l\'invalidité','INVIS',3),(13000,'Maintien de salaire','Maintien de salaire',NULL,NULL,'IJ2',1,0,1,0,NULL,'MENSU',5,130,'l\'incapacité/l\'invalidité','INVIS',3),(13100,'Maintien de salaire','Maintien de salaire',NULL,NULL,'IJ2',1,0,1,0,NULL,'MENSU',5,131,'l\'incapacité/l\'invalidité','INVIS',3),(13200,'Maintien de salaire','Maintien de salaire',NULL,NULL,'IJ2',1,0,1,0,NULL,'MENSU',5,132,'l\'incapacité/l\'invalidité','INVIS',3),(13300,'Maintien de salaire','Maintien de salaire',NULL,NULL,'IJ2',1,0,1,0,NULL,NULL,5,133,'l\'incapacité/l\'invalidité','INVIS',3),(13400,'Maintien de salaire','Maintien de salaire',NULL,NULL,'IJ2',1,0,1,0,NULL,'MENSU',5,134,'l\'incapacité/l\'invalidité','INVIS',3),(13500,'Maintien de salaire','Maintien de salaire',NULL,NULL,'IJ2',1,0,1,0,NULL,'MENSU',5,135,'l\'incapacité/l\'invalidité','INVIS',3),(13600,'Maintien de salaire','Maintien de salaire',NULL,NULL,'IJ2',1,0,1,0,NULL,'MENSU',5,136,'l\'incapacité/l\'invalidité','INVIS',3),(13700,'Maintien de salaire','Maintien de salaire',NULL,NULL,'IJ2',1,0,1,0,NULL,'MENSU',5,137,'l\'incapacité/l\'invalidité','INVIS',3),(13800,'Maintien de salaire','Maintien de salaire',NULL,NULL,'IJ2',1,0,1,0,NULL,'MENSU',5,138,'l\'incapacité/l\'invalidité','INVIS',3),(13900,'Maintien de salaire','Maintien de salaire',NULL,NULL,'IJ2',1,0,1,0,NULL,'MENSU',5,139,'l\'incapacité/l\'invalidité','INVIS',3),(14000,'Maintien de salaire','Maintien de salaire',NULL,NULL,'IJ2',1,0,1,0,NULL,'MENSU',5,140,'l\'incapacité/l\'invalidité','INVIS',3),(14100,'Maintien de salaire','Maintien de salaire',NULL,NULL,'IJ2',1,0,1,0,NULL,'MENSU',5,141,'l\'incapacité/l\'invalidité','INVIS',3),(14200,'Maintien de salaire','Maintien de salaire',NULL,NULL,'IJ2',1,0,1,0,NULL,'MENSU',5,142,'l\'incapacité/l\'invalidité','INVIS',3),(14300,'Maintien de salaire','Maintien de salaire',NULL,NULL,'IJ2',1,0,1,0,NULL,'MENSU',5,143,'l\'incapacité/l\'invalidité','INVIS',3),(14400,'Maintien de salaire','Maintien de salaire',NULL,NULL,'IJ2',1,0,1,0,NULL,'MENSU',5,144,'l\'incapacité/l\'invalidité','INVIS',3),(14500,'Maintien de salaire','Maintien de salaire',NULL,NULL,'IJ2',1,0,1,0,NULL,'MENSU',5,145,'l\'incapacité/l\'invalidité','INVIS',3),(14600,'Maintien de salaire','Maintien de salaire',NULL,NULL,'IJ2',1,0,1,0,NULL,'MENSU',5,146,'l\'incapacité/l\'invalidité','INVIS',3),(14700,'Maintien de salaire','Maintien de salaire',NULL,NULL,'IJ2',1,0,1,0,NULL,'MENSU',5,147,'l\'incapacité/l\'invalidité','INVIS',3),(14900,'Maintien de salaire','Maintien de salaire',NULL,NULL,'IJ2',1,0,1,0,NULL,'MENSU',5,149,'l\'incapacité/l\'invalidité','INVIS',3),(15000,'Maintien de salaire','Maintien de salaire',NULL,NULL,'IJ2',1,0,1,0,NULL,'MENSU',5,150,'l\'incapacité/l\'invalidité','INVIS',3),(15100,'Maintien de salaire','Maintien de salaire',NULL,NULL,'IJ2',1,0,1,0,NULL,'MENSU',5,151,'l\'incapacité/l\'invalidité','INVIS',3),(15200,'Maintien de salaire','Maintien de salaire',NULL,NULL,'IJ2',1,0,1,0,NULL,'MENSU',5,152,'l\'incapacité/l\'invalidité','INVIS',3),(15300,'Maintien de salaire','Maintien de salaire',NULL,NULL,'IJ2',1,0,1,0,NULL,'MENSU',5,153,'l\'incapacité/l\'invalidité','INVIS',3),(15400,'Maintien de salaire','Maintien de salaire',NULL,NULL,'IJ2',1,0,1,0,NULL,'MENSU',5,154,'l\'incapacité/l\'invalidité','INVIS',3),(15500,'Maintien de salaire','Maintien de salaire',NULL,NULL,'IJ2',1,0,1,0,NULL,'MENSU',5,155,'l\'incapacité/l\'invalidité','INVIS',3),(15600,'Maintien de salaire','Maintien de salaire',NULL,NULL,'IJ2',1,0,1,0,NULL,'MENSU',5,156,'l\'incapacité/l\'invalidité','INVIS',3),(15700,'Maintien de salaire','Maintien de salaire',NULL,NULL,'IJ2',1,0,1,0,NULL,'MENSU',5,157,'l\'incapacité/l\'invalidité','INVIS',3),(15800,'Maintien de salaire','Maintien de salaire',NULL,NULL,'IJ2',1,0,1,0,NULL,'MENSU',5,158,'l\'incapacité/l\'invalidité','INVIS',3),(15900,'Maintien de salaire','Maintien de salaire',NULL,NULL,'IJ2',1,0,1,0,NULL,'MENSU',5,159,'l\'incapacité/l\'invalidité','INVIS',3),(16000,'Maintien de salaire','Maintien de salaire',NULL,NULL,'IJ2',1,0,1,0,NULL,'MENSU',5,160,'l\'incapacité/l\'invalidité','INVIS',3),(16100,'Maintien de salaire','Maintien de salaire',NULL,NULL,'IJ2',1,0,1,0,NULL,'MENSU',5,161,'l\'incapacité/l\'invalidité','INVIS',3),(16200,'Maintien de salaire','Maintien de salaire',NULL,NULL,'IJ2',1,0,1,0,NULL,'MENSU',5,162,'l\'incapacité/l\'invalidité','INVIS',3),(16300,'Maintien de salaire','Maintien de salaire',NULL,NULL,'IJ2',1,0,1,0,NULL,'MENSU',5,163,'l\'incapacité/l\'invalidité','INVIS',3),(16400,'Maintien de salaire','Maintien de salaire',NULL,NULL,'IJ2',1,0,1,0,NULL,'MENSU',5,164,'l\'incapacité/l\'invalidité','INVIS',3),(16500,'Maintien de salaire','Maintien de salaire',NULL,NULL,'IJ2',1,0,1,0,NULL,'MENSU',5,165,'l\'incapacité/l\'invalidité','INVIS',3),(16600,'Maintien de salaire','Maintien de salaire',NULL,NULL,'IJ2',1,0,1,0,NULL,'MENSU',5,166,'l\'incapacité/l\'invalidité','INVIS',3),(16700,'Maintien de salaire','Maintien de salaire',NULL,NULL,'IJ2',1,0,1,0,NULL,'MENSU',5,167,'l\'incapacité/l\'invalidité','INVIS',3),(16800,'Maintien de salaire','Maintien de salaire',NULL,NULL,'IJ2',1,0,1,0,NULL,'MENSU',5,168,'l\'incapacité/l\'invalidité','INVIS',3),(16900,'Maintien de salaire','Maintien de salaire',NULL,NULL,'IJ2',1,0,1,0,NULL,'MENSU',5,169,'l\'incapacité/l\'invalidité','INVIS',3),(17000,'Maintien de salaire','Maintien de salaire',NULL,NULL,'IJ2',1,0,1,0,NULL,'MENSU',5,170,'l\'incapacité/l\'invalidité','INVIS',3),(17100,'Maintien de salaire','Maintien de salaire',NULL,NULL,'IJ2',1,0,1,0,NULL,'MENSU',5,171,'l\'incapacité/l\'invalidité','INVIS',3),(17200,'Maintien de salaire','Maintien de salaire',NULL,NULL,'IJ2',1,0,1,0,NULL,'MENSU',5,172,'l\'incapacité/l\'invalidité','INVIS',3),(17300,'Maintien de salaire','Maintien de salaire',NULL,NULL,'IJ2',1,0,1,0,NULL,'MENSU',5,173,'l\'incapacité/l\'invalidité','INVIS',3),(17400,'Maintien de salaire','Maintien de salaire',NULL,NULL,'IJ2',1,0,1,0,NULL,'MENSU',5,174,'l\'incapacité/l\'invalidité','INVIS',3),(17500,'Maintien de salaire','Maintien de salaire',NULL,NULL,'IJ2',1,0,1,0,NULL,'MENSU',5,175,'l\'incapacité/l\'invalidité','INVIS',3),(17600,'Maintien de salaire','Maintien de salaire',NULL,NULL,'IJ2',1,0,1,0,NULL,'MENSU',5,176,'l\'incapacité/l\'invalidité','INVIS',3),(17700,'Maintien de salaire','Maintien de salaire',NULL,NULL,'IJ2',1,0,1,0,NULL,'MENSU',5,177,'l\'incapacité/l\'invalidité','INVIS',3),(17800,'Maintien de salaire','Maintien de salaire',NULL,NULL,'IJ2',1,0,1,0,NULL,'MENSU',5,178,'l\'incapacité/l\'invalidité','INVIS',3),(17900,'Maintien de salaire','Maintien de salaire',NULL,NULL,'IJ2',1,0,1,0,NULL,'MENSU',5,179,'l\'incapacité/l\'invalidité','INVIS',3),(18000,'Maintien de salaire','Maintien de salaire',NULL,NULL,'IJ2',1,0,1,0,NULL,'MENSU',5,180,'l\'incapacité/l\'invalidité','INVIS',3),(18100,'Maintien de salaire','Maintien de salaire',NULL,NULL,'IJ2',1,0,1,0,NULL,'MENSU',5,181,'l\'incapacité/l\'invalidité','INVIS',3),(18200,'Maintien de salaire','Maintien de salaire',NULL,NULL,'IJ2',1,0,1,0,NULL,'MENSU',5,182,'l\'incapacité/l\'invalidité','INVIS',3),(18300,'Maintien de salaire','Maintien de salaire',NULL,NULL,'IJ2',1,0,1,0,NULL,'MENSU',5,183,'l\'incapacité/l\'invalidité','INVIS',3),(18400,'Maintien de salaire','Maintien de salaire',NULL,NULL,'IJ2',1,0,1,0,NULL,'MENSU',5,184,'l\'incapacité/l\'invalidité','INVIS',3),(18500,'Maintien de salaire','Maintien de salaire',NULL,NULL,'IJ2',1,0,1,0,NULL,'MENSU',5,185,'l\'incapacité/l\'invalidité','INVIS',3),(18600,'Maintien de salaire','Maintien de salaire',NULL,NULL,'IJ2',1,0,1,0,NULL,'MENSU',5,186,'l\'incapacité/l\'invalidité','INVIS',3),(18700,'Maintien de salaire','Maintien de salaire',NULL,NULL,'IJ2',1,0,1,0,NULL,'MENSU',5,187,'l\'incapacité/l\'invalidité','INVIS',3),(18800,'Maintien de salaire','Maintien de salaire',NULL,NULL,'IJ2',1,0,1,0,NULL,'MENSU',5,188,'l\'incapacité/l\'invalidité','INVIS',3),(18900,'Maintien de salaire','Maintien de salaire',NULL,NULL,'IJ2',1,0,1,0,NULL,'MENSU',5,189,'l\'incapacité/l\'invalidité','INVIS',3),(19000,'Maintien de salaire','Maintien de salaire',NULL,NULL,'IJ2',1,0,1,0,NULL,'MENSU',5,190,'l\'incapacité/l\'invalidité','INVIS',3),(19100,'Maintien de salaire','Maintien de salaire',NULL,NULL,'IJ2',1,0,1,0,NULL,'MENSU',5,191,'l\'incapacité/l\'invalidité','INVIS',3),(19200,'Maintien de salaire','Maintien de salaire',NULL,NULL,'IJ2',1,0,1,0,NULL,'MENSU',5,192,'l\'incapacité/l\'invalidité','INVIS',3),(19300,'Maintien de salaire','Maintien de salaire',NULL,NULL,'IJ2',1,0,1,0,NULL,'MENSU',5,193,'l\'incapacité/l\'invalidité','INVIS',3),(19400,'Maintien de salaire','Maintien de salaire',NULL,NULL,'IJ2',1,0,1,0,NULL,'MENSU',5,194,'l\'incapacité/l\'invalidité','INVIS',3),(19500,'Maintien de salaire','Maintien de salaire',NULL,NULL,'IJ2',1,0,1,0,NULL,'MENSU',5,195,'l\'incapacité/l\'invalidité','INVIS',3),(19600,'Maintien de salaire','Maintien de salaire',NULL,NULL,'IJ2',1,0,1,0,NULL,'MENSU',5,196,'l\'incapacité/l\'invalidité','INVIS',3),(19700,'Maintien de salaire','Maintien de salaire',NULL,NULL,'IJ2',1,0,1,0,NULL,'MENSU',5,197,'l\'incapacité/l\'invalidité','INVIS',3),(19800,'Maintien de salaire','Maintien de salaire',NULL,NULL,'IJ2',1,0,1,0,NULL,'MENSU',5,198,'l\'incapacité/l\'invalidité','INVIS',3),(19900,'Maintien de salaire','Maintien de salaire',NULL,NULL,'IJ2',1,0,1,0,NULL,'MENSU',5,199,'l\'incapacité/l\'invalidité','INVIS',3),(20000,'Maintien de salaire','Maintien de salaire',NULL,NULL,'IJ2',1,0,1,0,NULL,'MENSU',5,200,'l\'incapacité/l\'invalidité','INVIS',3),(20100,'Maintien de salaire','Maintien de salaire',NULL,NULL,'IJ2',1,0,1,0,NULL,'MENSU',5,201,'l\'incapacité/l\'invalidité','INVIS',3),(20200,'Maintien de salaire','Maintien de salaire',NULL,NULL,'IJ2',1,0,1,0,NULL,'MENSU',5,202,'l\'incapacité/l\'invalidité','INVIS',3),(20300,'Maintien de salaire','Maintien de salaire',NULL,NULL,'IJ2',1,0,1,0,NULL,'MENSU',5,203,'l\'incapacité/l\'invalidité','INVIS',3),(20400,'Maintien de salaire','Maintien de salaire',NULL,NULL,'IJ2',1,0,1,0,NULL,'MENSU',5,204,'l\'incapacité/l\'invalidité','INVIS',3),(20500,'Maintien de salaire','Maintien de salaire',NULL,NULL,'IJ2',1,0,1,0,NULL,'MENSU',5,205,'l\'incapacité/l\'invalidité','INVIS',3),(20600,'Maintien de salaire','Maintien de salaire',NULL,NULL,'IJ2',1,0,1,0,NULL,'MENSU',5,206,'l\'incapacité/l\'invalidité','INVIS',3),(20700,'Maintien de salaire','Maintien de salaire',NULL,NULL,'IJ2',1,0,1,0,NULL,'MENSU',5,207,'l\'incapacité/l\'invalidité','INVIS',3),(20800,'Maintien de salaire','Maintien de salaire',NULL,NULL,'IJ2',1,0,1,0,NULL,'MENSU',5,208,'l\'incapacité/l\'invalidité','INVIS',3),(20900,'Maintien de salaire','Maintien de salaire',NULL,NULL,'IJ2',1,0,1,0,NULL,'MENSU',5,209,'l\'incapacité/l\'invalidité','INVIS',3),(21000,'Maintien de salaire','Maintien de salaire',NULL,NULL,'IJ2',1,0,1,0,NULL,'MENSU',5,210,'l\'incapacité/l\'invalidité','INVIS',3),(21100,'Maintien de salaire','Maintien de salaire',NULL,NULL,'IJ2',1,0,1,0,NULL,'MENSU',5,211,'l\'incapacité/l\'invalidité','INVIS',3),(21200,'Maintien de salaire','Maintien de salaire',NULL,NULL,'IJ2',1,0,1,0,NULL,'MENSU',5,212,'l\'incapacité/l\'invalidité','INVIS',3),(21300,'Complément-Relais','Complément-Relais',NULL,NULL,'ITT',1,0,1,0,NULL,NULL,5,213,'l\'incapacité/l\'invalidité','INVIS',3),(21400,'Complément-Relais','Complément-Relais',NULL,NULL,'ITT',1,0,1,0,NULL,NULL,5,214,'l\'incapacité/l\'invalidité','INVIS',3),(21500,'Complément-Relais','Complément-Relais',NULL,NULL,'ITT',1,0,1,0,NULL,NULL,5,215,'l\'incapacité/l\'invalidité','INVIS',3),(21600,'Complément-Relais','Complément-Relais',NULL,NULL,'ITT',1,0,1,0,NULL,NULL,5,216,'l\'incapacité/l\'invalidité','INVIS',3),(21700,'Complément-Relais','Complément-Relais',NULL,NULL,'ITT',1,0,1,0,NULL,NULL,5,217,'l\'incapacité/l\'invalidité','INVIS',3),(21800,'Complément-Relais','Complément-Relais',NULL,NULL,'ITT',1,0,1,0,NULL,NULL,5,218,'l\'incapacité/l\'invalidité','INVIS',3),(21900,'Complément-Relais','Complément-Relais',NULL,NULL,'ITT',1,0,1,0,NULL,NULL,5,219,'l\'incapacité/l\'invalidité','INVIS',3),(22000,'Complément-Relais','Complément-Relais',NULL,NULL,'ITT',1,0,1,0,NULL,NULL,5,220,'l\'incapacité/l\'invalidité','INVIS',3),(22700,'Maintien de salaire','Maintien de salaire',NULL,NULL,'IJ2',1,0,1,0,NULL,'MENSU',5,227,'l\'incapacité/l\'invalidité','INVIS',3),(22800,'Maintien de salaire','Maintien de salaire',NULL,NULL,'IJ2',1,0,1,0,NULL,'MENSU',5,228,'l\'incapacité/l\'invalidité','INVIS',3),(22900,'Maintien de salaire','Maintien de salaire',NULL,NULL,'IJ2',1,0,1,0,NULL,'MENSU',5,229,'l\'incapacité/l\'invalidité','INVIS',3),(23000,'Maintien de salaire','Maintien de salaire',NULL,NULL,'IJ2',1,0,1,0,NULL,NULL,5,230,'l\'incapacité/l\'invalidité','INVIS',3),(23100,'Maintien de salaire','Maintien de salaire',NULL,NULL,'IJ2',1,0,1,0,NULL,NULL,5,231,'l\'incapacité/l\'invalidité','INVIS',3),(23200,'Maintien de salaire','Maintien de salaire',NULL,NULL,'IJ2',1,0,1,0,NULL,NULL,5,232,'l\'incapacité/l\'invalidité','INVIS',3),(23300,'Maintien de salaire','Maintien de salaire',NULL,NULL,'IJ2',1,0,1,0,NULL,NULL,5,233,'l\'incapacité/l\'invalidité','INVIS',3),(23400,'Décès-Invalidité absolue et définitive (IAD)','Décès-Invalidité absolue et définitive (IAD)',NULL,NULL,'3018VC/DC1',1,0,0,0,NULL,NULL,12,234,'Décès-Invalidité absolue et définitive (IAD)','INVIS',1),(23401,'Double effet','Double effet',NULL,NULL,'3018VC/DC4',1,0,0,1,NULL,NULL,12,234,'Double effet','INVIS',1),(23402,'Rente éducation','Rente éducation',NULL,NULL,'3018VC/RE1',1,0,0,2,NULL,NULL,12,234,'la rente éducation','INVIS',1),(23403,'Incapacité temporaire totale','Incapacité temporaire totale',NULL,NULL,'3018VC/ITT1',1,0,0,3,NULL,NULL,12,234,'Incapacité temporaire totale','INVIS',1),(23404,'Invalidité - Incapacité permanente professionnelle ','Invalidité - Incapacité permanente professionnelle ',NULL,NULL,'3018VC/RI1',1,0,0,4,NULL,NULL,12,234,'Invalidité - Incapacité permanente professionnelle ','INVIS',1),(23405,'Décès-Invalidité absolue et définitive (IAD)','Décès-Invalidité absolue et définitive (IAD)',NULL,NULL,'3018VNC/DC1',1,0,0,5,NULL,NULL,12,234,'Décès-Invalidité absolue et définitive (IAD)','INVIS',1),(23406,'Double effet','Double effet',NULL,NULL,'3018VNC/DC4',1,0,0,6,NULL,NULL,12,234,'Double effet','INVIS',1),(23407,'Rente éducation','Rente éducation',NULL,NULL,'3018VNC/RE1',1,0,0,7,NULL,NULL,12,234,'la rente éducation','INVIS',1),(23408,'Incapacité temporaire totale','Incapacité temporaire totale',NULL,NULL,'3018VNC/ITT1',1,0,0,8,NULL,NULL,12,234,'Incapacité temporaire totale','INVIS',1),(23409,'Invalidité - Incapacité permanente professionnelle ','Invalidité - Incapacité permanente professionnelle ',NULL,NULL,'3018VNC/RI1',1,0,0,9,NULL,NULL,12,234,'Invalidité - Incapacité permanente professionnelle ','INVIS',1),(23500,'Décès-Invalidité absolue et définitive (IAD)','Décès-Invalidité absolue et définitive (IAD)',NULL,NULL,'P821VC/DC1',1,0,0,0,NULL,NULL,12,235,'Décès-Invalidité absolue et définitive (IAD)','INVIS',1),(23501,'Décès-IAD par accident','Décès-IAD par accident',NULL,NULL,'P821VC/DC2',1,0,0,1,NULL,NULL,12,235,'Décès-IAD par accident','INVIS',1),(23502,'Double effet','Double effet',NULL,NULL,'P821VC/DC4',1,0,0,2,NULL,NULL,12,235,'Double effet','INVIS',1),(23503,'Rente éducation','Rente éducation',NULL,NULL,'P821VC/RE1',1,0,0,3,NULL,NULL,12,235,'la rente éducation','INVIS',1),(23504,'Incapacité temporaire totale','Incapacité temporaire totale',NULL,NULL,'P821VC/ITT1',1,0,0,4,NULL,NULL,12,235,'Incapacité temporaire totale','INVIS',1),(23505,'Invalidité - Incapacité permanente professionnelle ','Invalidité - Incapacité permanente professionnelle ',NULL,NULL,'P821VC/RI1',1,0,0,5,NULL,NULL,12,235,'Invalidité - Incapacité permanente professionnelle ','INVIS',1),(23506,'Décès-Invalidité absolue et définitive (IAD)','Décès-Invalidité absolue et définitive (IAD)',NULL,NULL,'P821VNC/DC1',1,0,0,6,NULL,NULL,12,235,'Décès-Invalidité absolue et définitive (IAD)','INVIS',1),(23507,'Décès-IAD par accident','Décès-IAD par accident',NULL,NULL,'P821VNC/DC2',1,0,0,7,NULL,NULL,12,235,'Décès-IAD par accident','INVIS',1),(23508,'Double effet','Double effet',NULL,NULL,'P821VNC/DC4',1,0,0,8,NULL,NULL,12,235,'Double effet','INVIS',1),(23509,'Rente éducation','Rente éducation',NULL,NULL,'P821VNC/RE1',1,0,0,9,NULL,NULL,12,235,'la rente éducation','INVIS',1),(23510,'Incapacité temporaire totale','Incapacité temporaire totale',NULL,NULL,'P821VNC/ITT1',1,0,0,10,NULL,NULL,12,235,'Incapacité temporaire totale','INVIS',1),(23511,'Invalidité - Incapacité permanente professionnelle ','Invalidité - Incapacité permanente professionnelle ',NULL,NULL,'P821VNC/RI1',1,0,0,11,NULL,NULL,12,235,'Invalidité - Incapacité permanente professionnelle ','INVIS',1),(23600,'Décès-Invalidité absolue et définitive (IAD)','Décès-Invalidité absolue et définitive (IAD)',NULL,NULL,'P822VC/DC1',1,0,0,0,NULL,NULL,12,236,'Décès-Invalidité absolue et définitive (IAD)','INVIS',1),(23601,'Décès-IAD par accident','Décès-IAD par accident',NULL,NULL,'P822VC/DC2',1,0,0,1,NULL,NULL,12,236,'Décès-IAD par accident','INVIS',1),(23602,'Double effet','Double effet',NULL,NULL,'P822VC/DC4',1,0,0,2,NULL,NULL,12,236,'Double effet','INVIS',1),(23603,'Rente éducation','Rente éducation',NULL,NULL,'P822VC/RE1',1,0,0,3,NULL,NULL,12,236,'la rente éducation','INVIS',1),(23604,'Incapacité temporaire totale','Incapacité temporaire totale',NULL,NULL,'P822VC/ITT1',1,0,0,4,NULL,NULL,12,236,'Incapacité temporaire totale','INVIS',1),(23605,'Invalidité - Incapacité permanente professionnelle ','Invalidité - Incapacité permanente professionnelle ',NULL,NULL,'P822VC/RI1',1,0,0,5,NULL,NULL,12,236,'Invalidité - Incapacité permanente professionnelle ','INVIS',1),(23606,'Décès-Invalidité absolue et définitive (IAD)','Décès-Invalidité absolue et définitive (IAD)',NULL,NULL,'P822NVC/DC1',1,0,0,6,NULL,NULL,12,236,'Décès-Invalidité absolue et définitive (IAD)','INVIS',1),(23607,'Décès-IAD par accident','Décès-IAD par accident',NULL,NULL,'P822NVC/DC2',1,0,0,7,NULL,NULL,12,236,'Décès-IAD par accident','INVIS',1),(23608,'Double effet','Double effet',NULL,NULL,'P822NVC/DC4',1,0,0,8,NULL,NULL,12,236,'Double effet','INVIS',1),(23609,'Rente éducation','Rente éducation',NULL,NULL,'P822NVC/RE1',1,0,0,9,NULL,NULL,12,236,'la rente éducation','INVIS',1),(23610,'Incapacité temporaire totale','Incapacité temporaire totale',NULL,NULL,'P822NVC/ITT1',1,0,0,10,NULL,NULL,12,236,'Incapacité temporaire totale','INVIS',1),(23611,'Invalidité - Incapacité permanente professionnelle ','Invalidité - Incapacité permanente professionnelle ',NULL,NULL,'P822NVC/RI1',1,0,0,11,NULL,NULL,12,236,'Invalidité - Incapacité permanente professionnelle ','INVIS',1),(23700,'Décès-Invalidité absolue et définitive (IAD) toutes causes','Décès-Invalidité absolue et définitive (IAD) toutes causes',NULL,NULL,'P916VC/DC1',1,0,0,0,NULL,NULL,13,237,'Décès-Invalidité absolue et définitive (IAD) toutes causes','INVIS',1),(23701,'Double effet','Double effet',NULL,NULL,'P916VC/DC4',1,0,0,1,NULL,NULL,13,237,'Double effet','INVIS',1),(23702,'Frais d\'obsèques','Frais d\'obsèques',NULL,NULL,'P916VC/DC5',1,0,0,2,NULL,NULL,13,237,'Frais d\'obsèques','INVIS',1),(23703,'Incapacité temporaire totale','Incapacité temporaire totale',NULL,NULL,'P916VC/ITT1',1,0,0,3,NULL,NULL,13,237,'Incapacité temporaire totale','INVIS',1),(23704,'Invalidité - Incapacité permanente professionnelle ','Invalidité - Incapacité permanente professionnelle ',NULL,NULL,'P916VC/RI1',1,0,0,4,NULL,NULL,13,237,'Invalidité - Incapacité permanente professionnelle ','INVIS',1),(23705,'Décès-Invalidité absolue et définitive (IAD) toutes causes','Décès-Invalidité absolue et définitive (IAD) toutes causes',NULL,NULL,'P916VNC/DC1',1,0,0,5,NULL,NULL,13,237,'Décès-Invalidité absolue et définitive (IAD) toutes causes','INVIS',1),(23706,'Double effet','Double effet',NULL,NULL,'P916VNC/DC4',1,0,0,6,NULL,NULL,13,237,'Double effet','INVIS',1),(23707,'Frais d\'obsèques','Frais d\'obsèques',NULL,NULL,'P916VNC/DC5',1,0,0,7,NULL,NULL,13,237,'Frais d\'obsèques','INVIS',1),(23708,'Incapacité temporaire totale','Incapacité temporaire totale',NULL,NULL,'P916VNC/ITT1',1,0,0,8,NULL,NULL,13,237,'Incapacité temporaire totale','INVIS',1),(23709,'Invalidité - Incapacité permanente professionnelle ','Invalidité - Incapacité permanente professionnelle ',NULL,NULL,'P916VNC/RI1',1,0,0,9,NULL,NULL,13,237,'Invalidité - Incapacité permanente professionnelle ','INVIS',1),(23800,'Décès-Invalidité absolue et définitive (IAD) toutes causes','Décès-Invalidité absolue et définitive (IAD) toutes causes',NULL,NULL,'P917VC/DC1',1,0,0,0,NULL,NULL,13,238,'Décès-Invalidité absolue et définitive (IAD) toutes causes','INVIS',1),(23801,'Décès-IAD par accident','Décès-IAD par accident',NULL,NULL,'P917VC/DC2',1,0,0,1,NULL,NULL,13,238,'Décès-IAD par accident','INVIS',1),(23802,'Double effet','Double effet',NULL,NULL,'P917VC/DC4',1,0,0,2,NULL,NULL,13,238,'Double effet','INVIS',1),(23803,'Frais d\'obsèques','Frais d\'obsèques',NULL,NULL,'P917VC/DC5',1,0,0,3,NULL,NULL,13,238,'Frais d\'obsèques','INVIS',1),(23804,'Incapacité temporaire totale','Incapacité temporaire totale',NULL,NULL,'P917VC/ITT1',1,0,0,4,NULL,NULL,13,238,'Incapacité temporaire totale','INVIS',1),(23805,'Invalidité - Incapacité permanente professionnelle ','Invalidité - Incapacité permanente professionnelle ',NULL,NULL,'P917VC/RI1',1,0,0,5,NULL,NULL,13,238,'Invalidité - Incapacité permanente professionnelle ','INVIS',1),(23806,'Décès-Invalidité absolue et définitive (IAD) toutes causes','Décès-Invalidité absolue et définitive (IAD) toutes causes',NULL,NULL,'P917VNC/DC1',1,0,0,6,NULL,NULL,13,238,'Décès-Invalidité absolue et définitive (IAD) toutes causes','INVIS',1),(23807,'Décès-IAD par accident','Décès-IAD par accident',NULL,NULL,'P917VNC/DC2',1,0,0,7,NULL,NULL,13,238,'Décès-IAD par accident','INVIS',1),(23808,'Double effet','Double effet',NULL,NULL,'P917VNC/DC4',1,0,0,8,NULL,NULL,13,238,'Double effet','INVIS',1),(23809,'Frais d\'obsèques','Frais d\'obsèques',NULL,NULL,'P917VNC/DC5',1,0,0,9,NULL,NULL,13,238,'Frais d\'obsèques','INVIS',1),(23810,'Incapacité temporaire totale','Incapacité temporaire totale',NULL,NULL,'P917VNC/ITT1',1,0,0,10,NULL,NULL,13,238,'Incapacité temporaire totale','INVIS',1),(23811,'Invalidité - Incapacité permanente professionnelle ','Invalidité - Incapacité permanente professionnelle ',NULL,NULL,'P917VNC/RI1',1,0,0,11,NULL,NULL,13,238,'Invalidité - Incapacité permanente professionnelle ','INVIS',1),(23900,'Décès-Invalidité absolue et définitive (IAD)','Décès-Invalidité absolue et définitive (IAD)',NULL,NULL,'P931VC/DC1',1,0,0,0,NULL,NULL,14,239,'Décès-Invalidité absolue et définitive (IAD)','INVIS',1),(23901,'Capital Décès par accident du travail ou maladie professionnelle','Capital Décès par accident du travail ou maladie professionnelle',NULL,NULL,'P931VC/DC6',1,0,0,1,NULL,NULL,14,239,'Capital Décès par accident du travail ou maladie professionnelle','INVIS',1),(23902,'Double effet','Double effet',NULL,NULL,'P931VC/DC4',1,0,0,2,NULL,NULL,14,239,'Double effet','INVIS',1),(23903,'Allocation obsèques','Allocation obsèques',NULL,NULL,'P931VC/DC5',1,0,0,3,NULL,NULL,14,239,'Allocation obsèques','INVIS',1),(23904,'Rente éducation','Rente éducation',NULL,NULL,'P931VC/RE1',1,0,0,4,NULL,NULL,14,239,'la rente éducation','INVIS',1),(23905,'Rente conjoint','Rente conjoint',NULL,NULL,'P931VC/RC1',1,0,0,5,NULL,NULL,14,239,'la rente de conjoint','INVIS',1),(23906,'Incapacité temporaire totale','Incapacité temporaire totale',NULL,NULL,'P931VC/ITT1',1,0,0,6,NULL,NULL,14,239,'Incapacité temporaire totale','INVIS',1),(23907,'Invalidité - Incapacité permanente professionnelle ','Invalidité - Incapacité permanente professionnelle ',NULL,NULL,'P931VC/RI1',1,0,0,7,NULL,NULL,14,239,'Invalidité - Incapacité permanente professionnelle ','INVIS',1),(23908,'Décès-Invalidité absolue et définitive (IAD)','Décès-Invalidité absolue et définitive (IAD)',NULL,NULL,'P931VNC/DC1',1,0,0,8,NULL,NULL,14,239,'Décès-Invalidité absolue et définitive (IAD)','INVIS',1),(23909,'Capital Décès par accident du travail ou maladie professionnelle','Capital Décès par accident du travail ou maladie professionnelle',NULL,NULL,'P931VNC/DC6',1,0,0,9,NULL,NULL,14,239,'Capital Décès par accident du travail ou maladie professionnelle','INVIS',1),(23910,'Double effet','Double effet',NULL,NULL,'P931VNC/DC4',1,0,0,10,NULL,NULL,14,239,'Double effet','INVIS',1),(23911,'Allocation obsèques','Allocation obsèques',NULL,NULL,'P931VNC/DC5',1,0,0,11,NULL,NULL,14,239,'Allocation obsèques','INVIS',1),(23912,'Rente éducation','Rente éducation',NULL,NULL,'P931VNC/RE1',1,0,0,12,NULL,NULL,14,239,'la rente éducation','INVIS',1),(23913,'Rente conjoint','Rente conjoint',NULL,NULL,'P931VNC/RC1',1,0,0,13,NULL,NULL,14,239,'la rente de conjoint','INVIS',1),(23914,'Incapacité temporaire totale','Incapacité temporaire totale',NULL,NULL,'P931VNC/ITT1',1,0,0,14,NULL,NULL,14,239,'Incapacité temporaire totale','INVIS',1),(23915,'Invalidité - Incapacité permanente professionnelle','Invalidité - Incapacité permanente professionnelle',NULL,NULL,'P931VNC/RI1',1,0,0,15,NULL,NULL,14,239,'Invalidité - Incapacité permanente professionnelle','INVIS',1),(24000,'Décès-Invalidité absolue et définitive (IAD)','Décès-Invalidité absolue et définitive (IAD)',NULL,NULL,'3196VC/DC1',1,0,0,0,NULL,NULL,15,240,'Décès-Invalidité absolue et définitive (IAD)','INVIS',1),(24001,'Rente éducation','Rente éducation',NULL,NULL,'3196VC/RE1',1,0,0,1,NULL,NULL,15,240,'la rente éducation','INVIS',1),(24002,'Rente conjoint temporaire','Rente conjoint temporaire',NULL,NULL,'3196VC/RC2',1,0,0,2,NULL,NULL,15,240,'Rente conjoint temporaire','INVIS',1),(24003,'Capital Décès par accident du travail ou maladie professionnelle','Capital Décès par accident du travail ou maladie professionnelle',NULL,NULL,'3196VC/DC6',1,0,0,3,NULL,NULL,15,240,'Capital Décès par accident du travail ou maladie professionnelle','INVIS',1),(24004,'Double effet','Double effet',NULL,NULL,'3196VC/DC4',1,0,0,4,NULL,NULL,15,240,'Double effet','INVIS',1),(24005,'Allocation obsèques','Allocation obsèques',NULL,NULL,'3196VC/DC5',1,0,0,5,NULL,NULL,15,240,'Allocation obsèques','INVIS',1),(24006,'Incapacité temporaire totale','Incapacité temporaire totale',NULL,NULL,'3196VC/ITT1',1,0,0,6,NULL,NULL,15,240,'Incapacité temporaire totale','INVIS',1),(24007,'Invalidité - Incapacité permanente professionnelle ','Invalidité - Incapacité permanente professionnelle ',NULL,NULL,'3196VC/RI1',1,0,0,7,NULL,NULL,15,240,'Invalidité - Incapacité permanente professionnelle ','INVIS',1),(24008,'Décès-Invalidité absolue et définitive (IAD)','Décès-Invalidité absolue et définitive (IAD)',NULL,NULL,'3196VNC/DC1',1,0,0,8,NULL,NULL,15,240,'Décès-Invalidité absolue et définitive (IAD)','INVIS',1),(24009,'Rente éducation','Rente éducation',NULL,NULL,'3196VNC/RE1',1,0,0,9,NULL,NULL,15,240,'la rente éducation','INVIS',1),(24010,'Rente conjoint','Rente conjoint',NULL,NULL,'3196VNC/RC2',1,0,0,10,NULL,NULL,15,240,'la rente de conjoint','INVIS',1),(24011,'Capital Décès par accident du travail ou maladie professionnelle','Capital Décès par accident du travail ou maladie professionnelle',NULL,NULL,'3196VNC/DC6',1,0,0,11,NULL,NULL,15,240,'Capital Décès par accident du travail ou maladie professionnelle','INVIS',1),(24012,'Double effet','Double effet',NULL,NULL,'3196VNC/DC4',1,0,0,12,NULL,NULL,15,240,'Double effet','INVIS',1),(24013,'Allocation obsèques','Allocation obsèques',NULL,NULL,'3196VNC/DC5',1,0,0,13,NULL,NULL,15,240,'Allocation obsèques','INVIS',1),(24014,'Incapacité temporaire totale','Incapacité temporaire totale',NULL,NULL,'3196VNC/ITT1',1,0,0,14,NULL,NULL,15,240,'Incapacité temporaire totale','INVIS',1),(24015,'Invalidité - Incapacité permanente professionnelle','Invalidité - Incapacité permanente professionnelle',NULL,NULL,'3196VNC/RI1',1,0,0,15,NULL,NULL,15,240,'Invalidité - Incapacité permanente professionnelle','INVIS',1),(24100,'Décès-Invalidité absolue et définitive (IAD)','Décès-Invalidité absolue et définitive (IAD)',NULL,NULL,'P678VC/DC1',1,0,0,0,NULL,NULL,16,241,'Décès-Invalidité absolue et définitive (IAD)','INVIS',1),(24101,'Décès-IAD par accident','Décès-IAD par accident',NULL,NULL,'P678VC/DC6',1,0,0,1,NULL,NULL,16,241,'Décès-IAD par accident','INVIS',1),(24102,'Double effet','Double effet',NULL,NULL,'P678VC/DC4',1,0,0,2,NULL,NULL,16,241,'Double effet','INVIS',1),(24103,'Frais d\'obsèques','Frais d\'obsèques',NULL,NULL,'P678VC/DC5',1,0,0,3,NULL,NULL,16,241,'Frais d\'obsèques','INVIS',1),(24104,'Rente éducation','Rente éducation',NULL,NULL,'P678VC/RE1',1,0,0,4,NULL,NULL,16,241,'la rente éducation','INVIS',1),(24105,'Rente conjoint','Rente conjoint',NULL,NULL,'P678VC/RC2',1,0,0,5,NULL,NULL,16,241,'la rente de conjoint','INVIS',1),(24106,'Incapacité temporaire totale','Incapacité temporaire totale',NULL,NULL,'P678VC/ITT1',1,0,0,6,NULL,NULL,16,241,'Incapacité temporaire totale','INVIS',1),(24107,'Invalidité - Incapacité permanente professionnelle ','Invalidité - Incapacité permanente professionnelle ',NULL,NULL,'P678VC/RI1',1,0,0,7,NULL,NULL,16,241,'Invalidité - Incapacité permanente professionnelle ','INVIS',1),(24108,'Décès-Invalidité absolue et définitive (IAD)','Décès-Invalidité absolue et définitive (IAD)',NULL,NULL,'P678VNC/DC1',1,0,0,8,NULL,NULL,16,241,'Décès-Invalidité absolue et définitive (IAD)','INVIS',1),(24109,'Décès-IAD par accident','Décès-IAD par accident',NULL,NULL,'P678VNC/DC6',1,0,0,9,NULL,NULL,16,241,'Décès-IAD par accident','INVIS',1),(24110,'Double effet','Double effet',NULL,NULL,'P678VNC/DC4',1,0,0,10,NULL,NULL,16,241,'Double effet','INVIS',1),(24111,'Allocation obsèques','Allocation obsèques',NULL,NULL,'P678VNC/DC5',1,0,0,11,NULL,NULL,16,241,'Allocation obsèques','INVIS',1),(24112,'Rente éducation','Rente éducation',NULL,NULL,'P678VNC/RE1',1,0,0,12,NULL,NULL,16,241,'la rente éducation','INVIS',1),(24113,'Incapacité temporaire totale','Incapacité temporaire totale',NULL,NULL,'P678VNC/ITT1',1,0,0,13,NULL,NULL,16,241,'Incapacité temporaire totale','INVIS',1),(24114,'Invalidité - Incapacité permanente professionnelle','Invalidité - Incapacité permanente professionnelle',NULL,NULL,'P678VNC/RI1',1,0,0,14,NULL,NULL,16,241,'Invalidité - Incapacité permanente professionnelle','INVIS',1),(24200,'Décès-Invalidité absolue et définitive (IAD)','Décès-Invalidité absolue et définitive (IAD)',NULL,NULL,'3108AC/DC1',1,0,0,0,NULL,NULL,17,242,'Décès-Invalidité absolue et définitive (IAD)','INVIS',1),(24201,'Double effet','Double effet',NULL,NULL,'3108AC/DC4',1,0,0,1,NULL,NULL,17,242,'Double effet','INVIS',1),(24202,'Frais d\'obsèques','Frais d\'obsèques',NULL,NULL,'3108AC/DC5',1,0,0,2,NULL,NULL,17,242,'Frais d\'obsèques','INVIS',1),(24203,'Incapacité temporaire totale','Incapacité temporaire totale',NULL,NULL,'3108AC/ITT1',1,0,0,3,NULL,NULL,17,242,'Incapacité temporaire totale','INVIS',1),(24204,'Invalidité - Incapacité permanente professionnelle ','Invalidité - Incapacité permanente professionnelle ',NULL,NULL,'3108AC/RI1',1,0,0,4,NULL,NULL,17,242,'Invalidité - Incapacité permanente professionnelle ','INVIS',1),(24205,'Décès-Invalidité absolue et définitive (IAD)','Décès-Invalidité absolue et définitive (IAD)',NULL,NULL,'3108ANC/DC1',1,0,0,5,NULL,NULL,17,242,'Décès-Invalidité absolue et définitive (IAD)','INVIS',1),(24206,'Double effet','Double effet',NULL,NULL,'3108ANC/DC4',1,0,0,6,NULL,NULL,17,242,'Double effet','INVIS',1),(24207,'Allocation obsèques','Frais d\'obsèques',NULL,NULL,'3108ANC/DC5',1,0,0,7,NULL,NULL,17,242,'Frais d\'obsèques','INVIS',1),(24208,'Incapacité temporaire totale','Incapacité temporaire totale',NULL,NULL,'3108ANC/ITT1',1,0,0,8,NULL,NULL,17,242,'Incapacité temporaire totale','INVIS',1),(24209,'Invalidité - Incapacité permanente professionnelle','Invalidité - Incapacité permanente professionnelle',NULL,NULL,'3108ANC/RI1',1,0,0,9,NULL,NULL,17,242,'Invalidité - Incapacité permanente professionnelle','INVIS',1),(24300,'Décès-Invalidité absolue et définitive (IAD)','Décès-Invalidité absolue et définitive (IAD)',NULL,NULL,'P940AC/DC1',1,0,0,0,NULL,NULL,17,243,'Décès-Invalidité absolue et définitive (IAD)','INVIS',1),(24301,'Double effet','Double effet',NULL,NULL,'P940AC/DC4',1,0,0,1,NULL,NULL,17,243,'Double effet','INVIS',1),(24302,'Frais d\'obsèques','Frais d\'obsèques',NULL,NULL,'P940AC/DC5',1,0,0,2,NULL,NULL,17,243,'Frais d\'obsèques','INVIS',1),(24303,'Incapacité temporaire totale','Incapacité temporaire totale',NULL,NULL,'P940AC/ITT1',1,0,0,3,NULL,NULL,17,243,'Incapacité temporaire totale','INVIS',1),(24304,'Invalidité - Incapacité permanente professionnelle ','Invalidité - Incapacité permanente professionnelle ',NULL,NULL,'P940AC/RI1',1,0,0,4,NULL,NULL,17,243,'Invalidité - Incapacité permanente professionnelle ','INVIS',1),(24400,'Décès-IAD par accident','Décès-IAD par accident',NULL,NULL,'P940VC/DC2',1,0,0,0,NULL,NULL,18,244,'Décès-IAD par accident','INVIS',1),(24500,'Décès-Invalidité absolue et définitive (IAD)','Décès-Invalidité absolue et définitive (IAD)',NULL,NULL,'3066VC/DC1',1,0,0,0,NULL,NULL,19,245,'Décès-Invalidité absolue et définitive (IAD)','INVIS',1),(24501,'Décès-IAD par accident','Décès-IAD par accident',NULL,NULL,'3066VC/DC2',1,0,0,1,NULL,NULL,19,245,'Décès-IAD par accident','INVIS',1),(24502,'Double effet','Double effet',NULL,NULL,'3066VC/DC4',1,0,0,2,NULL,NULL,19,245,'Double effet','INVIS',1),(24503,'Frais d\'obsèques','Frais d\'obsèques',NULL,NULL,'3066VC/DC5',1,0,0,3,NULL,NULL,19,245,'Frais d\'obsèques','INVIS',1),(24504,'Incapacité temporaire totale','Incapacité temporaire totale',NULL,NULL,'3066VC/ITT1',1,0,0,4,NULL,NULL,19,245,'Incapacité temporaire totale','INVIS',1),(24505,'Invalidité - Incapacité permanente professionnelle ','Invalidité - Incapacité permanente professionnelle ',NULL,NULL,'3066VC/RI1',1,0,0,5,NULL,NULL,19,245,'Invalidité - Incapacité permanente professionnelle ','INVIS',1),(24506,'Décès-Invalidité absolue et définitive (IAD)','Décès-Invalidité absolue et définitive (IAD)',NULL,NULL,'3066VNC/DC1',1,0,0,6,NULL,NULL,19,245,'Décès-Invalidité absolue et définitive (IAD)','INVIS',1),(24507,'Décès-IAD par accident','Décès-IAD par accident',NULL,NULL,'3066VNC/DC2',1,0,0,7,NULL,NULL,19,245,'Décès-IAD par accident','INVIS',1),(24508,'Double effet','Double effet',NULL,NULL,'3066VNC/DC4',1,0,0,8,NULL,NULL,19,245,'Double effet','INVIS',1),(24509,'Frais d\'obsèques','Frais d\'obsèques',NULL,NULL,'3066VNC/DC5',1,0,0,9,NULL,NULL,19,245,'Frais d\'obsèques','INVIS',1),(24510,'Rente éducation','Rente éducation',NULL,NULL,'3066VNC/RE1',1,0,0,10,NULL,NULL,19,245,'la rente éducation','INVIS',1),(24511,'Incapacité temporaire totale','Incapacité temporaire totale',NULL,NULL,'3066VNC/ITT1',1,0,0,11,NULL,NULL,19,245,'Incapacité temporaire totale','INVIS',1),(24512,'Invalidité - Incapacité permanente professionnelle ','Invalidité - Incapacité permanente professionnelle ',NULL,NULL,'3066VNC/RI1',1,0,0,12,NULL,NULL,19,245,'Invalidité - Incapacité permanente professionnelle ','INVIS',1),(24600,'Décès amélioré','Décès amélioré',NULL,NULL,'306HANC/DCA',1,0,0,0,NULL,NULL,19,246,'Décès amélioré','INVIS',1),(24601,'Rente éducation','Rente éducation',NULL,NULL,'306HANC/RE1',1,0,0,1,NULL,NULL,19,246,'la rente éducation','INVIS',1),(24700,'Arrêt de travail amélioré','Arrêt de travail amélioréé',NULL,NULL,'306HBNC/ITTA',1,0,0,0,NULL,NULL,19,247,'Arrêt de travail amélioré','INVIS',1),(24800,'Décès-Invalidité absolue et définitive (IAD)','Décès-Invalidité absolue et définitive (IAD)',NULL,NULL,'3246VC/DC1',1,0,0,0,NULL,NULL,20,248,'Décès-Invalidité absolue et définitive (IAD)','INVIS',1),(24801,'Rente éducation','Rente éducation',NULL,NULL,'3246VC/RE1',1,0,0,1,NULL,NULL,20,248,'la rente éducation','INVIS',1),(24802,'Incapacité temporaire totale','Incapacité temporaire totale',NULL,NULL,'3246VC/ITT1',1,0,0,2,NULL,NULL,20,248,'Incapacité temporaire totale','INVIS',1),(24803,'Invalidité - Incapacité permanente professionnelle ','Invalidité - Incapacité permanente professionnelle ',NULL,NULL,'3246VC/RI1',1,0,0,3,NULL,NULL,20,248,'Invalidité - Incapacité permanente professionnelle ','INVIS',1),(24804,'Décès-Invalidité absolue et définitive (IAD)','Décès-Invalidité absolue et définitive (IAD)',NULL,NULL,'3246VNC/DC1',1,0,0,4,NULL,NULL,20,248,'Décès-Invalidité absolue et définitive (IAD)','INVIS',1),(24805,'Rente éducation','Rente éducation',NULL,NULL,'3246VNC/RE1',1,0,0,5,NULL,NULL,20,248,'la rente éducation','INVIS',1),(24806,'Incapacité temporaire totale','Incapacité temporaire totale',NULL,NULL,'3246VNC/ITT1',1,0,0,6,NULL,NULL,20,248,'Incapacité temporaire totale','INVIS',1),(24807,'Invalidité - Incapacité permanente professionnelle ','Invalidité - Incapacité permanente professionnelle ',NULL,NULL,'3246VNC/RI1',1,0,0,7,NULL,NULL,20,248,'Invalidité - Incapacité permanente professionnelle ','INVIS',1),(24900,'Décès accidentel','Décès accidentel',NULL,NULL,'32E6AC/DC2',1,0,0,0,NULL,NULL,20,249,'Décès accidentel','INVIS',1),(24901,'Décès accidentel','Décès accidentel',NULL,NULL,'32E6ANC/DC2',1,0,0,1,NULL,NULL,20,249,'Décès accidentel','INVIS',1),(25000,'Décès-Invalidité absolue et définitive (IAD)','Décès-Invalidité absolue et définitive (IAD)',NULL,NULL,'3151VC/DC1',1,0,0,0,NULL,NULL,21,250,'Décès-Invalidité absolue et définitive (IAD)','INVIS',1),(25001,'Double effet','Double effet',NULL,NULL,'3151VC/DC4',1,0,0,1,NULL,NULL,21,250,'Double effet','INVIS',1),(25002,'Rente éducation','Rente éducation',NULL,NULL,'3151VC/RE1',1,0,0,2,NULL,NULL,21,250,'la rente éducation','INVIS',1),(25003,'Garantie rente handicap','Garantie rente handicap',NULL,NULL,'3151VC/RHA',1,0,0,3,NULL,NULL,21,250,'la rente handicap','INVIS',1),(25004,'Allocation obsèques','Allocation obsèques',NULL,NULL,'3151VC/DC5',1,0,0,4,NULL,NULL,21,250,'Allocation obsèques','INVIS',1),(25005,'Incapacité temporaire totale','Incapacité temporaire totale',NULL,NULL,'3151VC/ITT1',1,0,0,5,NULL,NULL,21,250,'Incapacité temporaire totale','INVIS',1),(25006,'Invalidité - Incapacité permanente professionnelle ','Invalidité - Incapacité permanente professionnelle ',NULL,NULL,'3151VC/RI1',1,0,0,6,NULL,NULL,21,250,'Invalidité - Incapacité permanente professionnelle ','INVIS',1),(25007,'Décès-Invalidité absolue et définitive (IAD)','Décès-Invalidité absolue et définitive (IAD)',NULL,NULL,'3151VNC/DC1',1,0,0,7,NULL,NULL,21,250,'Décès-Invalidité absolue et définitive (IAD)','INVIS',1),(25008,'Double effet','Double effet',NULL,NULL,'3151VNC/DC4',1,0,0,8,NULL,NULL,21,250,'Double effet','INVIS',1),(25009,'Rente éducation','Rente éducation',NULL,NULL,'3151VNC/RE1',1,0,0,9,NULL,NULL,21,250,'la rente éducation','INVIS',1),(25010,'Garantie rente handicap','Garantie rente handicap',NULL,NULL,'3151VNC/RHA',1,0,0,10,NULL,NULL,21,250,'la rente handicap','INVIS',1),(25011,'Allocation obsèques','Allocation obsèques',NULL,NULL,'3151VNC/DC5',1,0,0,11,NULL,NULL,21,250,'Allocation obsèques','INVIS',1),(25012,'Incapacité temporaire totale','Incapacité temporaire totale',NULL,NULL,'3151VNC/ITT1',1,0,0,12,NULL,NULL,21,250,'Incapacité temporaire totale','INVIS',1),(25013,'Invalidité - Incapacité permanente professionnelle ','Invalidité - Incapacité permanente professionnelle ',NULL,NULL,'3151VNC/RI1',1,0,0,13,NULL,NULL,21,250,'Invalidité - Incapacité permanente professionnelle ','INVIS',1),(25100,'Décès-Invalidité absolue et définitive (IAD)','Décès-Invalidité absolue et définitive (IAD)',NULL,NULL,'BADVEP/DC1',1,0,0,0,NULL,NULL,22,251,'Décès-Invalidité absolue et définitive (IAD)','INVIS',1),(25101,'Rente éducation','Rente éducation',NULL,NULL,'BADVEP/RE1',1,0,0,1,NULL,NULL,22,251,'la rente éducation','INVIS',1),(25102,'Incapacité temporaire totale','Incapacité temporaire totale',NULL,NULL,'BADVEP/ITT1',1,0,0,2,NULL,NULL,22,251,'Incapacité temporaire totale','INVIS',1),(25103,'Invalidité - Incapacité permanente professionnelle ','Invalidité - Incapacité permanente professionnelle ',NULL,NULL,'BADVEP/RI1',1,0,0,3,NULL,NULL,22,251,'Invalidité - Incapacité permanente professionnelle ','INVIS',1),(25104,'Cotisation additionnelle décès','Cotisation additionnelle décès',NULL,NULL,'BADVEP/DCB',1,0,0,4,NULL,NULL,22,251,'Cotisation additionnelle décès','INVIS',1),(25105,' Cotisation additionnelle maladie','Cotisation additionnelle maladie',NULL,NULL,'BADVEP/IJB',1,0,0,5,NULL,NULL,22,251,'Cotisation additionnelle maladie','INVIS',1),(25200,'Maintien de salaire','Maintien de salaire',NULL,NULL,'BADMEP/IJ2',1,0,0,0,NULL,NULL,22,252,'le maintien de salaire','INVIS',1),(25300,'Décès-Invalidité absolue et définitive (IAD)','Décès-Invalidité absolue et définitive (IAD)',NULL,NULL,'BADAC1/DC1',1,0,0,0,NULL,NULL,22,253,'Décès-Invalidité absolue et définitive (IAD)','INVIS',1),(25400,'Décès-Invalidité absolue et définitive (IAD)','Décès-Invalidité absolue et définitive (IAD)',NULL,NULL,'BADAC2/DC1',1,0,0,0,NULL,NULL,22,254,'Décès-Invalidité absolue et définitive (IAD)','INVIS',1),(25401,'Rente conjoint','Rente conjoint',NULL,NULL,'BADAC2/RC1',1,0,0,1,NULL,NULL,22,254,'la rente de conjoint','INVIS',1),(25500,'Maintien de salaire','Maintien de salaire',NULL,NULL,'IJ2',1,0,1,0,NULL,NULL,5,255,'l\'incapacité/l\'invalidité','INVIS',3),(25600,'Décès-Invalidité absolue et définitive (IAD)','Décès-Invalidité absolue et définitive (IAD)',NULL,NULL,'3328VC/DC1',1,0,0,0,NULL,NULL,23,256,'Décès-Invalidité absolue et définitive (IAD)','INVIS',1),(25601,'Double effet','Double effet',NULL,NULL,'3328VC/DC4',1,0,0,1,NULL,NULL,23,256,'Double effet','INVIS',1),(25602,'Rente éducation','Rente éducation',NULL,NULL,'3328VC/RE1',1,0,0,2,NULL,NULL,23,256,'la rente éducation','INVIS',1),(25603,'Maintien de salaire','Maintien de salaire',NULL,NULL,'3328VC/ITTIJ2',1,0,0,3,NULL,NULL,23,256,'le maintien de salaire','INVIS',1),(25604,'Incapacité temporaire totale','Incapacité temporaire totale',NULL,NULL,'3328VC/ITT1',1,0,0,4,NULL,NULL,23,256,'Incapacité temporaire totale','INVIS',1),(25605,'Invalidité - Incapacité permanente professionnelle ','Invalidité - Incapacité permanente professionnelle ',NULL,NULL,'3328VC/RI1',1,0,0,5,NULL,NULL,23,256,'Invalidité - Incapacité permanente professionnelle ','INVIS',1),(25606,'Décès-Invalidité absolue et définitive (IAD)','Décès-Invalidité absolue et définitive (IAD)',NULL,NULL,'3328VNC/DC1',1,0,0,6,NULL,NULL,23,256,'Décès-Invalidité absolue et définitive (IAD)','INVIS',1),(25607,'Double effet','Double effet',NULL,NULL,'3328VNC/DC4',1,0,0,7,NULL,NULL,23,256,'Double effet','INVIS',1),(25608,'Rente éducation','Rente éducation',NULL,NULL,'3328VNC/RE1',1,0,0,8,NULL,NULL,23,256,'la rente éducation','INVIS',1),(25609,'Maintien de salaire','Maintien de salaire',NULL,NULL,'3328VNC/ITTIJ2',1,0,0,9,NULL,NULL,23,256,'le maintien de salaire','INVIS',1),(25610,'Incapacité temporaire totale','Incapacité temporaire totale',NULL,NULL,'3328VNC/ITT1',1,0,0,10,NULL,NULL,23,256,'Incapacité temporaire totale','INVIS',1),(25611,'Invalidité - Incapacité permanente professionnelle ','Invalidité - Incapacité permanente professionnelle ',NULL,NULL,'3328VNC/RI1',1,0,0,11,NULL,NULL,23,256,'Invalidité - Incapacité permanente professionnelle ','INVIS',1),(25700,'Décès-Invalidité absolue et définitive (IAD)','Décès-Invalidité absolue et définitive (IAD)',NULL,NULL,'3328AC/DC1',1,0,0,0,NULL,NULL,23,257,'Décès-Invalidité absolue et définitive (IAD)','INVIS',1),(25701,'Doublement du capital en cas d’accident','Doublement du capital en cas d’accident',NULL,NULL,'3328AC/DC2',1,0,0,1,NULL,NULL,23,257,'Doublement du capital en cas d’accident','INVIS',1),(25702,'Décès-Invalidité absolue et définitive (IAD)','Décès-Invalidité absolue et définitive (IAD)',NULL,NULL,'3328ANC/DC1',1,0,0,2,NULL,NULL,23,257,'Décès-Invalidité absolue et définitive (IAD)','INVIS',1),(25703,'Doublement du capital en cas d’accident','Doublement du capital en cas d’accident',NULL,NULL,'3328ANC/DC2',1,0,0,3,NULL,NULL,23,257,'Doublement du capital en cas d’accident','INVIS',1),(25800,'Décès-Invalidité absolue et définitive (IAD)','Décès-Invalidité absolue et définitive (IAD)',NULL,NULL,'3044VC/DC1',1,0,0,0,NULL,NULL,24,258,'Décès-Invalidité absolue et définitive (IAD)','INVIS',1),(25801,'Décès-IAD par accident','Décès-IAD par accident',NULL,NULL,'3044VC/DC2',1,0,0,1,NULL,NULL,24,258,'Décès-IAD par accident','INVIS',1),(25802,'Double effet','Double effet',NULL,NULL,'3044VC/DC4',1,0,0,2,NULL,NULL,24,258,'Double effet','INVIS',1),(25803,'Rente éducation','Rente éducation',NULL,NULL,'3044VC/RE1',1,0,0,3,NULL,NULL,24,258,'la rente éducation','INVIS',1),(25804,'Incapacité temporaire totale','Incapacité temporaire totale',NULL,NULL,'3044VC/ITT1',1,0,0,4,NULL,NULL,24,258,'Incapacité temporaire totale','INVIS',1),(25805,'Invalidité - Incapacité permanente professionnelle ','Invalidité - Incapacité permanente professionnelle ',NULL,NULL,'3044VC/RI1',1,0,0,5,NULL,NULL,24,258,'Invalidité - Incapacité permanente professionnelle ','INVIS',1),(25806,'Décès-Invalidité absolue et définitive (IAD)','Décès-Invalidité absolue et définitive (IAD)',NULL,NULL,'3044VNC/DC1',1,0,0,6,NULL,NULL,24,258,'Décès-Invalidité absolue et définitive (IAD)','INVIS',1),(25807,'Double effet','Double effet',NULL,NULL,'3044VNC/DC4',1,0,0,7,NULL,NULL,24,258,'Double effet','INVIS',1),(25808,'Incapacité temporaire totale','Incapacité temporaire totale',NULL,NULL,'3044VNC/ITT1',1,0,0,8,NULL,NULL,24,258,'Incapacité temporaire totale','INVIS',1),(25809,'Invalidité - Incapacité permanente professionnelle ','Invalidité - Incapacité permanente professionnelle ',NULL,NULL,'3044VNC/RI1',1,0,0,9,NULL,NULL,24,258,'Invalidité - Incapacité permanente professionnelle ','INVIS',1),(25900,'Décès-Invalidité absolue et définitive (IAD)','Décès-Invalidité absolue et définitive (IAD)',NULL,NULL,'30E4VNC/DC1',1,0,0,0,NULL,NULL,24,259,'Décès-Invalidité absolue et définitive (IAD)','INVIS',1),(25901,'Décès - IAD par accident soudain et foudroyant','Décès - IAD par accident soudain et foudroyant',NULL,NULL,'30E4VNC/DC5',1,0,0,1,NULL,NULL,24,259,'Décès - IAD par accident soudain et foudroyant','INVIS',1),(25902,'Double effet','Double effet',NULL,NULL,'30E4VNC/DC4',1,0,0,2,NULL,NULL,24,259,'Double effet','INVIS',1),(25903,'Incapacité temporaire totale','Incapacité temporaire totale',NULL,NULL,'30E4VNC/ITT1',1,0,0,3,NULL,NULL,24,259,'Incapacité temporaire totale','INVIS',1),(25904,'Invalidité - Incapacité permanente professionnelle ','Invalidité - Incapacité permanente professionnelle ',NULL,NULL,'30E4VNC/RI1',1,0,0,4,NULL,NULL,24,259,'Invalidité - Incapacité permanente professionnelle ','INVIS',1),(26000,'Décès-Invalidité absolue et définitive (IAD)','Décès-Invalidité absolue et définitive (IAD)',NULL,NULL,'304EVNC/DC1',1,0,0,0,NULL,NULL,24,260,'Décès-Invalidité absolue et définitive (IAD)','INVIS',1),(26001,'Décès - IAD par accident soudain et foudroyant','Décès - IAD par accident soudain et foudroyant',NULL,NULL,'304EVNC/DC5',1,0,0,1,NULL,NULL,24,260,'Décès - IAD par accident soudain et foudroyant','INVIS',1),(26002,'Double effet','Double effet',NULL,NULL,'304EVNC/DC4',1,0,0,2,NULL,NULL,24,260,'Double effet','INVIS',1),(26003,'Incapacité temporaire totale','Incapacité temporaire totale',NULL,NULL,'304EVNC/ITT1',1,0,0,3,NULL,NULL,24,260,'Incapacité temporaire totale','INVIS',1),(26004,'Invalidité - Incapacité permanente professionnelle ','Invalidité - Incapacité permanente professionnelle ',NULL,NULL,'304EVNC/RI1',1,0,0,4,NULL,NULL,24,260,'Invalidité - Incapacité permanente professionnelle ','INVIS',1),(26100,'Décès-Invalidité absolue et définitive (IAD)','Décès-Invalidité absolue et définitive (IAD)',NULL,NULL,'3044AC/DC1',1,0,0,0,NULL,NULL,24,261,'Décès-Invalidité absolue et définitive (IAD)','INVIS',1),(26200,'Décès-Invalidité absolue et définitive (IAD)','Décès-Invalidité absolue et définitive (IAD)',NULL,NULL,'3292VEP/DC1',1,0,0,0,NULL,NULL,25,262,'Décès-Invalidité absolue et définitive (IAD)','INVIS',1),(26201,'Décès-IAD par accident','Décès-IAD par accident',NULL,NULL,'3292VEP/DC2',1,0,0,1,NULL,NULL,25,262,'Décès-IAD par accident','INVIS',1),(26202,'Allocation obsèques','Allocation obsèques',NULL,NULL,'3292VEP/DC5',1,0,0,2,NULL,NULL,25,262,'Allocation obsèques','INVIS',1),(26203,'Double effet','Double effet',NULL,NULL,'3292VEP/DC4',1,0,0,3,NULL,NULL,25,262,'Double effet','INVIS',1),(26204,'Rente éducation','Rente éducation',NULL,NULL,'3292VEP/RE1',1,0,0,4,NULL,NULL,25,262,'la rente éducation','INVIS',1),(26205,'Rente de conjoint substitutive','Rente de conjoint substitutive',NULL,NULL,'3292VEP/RC4',1,0,0,5,NULL,NULL,25,262,'Rente de conjoint substitutive','INVIS',1),(26206,'Garantie handicap','Garantie handicap',NULL,NULL,'3292VEP/DCRHA',1,0,0,6,NULL,NULL,25,262,'Garantie handicap','INVIS',1),(26207,'Incapacité temporaire totale','Incapacité temporaire totale',NULL,NULL,'3292VEP/ITT1',1,0,0,7,NULL,NULL,25,262,'Incapacité temporaire totale','INVIS',1),(26208,'Invalidité - Incapacité permanente professionnelle ','Invalidité - Incapacité permanente professionnelle ',NULL,NULL,'3292VEP/RI1',1,0,0,8,NULL,NULL,25,262,'Invalidité - Incapacité permanente professionnelle ','INVIS',1),(26300,'Décès-Invalidité absolue et définitive (IAD)','Décès-Invalidité absolue et définitive (IAD)',NULL,NULL,'3292AC/DC1',1,0,0,0,NULL,NULL,25,263,'Décès-Invalidité absolue et définitive (IAD)','INVIS',1),(26301,'Décès-IAD par accident','Décès-IAD par accident',NULL,NULL,'3292AC/DC2',1,0,0,1,NULL,NULL,25,263,'Décès-IAD par accident','INVIS',1),(26302,'Allocation obsèques','Allocation obsèques',NULL,NULL,'3292AC/DC5',1,0,0,2,NULL,NULL,25,263,'Allocation obsèques','INVIS',1),(26303,'Double effet','Double effet',NULL,NULL,'3292AC/DC4',1,0,0,3,NULL,NULL,25,263,'Double effet','INVIS',1),(26304,'Rente éducation','Rente éducation',NULL,NULL,'3292AC/RE1',1,0,0,4,NULL,NULL,25,263,'la rente éducation','INVIS',1),(26305,'Rente de conjoint substitutive','Rente de conjoint substitutive',NULL,NULL,'3292AC/RC4',1,0,0,5,NULL,NULL,25,263,'Rente de conjoint substitutive','INVIS',1),(26306,'Garantie handicap','Garantie handicap',NULL,NULL,'3292AC/DCRHA',1,0,0,6,NULL,NULL,25,263,'Garantie handicap','INVIS',1),(26307,'Incapacité temporaire totale','Incapacité temporaire totale',NULL,NULL,'3292AC/ITT1',1,0,0,7,NULL,NULL,25,263,'Incapacité temporaire totale','INVIS',1),(26308,'Invalidité - Incapacité permanente professionnelle ','Invalidité - Incapacité permanente professionnelle ',NULL,NULL,'3292AC/RI1',1,0,0,8,NULL,NULL,25,263,'Invalidité - Incapacité permanente professionnelle ','INVIS',1),(26309,'Rente Orphelin','Allocation complémentaire orphelin','(en % de la rente éducation)',NULL,'PME_RE_RO',0,1,1,7,NULL,'RE_RO',26,3,NULL,'RE',NULL),(26310,'Rente de conjoint viagère','Rente de conjoint viagère',NULL,NULL,'PME_RC_V',0,1,1,8,NULL,'RC_V',27,3,NULL,'RC',NULL),(26311,'Rente de conjoint temporaire','Rente de conjoint temporaire',NULL,NULL,'PME_RC_T',0,1,1,9,NULL,'RC_T',27,3,NULL,'RC',NULL),(26312,'Allocation orphelin','Allocation orphelin','(en % du salaire de référence)',NULL,'PME_RC_AO',0,1,1,10,NULL,'RC_AO',27,3,NULL,'RC',NULL),(26313,'Capital substitutif','Capital substitutif à la rente de conjoint',NULL,NULL,'PME_RC_CS',0,1,1,11,NULL,'RC_CS',27,3,NULL,'RC',NULL),(26314,'Rente Orphelin','Allocation complémentaire orphelin','(en % de la rente éducation)',NULL,'TPE_RE_RO',0,1,1,20,NULL,'RE_RO',26,1,NULL,'RE',NULL),(26315,'Rente de conjoint viagère','Rente de conjoint viagère',NULL,NULL,'TPE_RC_V',0,1,1,21,NULL,'RC_V',27,1,NULL,'RC',NULL),(26316,'Rente de conjoint temporaire','Rente de conjoint temporaire',NULL,NULL,'TPE_RC_T',0,1,1,22,NULL,'RC_T',27,1,NULL,'RC',NULL),(26317,'Allocation orphelin','Allocation orphelin','(en % du salaire de référence)',NULL,'TPE_RC_AO',0,1,1,23,NULL,'RC_AO',27,1,NULL,'RC',NULL),(26318,'Capital substitutif','Capital substitutif à la rente de conjoint',NULL,NULL,'TPE_RC_CS',0,1,1,24,NULL,'RC_CS',27,1,NULL,'RC',NULL),(26400,'Décès-Invalidité absolue et définitive (IAD)','Décès-Invalidité absolue et définitive (IAD)',NULL,NULL,'3085VNC/DC1',1,0,0,0,NULL,NULL,28,264,'Décès-Invalidité absolue et définitive (IAD)','INVIS',1),(26401,'Double effet','Double effet',NULL,NULL,'3085VNC/DC4',1,0,0,1,NULL,NULL,28,264,'Double effet','INVIS',1),(26402,'Invalidité - Incapacité permanente professionnelle ','Invalidité - Incapacité permanente professionnelle ',NULL,NULL,'3085VNC/RI1',1,0,0,2,NULL,NULL,28,264,'Invalidité - Incapacité permanente professionnelle ','INVIS',1),(26500,'Décès-Invalidité absolue et définitive (IAD)','Décès-Invalidité absolue et définitive (IAD)',NULL,NULL,'3085NC1/DC1',1,0,0,0,NULL,NULL,28,265,'Décès-Invalidité absolue et définitive (IAD)','INVIS',1),(26501,'Double effet','Double effet',NULL,NULL,'3085NC1/DC4',1,0,0,1,NULL,NULL,28,265,'Double effet','INVIS',1),(26502,'Incapacité temporaire totale','Incapacité temporaire totale',NULL,NULL,'3085NC1/ITT1',1,0,0,2,NULL,NULL,28,265,'Incapacité temporaire totale','INVIS',1),(26600,'Décès-Invalidité absolue et définitive (IAD)','Décès-Invalidité absolue et définitive (IAD)',NULL,NULL,'3085NC2/DC1',1,0,0,0,NULL,NULL,28,266,'Décès-Invalidité absolue et définitive (IAD)','INVIS',1),(26601,'Invalidité - Incapacité permanente professionnelle ','Invalidité - Incapacité permanente professionnelle ',NULL,NULL,'3085NC2/RI1',1,0,0,1,NULL,NULL,28,266,'Invalidité - Incapacité permanente professionnelle ','INVIS',1),(26602,'Incapacité temporaire totale','Incapacité temporaire totale',NULL,NULL,'3085NC2/ITT1',1,0,0,2,NULL,NULL,28,266,'Incapacité temporaire totale','INVIS',1),(26603,'Rente éducation','Rente éducation',NULL,NULL,'3085NC2/RE1',1,0,0,3,NULL,NULL,28,266,'la rente éducation','INVIS',1),(26604,'Capital Décès par accident ','Capital Décès par accident ',NULL,NULL,'3085NC2/DC2',1,0,0,4,NULL,NULL,28,266,'Capital Décès par accident','INVIS',1),(26605,'Allocation obsèques','Allocation obsèques',NULL,NULL,'3085NC2/DC5',1,0,0,5,NULL,NULL,28,266,'Allocation obsèques','INVIS',1),(26700,'Décès-Invalidité absolue et définitive (IAD)','Décès-Invalidité absolue et définitive (IAD)',NULL,NULL,'3085NCT/DC1',1,0,0,0,NULL,NULL,28,267,'Décès-Invalidité absolue et définitive (IAD)','INVIS',1),(26701,'Double effet','Double effet',NULL,NULL,'3085NCT/DC4',1,0,0,1,NULL,NULL,28,267,'Double effet','INVIS',1),(26702,'Invalidité - Incapacité permanente professionnelle ','Invalidité - Incapacité permanente professionnelle ',NULL,NULL,'3085NCT/RI1',1,0,0,2,NULL,NULL,28,267,'Invalidité - Incapacité permanente professionnelle ','INVIS',1),(26703,'Incapacité temporaire totale','Incapacité temporaire totale',NULL,NULL,'3085NCT/ITT1',1,0,0,3,NULL,NULL,28,267,'Incapacité temporaire totale','INVIS',1),(26704,'Allocation obsèques','Allocation obsèques',NULL,NULL,'3085NCT/DC5',1,0,0,4,NULL,NULL,28,267,'Allocation obsèques','INVIS',1),(27001,'Capital Décès - IAD toutes causes','Garantie Décès – Invalidité Absolue et Définitive (IAD) toutes causes','(en % du salaire de référence)',NULL,'TPE_DCIAD',1,0,1,0,NULL,'DCIAD',1,270,NULL,'DC',1),(27002,'Capital Décès - IAD par accident','Capital Décès - IAD par accident','(100 % du capital Décès - IAD toutes causes)',NULL,'TPE_DCACCI',0,1,1,1,NULL,NULL,2,270,NULL,'DC',1),(27003,'Capital Double effet','Capital Double effet','(100 % du capital Décès - IAD toutes causes)',NULL,'TPE_DBLEFFET',0,1,1,2,NULL,NULL,2,270,NULL,'DC',1),(27004,'Allocation obsèques','Allocation obsèques','(100% du PMSS)',NULL,'TPE_ALLOCOBS',0,1,1,3,NULL,NULL,2,270,NULL,'DC',1),(27005,'Capital Prédécès','Capital Prédécès','(100% du PMSS)',NULL,'TPE_PREDC',0,1,1,4,NULL,NULL,2,270,NULL,'DC',1),(27006,'Rente éducation','Rente éducation','(en % du salaire de référence)','2 types de rente sont proposés :<br />\r\nRente linéaire : rente mensuelle constante quel que soit l’âge de l’enfant à charge<br />\r\nRente progressive : rente mensuelle évolutive selon l’âge de l’enfant dont le montant (de 2 à 20%) est fixé selon la tranche d’âge déterminée','TPE_RE',0,1,1,5,NULL,'RE',26,270,NULL,'RE',1),(27007,'Rente Orphelin','Allocation complémentaire orphelin','(en % de la rente éducation)',NULL,'TPE_RE_RO',0,1,1,6,NULL,'RE_RO',26,270,NULL,'RE',1),(27008,'Rente de conjoint viagère','Rente de conjoint viagère',NULL,NULL,'TPE_RC_V',0,1,1,7,NULL,'RC_V',27,270,NULL,'RC',1),(27009,'Rente de conjoint temporaire','Rente de conjoint temporaire',NULL,NULL,'TPE_RC_T',0,1,1,8,NULL,'RC_T',27,270,NULL,'RC',1),(27010,'Allocation orphelin','Allocation orphelin','(en % du salaire de référence)',NULL,'TPE_RC_AO',0,1,1,9,NULL,'RC_AO',27,270,NULL,'RC',1),(27011,'Capital substitutif','Capital substitutif à la rente de conjoint',NULL,NULL,'TPE_RC_CS',0,1,1,10,NULL,'RC_CS',27,270,NULL,'RC',1),(27012,'Exonération des cotisations','Exonération des cotisations','',NULL,'TPE_EXO',0,0,0,11,NULL,NULL,4,270,NULL,'EXO',1),(27013,'Des garanties et services d’assistance','Des garanties et services d’assistance','',NULL,'TPE_ASSISTANCE',1,0,0,12,NULL,NULL,4,270,NULL,'AS',1),(27101,'Capital Décès - IAD toutes causes','Garantie Décès – Invalidité Absolue et Définitive (IAD) toutes causes','(en % du salaire de référence)',NULL,'PME_DCIAD',1,0,1,0,NULL,'DCIAD',1,271,NULL,'DC',1),(27102,'Capital Décès - IAD par accident','Capital Décès - IAD par accident','(100 % du capital Décès - IAD toutes causes)',NULL,'PME_DCACCI',0,1,1,1,NULL,NULL,2,271,NULL,'DC',1),(27103,'Capital Double effet','Capital Double effet','(100 % du capital Décès - IAD toutes causes)',NULL,'PME_DBLEFFET',0,1,1,2,NULL,NULL,2,271,NULL,'DC',1),(27104,'Allocation obsèques','Allocation obsèques','(100% du PMSS)',NULL,'PME_ALLOCOBS',0,1,1,3,NULL,NULL,2,271,NULL,'DC',1),(27105,'Capital Prédécès','Capital Prédécès','(100% du PMSS)',NULL,'PME_PREDC',0,1,1,4,NULL,NULL,2,271,NULL,'DC',1),(27106,'Rente éducation','Rente éducation','(en % du salaire de référence)','2 types de rente sont proposés :<br />\r\nRente linéaire : rente mensuelle constante quel que soit l’âge de l’enfant à charge<br />\r\nRente progressive : rente mensuelle évolutive selon l’âge de l’enfant dont le montant (de 2 à 20%) est fixé selon la tranche d’âge déterminée','PME_RE',0,1,1,5,NULL,'RE',26,271,NULL,'RE',1),(27107,'Rente Orphelin','Allocation complémentaire orphelin','(en % de la rente éducation)',NULL,'PME_RE_RO',0,1,1,6,NULL,'RE_RO',26,271,NULL,'RE',1),(27108,'Rente de conjoint viagère','Rente de conjoint viagère',NULL,NULL,'PME_RC_V',0,1,1,7,NULL,'RC_V',27,271,NULL,'RC',1),(27109,'Rente de conjoint temporaire','Rente de conjoint temporaire',NULL,NULL,'PME_RC_T',0,1,1,8,NULL,'RC_T',27,271,NULL,'RC',1),(27110,'Allocation orphelin','Allocation orphelin','(en % du salaire de référence)',NULL,'PME_RC_AO',0,1,1,9,NULL,'RC_AO',27,271,NULL,'RC',1),(27111,'Capital substitutif','Capital substitutif à la rente de conjoint',NULL,NULL,'PME_RC_CS',0,1,1,10,NULL,'RC_CS',27,271,NULL,'RC',1),(27112,'Exonération des cotisations','Exonération des cotisations','',NULL,'PME_EXO',0,0,0,11,NULL,NULL,4,271,NULL,'EXO',1),(27113,'Des garanties et services d’assistance','Des garanties et services d’assistance','',NULL,'PME_ASSISTANCE',1,0,0,12,NULL,NULL,4,271,NULL,'AS',1),(27300,'Décès-Invalidité absolue et définitive (IAD)','Décès-Invalidité absolue et définitive (IAD)',NULL,NULL,'3292AC1/DC1',1,0,0,0,NULL,NULL,25,273,'Décès-Invalidité absolue et définitive (IAD)','INVIS',1),(27301,'Décès-IAD par accident','Décès-IAD par accident',NULL,NULL,'3292AC1/DC2',1,0,0,1,NULL,NULL,25,273,'Décès-IAD par accident','INVIS',1),(27302,'Allocation obsèques','Allocation obsèques',NULL,NULL,'3292AC1/DC5',1,0,0,2,NULL,NULL,25,273,'Allocation obsèques','INVIS',1),(27303,'Double effet','Double effet',NULL,NULL,'3292AC1/DC4',1,0,0,3,NULL,NULL,25,273,'Double effet','INVIS',1),(27304,'Rente éducation','Rente éducation',NULL,NULL,'3292AC1/RE1',1,0,0,4,NULL,NULL,25,273,'la rente éducation','INVIS',1),(27305,'Rente de conjoint substitutive','Rente de conjoint substitutive',NULL,NULL,'3292AC1/RC4',1,0,0,5,NULL,NULL,25,273,'Rente de conjoint substitutive','INVIS',1),(27306,'Garantie handicap','Garantie handicap',NULL,NULL,'3292AC1/DCRHA',1,0,0,6,NULL,NULL,25,273,'Garantie handicap','INVIS',1),(27307,'Incapacité temporaire totale','Incapacité temporaire totale',NULL,NULL,'3292AC1/ITT1',1,0,0,7,NULL,NULL,25,273,'Incapacité temporaire totale','INVIS',1),(27308,'Invalidité - Incapacité permanente professionnelle ','Invalidité - Incapacité permanente professionnelle ',NULL,NULL,'3292AC1/RI1',1,0,0,8,NULL,NULL,25,273,'Invalidité - Incapacité permanente professionnelle ','INVIS',1),(27400,'Décès pour maladie','Décès pour maladie',NULL,NULL,'3301VC/DC1',1,0,0,0,NULL,NULL,29,274,'Décès pour maladie','INVIS',1),(27401,'Décès par accident','Décès par accident',NULL,NULL,'3301VC/DC2',1,0,0,1,NULL,NULL,29,274,'Décès par accident','INVIS',1),(27402,'Capital anticipé','Capital anticipé',NULL,NULL,'3301VC/DCA',1,0,0,2,NULL,NULL,29,274,'Capital anticipé','INVIS',1),(27403,'Double effet','Double effet',NULL,NULL,'3301VC/DC5',1,0,0,3,NULL,NULL,29,274,'Double effet','INVIS',1),(27404,'Frais d\'obsèques','Frais d\'obsèques',NULL,NULL,'3301VC/DC4',1,0,0,4,NULL,NULL,29,274,'Frais d\'obsèques','INVIS',1),(27405,'Rente éducation','Rente éducation',NULL,NULL,'3301VC/RE1',1,0,0,5,NULL,NULL,29,274,'la rente éducation','INVIS',1),(27406,'Rente conjoint','Rente conjoint',NULL,NULL,'3301VC/RC1',1,0,0,6,NULL,NULL,29,274,'la rente de conjoint','INVIS',1),(27407,'Rente de Survie Handicap','Rente de Survie Handicap',NULL,NULL,'3301VC/RHA',1,0,0,7,NULL,NULL,29,274,'Rente de Survie Handicap','INVIS',1),(27408,'Incapacité temporaire totale','Incapacité temporaire totale',NULL,NULL,'3301VC/ITT1',1,0,0,8,NULL,NULL,29,274,'Incapacité temporaire totale','INVIS',1),(27409,'Invalidité - Incapacité permanente professionnelle ','Invalidité - Incapacité permanente professionnelle ',NULL,NULL,'3301VC/RI1',1,0,0,9,NULL,NULL,29,274,'Invalidité - Incapacité permanente professionnelle ','INVIS',1),(27410,'Décès pour maladie','Décès pour maladie',NULL,NULL,'3301VNC/DC1',1,0,0,10,NULL,NULL,29,274,'Décès pour maladie','INVIS',1),(27411,'Décès par accident','Décès par accident',NULL,NULL,'3301VNC/DC2',1,0,0,11,NULL,NULL,29,274,'Décès par accident','INVIS',1),(27412,'Capital anticipé','Capital anticipé',NULL,NULL,'3301VNC/DCA',1,0,0,12,NULL,NULL,29,274,'Capital anticipé','INVIS',1),(27413,'Double effet','Double effet',NULL,NULL,'3301VNC/DC4',1,0,0,13,NULL,NULL,29,274,'Double effet','INVIS',1),(27414,'Frais d\'obsèques','Frais d\'obsèques',NULL,NULL,'3301VNC/DC5',1,0,0,14,NULL,NULL,29,274,'Frais d\'obsèques','INVIS',1),(27415,'Rente éducation','Rente éducation',NULL,NULL,'3301VNC/RE1',1,0,0,15,NULL,NULL,29,274,'la rente éducation','INVIS',1),(27416,'Rente conjoint','Rente conjoint',NULL,NULL,'3301VNC/RC1',1,0,0,16,NULL,NULL,29,274,'la rente de conjoint','INVIS',1),(27417,'Rente de Survie Handicap','Rente de Survie Handicap',NULL,NULL,'3301VNC/RHA',1,0,0,17,NULL,NULL,29,274,'Rente de Survie Handicap','INVIS',1),(27418,'Incapacité temporaire totale','Incapacité temporaire totale',NULL,NULL,'3301VNC/ITT1',1,0,0,18,NULL,NULL,29,274,'Incapacité temporaire totale','INVIS',1),(27419,'Invalidité - Incapacité permanente professionnelle ','Invalidité - Incapacité permanente professionnelle ',NULL,NULL,'3301VNC/RI1',1,0,0,19,NULL,NULL,29,274,'Invalidité - Incapacité permanente professionnelle ','INVIS',1);
/*!40000 ALTER TABLE `Garantie` ENABLE KEYS */;
UNLOCK TABLES;

--
-- Table structure for table `GarantieFiltreParametre`
--

DROP TABLE IF EXISTS `GarantieFiltreParametre`;
/*!40101 SET @saved_cs_client     = @@character_set_client */;
/*!40101 SET character_set_client = utf8 */;
CREATE TABLE `GarantieFiltreParametre` (
  `identifiant` int(11) NOT NULL AUTO_INCREMENT,
  `cle` varchar(255) DEFAULT NULL,
  `valeur` varchar(255) DEFAULT NULL,
  `garantie_identifiant` int(11) NOT NULL DEFAULT '0',
  PRIMARY KEY (`identifiant`),
  KEY `FK5EE450C610C8C274` (`garantie_identifiant`),
  CONSTRAINT `FK5EE450C610C8C274` FOREIGN KEY (`garantie_identifiant`) REFERENCES `Garantie` (`id`)
) ENGINE=InnoDB DEFAULT CHARSET=utf8;
/*!40101 SET character_set_client = @saved_cs_client */;

--
-- Dumping data for table `GarantieFiltreParametre`
--

LOCK TABLES `GarantieFiltreParametre` WRITE;
/*!40000 ALTER TABLE `GarantieFiltreParametre` DISABLE KEYS */;
/*!40000 ALTER TABLE `GarantieFiltreParametre` ENABLE KEYS */;
UNLOCK TABLES;

--
-- Table structure for table `Garantie_GroupeExclusion`
--

DROP TABLE IF EXISTS `Garantie_GroupeExclusion`;
/*!40101 SET @saved_cs_client     = @@character_set_client */;
/*!40101 SET character_set_client = utf8 */;
CREATE TABLE `Garantie_GroupeExclusion` (
  `Garantie_id` int(11) NOT NULL DEFAULT '0',
  `groupesExclusion_id` int(11) NOT NULL DEFAULT '0',
  PRIMARY KEY (`Garantie_id`,`groupesExclusion_id`),
  KEY `FK60163FD4F1906B0F` (`groupesExclusion_id`),
  KEY `FK60163FD4AB06864C` (`Garantie_id`),
  CONSTRAINT `FK60163FD4AB06864C` FOREIGN KEY (`Garantie_id`) REFERENCES `Garantie` (`id`),
  CONSTRAINT `FK60163FD4F1906B0F` FOREIGN KEY (`groupesExclusion_id`) REFERENCES `GroupeExclusion` (`id`)
) ENGINE=InnoDB DEFAULT CHARSET=utf8;
/*!40101 SET character_set_client = @saved_cs_client */;

--
-- Dumping data for table `Garantie_GroupeExclusion`
--

LOCK TABLES `Garantie_GroupeExclusion` WRITE;
/*!40000 ALTER TABLE `Garantie_GroupeExclusion` DISABLE KEYS */;
/*!40000 ALTER TABLE `Garantie_GroupeExclusion` ENABLE KEYS */;
UNLOCK TABLES;

--
-- Table structure for table `Garantie_GroupeObligation`
--

DROP TABLE IF EXISTS `Garantie_GroupeObligation`;
/*!40101 SET @saved_cs_client     = @@character_set_client */;
/*!40101 SET character_set_client = utf8 */;
CREATE TABLE `Garantie_GroupeObligation` (
  `Garantie_id` int(11) NOT NULL DEFAULT '0',
  `groupesObligation_id` int(11) NOT NULL DEFAULT '0',
  PRIMARY KEY (`Garantie_id`,`groupesObligation_id`),
  KEY `FK5F09E838D6062785` (`groupesObligation_id`),
  KEY `FK5F09E838AB06864C` (`Garantie_id`),
  CONSTRAINT `FK5F09E838AB06864C` FOREIGN KEY (`Garantie_id`) REFERENCES `Garantie` (`id`),
  CONSTRAINT `FK5F09E838D6062785` FOREIGN KEY (`groupesObligation_id`) REFERENCES `GroupeObligation` (`id`)
) ENGINE=InnoDB DEFAULT CHARSET=utf8;
/*!40101 SET character_set_client = @saved_cs_client */;

--
-- Dumping data for table `Garantie_GroupeObligation`
--

LOCK TABLES `Garantie_GroupeObligation` WRITE;
/*!40000 ALTER TABLE `Garantie_GroupeObligation` DISABLE KEYS */;
/*!40000 ALTER TABLE `Garantie_GroupeObligation` ENABLE KEYS */;
UNLOCK TABLES;

--
-- Table structure for table `Garantie_LegendeGarantie`
--

DROP TABLE IF EXISTS `Garantie_LegendeGarantie`;
/*!40101 SET @saved_cs_client     = @@character_set_client */;
/*!40101 SET character_set_client = utf8 */;
CREATE TABLE `Garantie_LegendeGarantie` (
  `Garantie_id` int(11) NOT NULL DEFAULT '0',
  `legendes_id` int(11) NOT NULL DEFAULT '0',
  PRIMARY KEY (`Garantie_id`,`legendes_id`),
  KEY `FKE19FA8AFAB06864C` (`Garantie_id`),
  KEY `FKE19FA8AFF7B27130` (`legendes_id`),
  CONSTRAINT `FKE19FA8AFAB06864C` FOREIGN KEY (`Garantie_id`) REFERENCES `Garantie` (`id`),
  CONSTRAINT `FKE19FA8AFF7B27130` FOREIGN KEY (`legendes_id`) REFERENCES `LegendeGarantie` (`id`)
) ENGINE=InnoDB DEFAULT CHARSET=utf8;
/*!40101 SET character_set_client = @saved_cs_client */;

--
-- Dumping data for table `Garantie_LegendeGarantie`
--

LOCK TABLES `Garantie_LegendeGarantie` WRITE;
/*!40000 ALTER TABLE `Garantie_LegendeGarantie` DISABLE KEYS */;
/*!40000 ALTER TABLE `Garantie_LegendeGarantie` ENABLE KEYS */;
UNLOCK TABLES;

--
-- Table structure for table `Garantie_TypeCollege`
--

DROP TABLE IF EXISTS `Garantie_TypeCollege`;
/*!40101 SET @saved_cs_client     = @@character_set_client */;
/*!40101 SET character_set_client = utf8 */;
CREATE TABLE `Garantie_TypeCollege` (
  `Garantie_id` int(11) NOT NULL DEFAULT '0',
  `typecollege_id` int(11) NOT NULL,
  PRIMARY KEY (`Garantie_id`,`typecollege_id`),
  KEY `FK48CCC8298B6528AC` (`typecollege_id`),
  KEY `FK48CCC829AB06864C` (`Garantie_id`),
  CONSTRAINT `FK48CCC8298B6528AC` FOREIGN KEY (`typecollege_id`) REFERENCES `TypeCollege` (`identifiant`),
  CONSTRAINT `FK48CCC829AB06864C` FOREIGN KEY (`Garantie_id`) REFERENCES `Garantie` (`id`)
) ENGINE=InnoDB DEFAULT CHARSET=utf8;
/*!40101 SET character_set_client = @saved_cs_client */;

--
-- Dumping data for table `Garantie_TypeCollege`
--

LOCK TABLES `Garantie_TypeCollege` WRITE;
/*!40000 ALTER TABLE `Garantie_TypeCollege` DISABLE KEYS */;
INSERT INTO `Garantie_TypeCollege` (`Garantie_id`, `typecollege_id`) VALUES (1,1),(2,1),(4,1),(5,1),(6,1),(7,1),(8,1),(10,1),(11,1),(12,1),(13,1),(14,1),(15,1),(16,1),(17,1),(18,1),(19,1),(20,1),(22,1),(23,1),(24,1),(25,1),(26,1),(27,1),(28,1),(29,1),(30,1),(31,1),(32,1),(33,1),(34,1),(40,1),(11400,1),(12100,1),(12400,1),(12500,1),(12700,1),(12800,1),(13200,1),(13900,1),(14000,1),(14300,1),(14700,1),(15000,1),(15100,1),(15600,1),(15900,1),(16200,1),(16300,1),(16700,1),(17400,1),(17500,1),(17700,1),(18400,1),(18500,1),(19500,1),(19600,1),(19700,1),(19900,1),(20500,1),(21100,1),(21400,1),(22700,1),(22800,1),(25500,1),(26309,1),(26310,1),(26311,1),(26312,1),(26313,1),(26314,1),(26315,1),(26316,1),(26317,1),(26318,1),(27001,1),(27002,1),(27003,1),(27004,1),(27005,1),(27006,1),(27007,1),(27008,1),(27009,1),(27010,1),(27011,1),(27012,1),(27013,1),(27101,1),(27102,1),(27103,1),(27104,1),(27105,1),(27106,1),(27107,1),(27108,1),(27109,1),(27110,1),(27111,1),(27112,1),(27113,1),(1,2),(2,2),(4,2),(5,2),(6,2),(7,2),(9,2),(12,2),(13,2),(14,2),(15,2),(16,2),(17,2),(18,2),(19,2),(21,2),(24,2),(25,2),(36,2),(37,2),(38,2),(39,2),(1049,2),(1051,2),(1053,2),(1055,2),(1057,2),(1058,2),(1060,2),(20300,2),(24804,2),(24805,2),(24806,2),(24807,2),(24901,2),(25007,2),(25008,2),(25009,2),(25010,2),(25011,2),(25012,2),(25013,2),(25606,2),(25607,2),(25608,2),(25609,2),(25610,2),(25611,2),(25702,2),(25703,2),(26309,2),(26310,2),(26311,2),(26312,2),(26313,2),(26314,2),(26315,2),(26316,2),(26317,2),(26318,2),(26400,2),(26401,2),(26402,2),(26500,2),(26501,2),(26502,2),(26600,2),(26601,2),(26602,2),(26603,2),(26604,2),(26605,2),(26700,2),(26701,2),(26702,2),(26703,2),(26704,2),(27001,2),(27002,2),(27003,2),(27004,2),(27005,2),(27006,2),(27007,2),(27008,2),(27009,2),(27010,2),(27011,2),(27012,2),(27013,2),(27101,2),(27102,2),(27103,2),(27104,2),(27105,2),(27106,2),(27107,2),(27108,2),(27109,2),(27110,2),(27111,2),(27112,2),(27113,2),(1,30),(2,30),(4,30),(5,30),(6,30),(7,30),(9,30),(12,30),(13,30),(14,30),(15,30),(16,30),(17,30),(18,30),(19,30),(21,30),(24,30),(25,30),(36,30),(37,30),(38,30),(39,30),(26309,30),(26310,30),(26311,30),(26312,30),(26313,30),(26314,30),(26315,30),(26316,30),(26317,30),(26318,30),(27001,30),(27002,30),(27003,30),(27004,30),(27005,30),(27006,30),(27007,30),(27008,30),(27009,30),(27010,30),(27011,30),(27012,30),(27013,30),(27101,30),(27102,30),(27103,30),(27104,30),(27105,30),(27106,30),(27107,30),(27108,30),(27109,30),(27110,30),(27111,30),(27112,30),(27113,30),(11200,31),(11800,31),(12000,31),(14200,31),(16500,31),(17200,31),(17900,31),(18100,31),(18200,31),(18800,31),(18900,31),(19200,31),(19300,31),(19400,31),(20200,31),(20900,31),(11300,32),(11600,32),(13800,32),(11400,33),(13700,33),(14000,33),(14100,33),(14300,33),(15800,33),(17400,33),(20600,33),(20700,33),(22900,33),(11400,34),(17500,34),(19800,34),(22700,34),(22900,34),(11500,35),(11900,35),(12200,35),(14100,35),(14500,35),(14900,35),(15300,35),(16400,35),(19800,35),(20000,35),(20400,35),(21000,35),(21500,35),(21600,35),(21900,35),(22900,35),(11700,36),(11900,37),(12700,37),(12800,37),(14700,37),(15600,37),(16400,37),(16700,37),(17700,37),(18500,37),(21000,37),(21100,37),(21400,37),(21600,37),(21900,37),(12100,38),(12400,38),(16200,38),(19500,38),(19700,38),(20500,38),(12200,39),(12200,40),(12700,40),(12800,40),(13400,40),(14700,40),(15000,40),(15500,40),(15600,40),(15700,40),(17700,40),(21100,40),(21400,40),(12300,41),(17000,41),(12300,42),(12500,43),(12600,44),(13600,44),(20800,44),(12900,45),(14400,45),(18700,45),(13000,46),(13000,47),(14900,47),(15300,47),(17100,47),(20000,47),(21500,47),(13100,48),(13500,48),(16600,48),(17300,48),(18000,48),(21200,48),(22000,48),(23000,48),(13200,49),(13900,49),(14000,49),(15000,49),(25500,49),(13200,50),(13300,51),(21300,51),(13300,52),(21300,52),(13300,53),(21300,53),(13400,54),(13400,55),(13900,55),(14600,55),(15500,55),(15700,55),(15900,55),(18400,55),(19900,55),(13700,56),(14600,56),(1040,57),(1041,57),(1043,57),(1045,57),(1047,57),(1048,57),(1059,57),(13800,57),(18600,57),(20300,57),(13800,58),(16400,58),(18500,58),(21000,58),(21600,58),(21900,58),(14100,59),(14100,60),(14300,61),(14500,62),(18400,62),(14500,63),(15200,63),(19800,63),(22700,63),(15000,69),(15100,70),(18600,70),(15200,71),(20600,71),(15400,72),(15500,73),(15700,74),(15800,75),(16000,76),(16100,77),(16300,78),(16700,79),(16800,80),(18300,80),(21700,80),(21800,80),(16900,81),(17000,82),(17400,83),(17500,84),(17600,85),(17800,86),(17800,87),(19000,88),(19100,89),(19600,90),(20100,91),(27400,91),(27401,91),(27402,91),(27403,91),(27404,91),(27405,91),(27406,91),(27407,91),(27408,91),(27409,91),(20100,92),(27410,92),(27411,92),(27412,92),(27413,92),(27414,92),(27415,92),(27416,92),(27417,92),(27418,92),(27419,92),(20700,93),(1020,94),(1021,94),(1022,94),(1037,94),(1035,95),(1036,95),(1025,96),(1026,96),(1027,96),(22800,97),(22800,98),(1097,99),(1100,99),(1102,99),(1104,99),(1119,99),(1108,100),(1111,100),(1113,100),(1115,100),(23100,101),(23100,102),(23100,103),(23100,104),(23200,105),(23300,105),(25100,105),(25101,105),(25102,105),(25103,105),(25104,105),(25105,105),(25200,105),(25300,105),(25400,105),(25401,105),(26200,105),(26201,105),(26202,105),(26203,105),(26204,105),(26205,105),(26206,105),(26207,105),(26208,105),(26300,105),(26301,105),(26302,105),(26303,105),(26304,105),(26305,105),(26306,105),(26307,105),(26308,105),(27300,105),(27301,105),(27302,105),(27303,105),(27304,105),(27305,105),(27306,105),(27307,105),(27308,105),(23400,106),(23401,106),(23402,106),(23403,106),(23404,106),(23500,106),(23501,106),(23502,106),(23503,106),(23504,106),(23505,106),(23600,106),(23601,106),(23602,106),(23603,106),(23604,106),(23605,106),(23405,107),(23406,107),(23407,107),(23408,107),(23409,107),(23506,107),(23507,107),(23508,107),(23509,107),(23510,107),(23511,107),(23606,107),(23607,107),(23608,107),(23609,107),(23610,107),(23611,107),(23700,108),(23701,108),(23702,108),(23703,108),(23704,108),(23800,108),(23801,108),(23802,108),(23803,108),(23804,108),(23805,108),(23900,108),(23901,108),(23902,108),(23903,108),(23904,108),(23905,108),(23906,108),(23907,108),(23705,109),(23706,109),(23707,109),(23708,109),(23709,109),(23806,109),(23807,109),(23808,109),(23809,109),(23810,109),(23811,109),(23908,109),(23909,109),(23910,109),(23911,109),(23912,109),(23913,109),(23914,109),(23915,109),(24000,110),(24001,110),(24002,110),(24003,110),(24004,110),(24005,110),(24006,110),(24007,110),(24008,111),(24009,111),(24010,111),(24011,111),(24012,111),(24013,111),(24014,111),(24015,111),(24100,112),(24101,112),(24102,112),(24103,112),(24104,112),(24105,112),(24106,112),(24107,112),(24108,113),(24109,113),(24110,113),(24111,113),(24112,113),(24113,113),(24114,113),(24200,114),(24201,114),(24202,114),(24203,114),(24204,114),(24300,114),(24301,114),(24302,114),(24303,114),(24304,114),(24400,114),(24205,115),(24206,115),(24207,115),(24208,115),(24209,115),(24500,116),(24501,116),(24502,116),(24503,116),(24504,116),(24505,116),(24506,117),(24507,117),(24508,117),(24509,117),(24510,117),(24511,117),(24512,117),(24600,117),(24601,117),(24700,117),(24800,118),(24801,118),(24802,118),(24803,118),(24900,118),(25600,118),(25601,118),(25602,118),(25603,118),(25604,118),(25605,118),(25700,118),(25701,118),(25000,119),(25001,119),(25002,119),(25003,119),(25004,119),(25005,119),(25006,119),(25500,120),(25800,121),(25801,121),(25802,121),(25803,121),(25804,121),(25805,121),(26100,121),(25806,122),(25807,122),(25808,122),(25809,122),(25900,122),(25901,122),(25902,122),(25903,122),(25904,122),(26000,122),(26001,122),(26002,122),(26003,122),(26004,122);
/*!40000 ALTER TABLE `Garantie_TypeCollege` ENABLE KEYS */;
UNLOCK TABLES;

--
-- Table structure for table `GroupeExclusion`
--

DROP TABLE IF EXISTS `GroupeExclusion`;
/*!40101 SET @saved_cs_client     = @@character_set_client */;
/*!40101 SET character_set_client = utf8 */;
CREATE TABLE `GroupeExclusion` (
  `id` int(11) NOT NULL AUTO_INCREMENT,
  `libelle` varchar(250) NOT NULL DEFAULT '',
  PRIMARY KEY (`id`)
) ENGINE=InnoDB DEFAULT CHARSET=utf8;
/*!40101 SET character_set_client = @saved_cs_client */;

--
-- Dumping data for table `GroupeExclusion`
--

LOCK TABLES `GroupeExclusion` WRITE;
/*!40000 ALTER TABLE `GroupeExclusion` DISABLE KEYS */;
/*!40000 ALTER TABLE `GroupeExclusion` ENABLE KEYS */;
UNLOCK TABLES;

--
-- Table structure for table `GroupeObligation`
--

DROP TABLE IF EXISTS `GroupeObligation`;
/*!40101 SET @saved_cs_client     = @@character_set_client */;
/*!40101 SET character_set_client = utf8 */;
CREATE TABLE `GroupeObligation` (
  `id` int(11) NOT NULL AUTO_INCREMENT,
  `libelle` varchar(250) NOT NULL DEFAULT '',
  PRIMARY KEY (`id`)
) ENGINE=InnoDB DEFAULT CHARSET=utf8;
/*!40101 SET character_set_client = @saved_cs_client */;

--
-- Dumping data for table `GroupeObligation`
--

LOCK TABLES `GroupeObligation` WRITE;
/*!40000 ALTER TABLE `GroupeObligation` DISABLE KEYS */;
/*!40000 ALTER TABLE `GroupeObligation` ENABLE KEYS */;
UNLOCK TABLES;

--
-- Table structure for table `InteroscarToken`
--

DROP TABLE IF EXISTS `InteroscarToken`;
/*!40101 SET @saved_cs_client     = @@character_set_client */;
/*!40101 SET character_set_client = utf8 */;
CREATE TABLE `InteroscarToken` (
  `identifiant` int(11) NOT NULL AUTO_INCREMENT,
  `token` varchar(36) NOT NULL,
  `conseiller_login` varchar(10) NOT NULL,
  `agence_raisonSociale` varchar(50) DEFAULT NULL,
  `expiration_date` datetime NOT NULL,
  PRIMARY KEY (`identifiant`),
  UNIQUE KEY `token` (`token`)
) ENGINE=InnoDB DEFAULT CHARSET=utf8;
/*!40101 SET character_set_client = @saved_cs_client */;

--
-- Dumping data for table `InteroscarToken`
--

LOCK TABLES `InteroscarToken` WRITE;
/*!40000 ALTER TABLE `InteroscarToken` DISABLE KEYS */;
/*!40000 ALTER TABLE `InteroscarToken` ENABLE KEYS */;
UNLOCK TABLES;

--
-- Table structure for table `LegendeGarantie`
--

DROP TABLE IF EXISTS `LegendeGarantie`;
/*!40101 SET @saved_cs_client     = @@character_set_client */;
/*!40101 SET character_set_client = utf8 */;
CREATE TABLE `LegendeGarantie` (
  `id` int(11) NOT NULL AUTO_INCREMENT,
  `numeroOrdre` int(11) NOT NULL DEFAULT '0',
  `libelle` varchar(250) NOT NULL DEFAULT '',
  PRIMARY KEY (`id`)
) ENGINE=InnoDB DEFAULT CHARSET=utf8;
/*!40101 SET character_set_client = @saved_cs_client */;

--
-- Dumping data for table `LegendeGarantie`
--

LOCK TABLES `LegendeGarantie` WRITE;
/*!40000 ALTER TABLE `LegendeGarantie` DISABLE KEYS */;
/*!40000 ALTER TABLE `LegendeGarantie` ENABLE KEYS */;
UNLOCK TABLES;

--
-- Table structure for table `LibelleTypeCollege`
--

DROP TABLE IF EXISTS `LibelleTypeCollege`;
/*!40101 SET @saved_cs_client     = @@character_set_client */;
/*!40101 SET character_set_client = utf8 */;
CREATE TABLE `LibelleTypeCollege` (
  `identifiant` int(11) NOT NULL,
  `typeCollege_identifiant` int(11) NOT NULL,
  `categorieObjective_identifiant` int(11) NOT NULL,
  `libelle` varchar(50) NOT NULL,
  `libelleEditique` varchar(50) NOT NULL,
  PRIMARY KEY (`identifiant`),
  UNIQUE KEY `unique_LibelleTypeCollege_TypeCollege_CategorieObjective` (`typeCollege_identifiant`,`categorieObjective_identifiant`),
  KEY `typeCollege_identifiant` (`typeCollege_identifiant`),
  KEY `categorieObjective_identifiant` (`categorieObjective_identifiant`),
  CONSTRAINT `fk_LibelleTypeCollege_CategorieObjective` FOREIGN KEY (`categorieObjective_identifiant`) REFERENCES `CategorieObjective` (`identifiant`),
  CONSTRAINT `fk_LibelleTypeCollege_TypeCollege` FOREIGN KEY (`typeCollege_identifiant`) REFERENCES `TypeCollege` (`identifiant`)
) ENGINE=InnoDB DEFAULT CHARSET=utf8;
/*!40101 SET character_set_client = @saved_cs_client */;

--
-- Dumping data for table `LibelleTypeCollege`
--

LOCK TABLES `LibelleTypeCollege` WRITE;
/*!40000 ALTER TABLE `LibelleTypeCollege` DISABLE KEYS */;
INSERT INTO `LibelleTypeCollege` (`identifiant`, `typeCollege_identifiant`, `categorieObjective_identifiant`, `libelle`, `libelleEditique`) VALUES (1,1,1,'Art. 4 CCN 47','Art. 4 CCN 47'),(2,2,1,'Hors Art. 4 CCN 47','Hors Art. 4 CCN 47'),(3,1,2,'Art. 4 et 4bis CCN 47','Art. 4 et 4bis CCN 47'),(4,2,2,'Hors Art. 4 et 4bis CCN 47','Hors Art. 4 et 4bis CCN 47'),(5,1,3,'Salariés cotisant à l\'AGIRC','Salariés cotisant à l’AGIRC'),(6,2,3,'Salariés non cotisant à l\'AGIRC','Salariés non cotisant à l’AGIRC'),(7,1,4,'Art. 4, 4bis et 36 CCN 47','Art. 4, 4bis et 36 CCN 47'),(8,2,4,'Hors Art. 4, 4bis et 36 CCN 47','Hors Art. 4, 4bis et 36 CCN 47');
/*!40000 ALTER TABLE `LibelleTypeCollege` ENABLE KEYS */;
UNLOCK TABLES;

--
-- Table structure for table `Module`
--

DROP TABLE IF EXISTS `Module`;
/*!40101 SET @saved_cs_client     = @@character_set_client */;
/*!40101 SET character_set_client = utf8 */;
CREATE TABLE `Module` (
  `identifiant` int(11) NOT NULL AUTO_INCREMENT,
  `typeProduit` varchar(50) NOT NULL DEFAULT '',
  `etude_identifiant` int(11) DEFAULT NULL,
  `categorieObjective_identifiant` int(11) DEFAULT NULL,
  `risquesencours_id` int(11) DEFAULT NULL,
  `module_definition_id` int(11) NOT NULL,
  PRIMARY KEY (`identifiant`),
  KEY `FK89B0928C26291348` (`etude_identifiant`),
  KEY `categorieObjective_identifiant` (`categorieObjective_identifiant`),
  KEY `fk_risquesencours_id` (`risquesencours_id`),
  CONSTRAINT `FK89B0928C26291348` FOREIGN KEY (`etude_identifiant`) REFERENCES `Etude` (`identifiant`),
  CONSTRAINT `fk_Module_CategorieObjective` FOREIGN KEY (`categorieObjective_identifiant`) REFERENCES `CategorieObjective` (`identifiant`),
  CONSTRAINT `fk_risquesencours_id` FOREIGN KEY (`risquesencours_id`) REFERENCES `RisquesEnCours` (`id`)
) ENGINE=InnoDB AUTO_INCREMENT=28 DEFAULT CHARSET=utf8;
/*!40101 SET character_set_client = @saved_cs_client */;

--
-- Dumping data for table `Module`
--

LOCK TABLES `Module` WRITE;
/*!40000 ALTER TABLE `Module` DISABLE KEYS */;
INSERT INTO `Module` (`identifiant`, `typeProduit`, `etude_identifiant`, `categorieObjective_identifiant`, `risquesencours_id`, `module_definition_id`) VALUES (1,'STANDARD',1,2,1,18),(2,'CCN',2,NULL,2,17),(3,'MENSU_RELAIS_CCN',2,NULL,NULL,15),(4,'CCN',3,NULL,NULL,17),(5,'STANDARD',3,3,3,18),(6,'CCN',4,NULL,NULL,17),(7,'STANDARD',4,3,4,18),(8,'STANDARD',5,NULL,5,18),(9,'STANDARD',6,1,6,18),(10,'MENSU_RELAIS_AN',6,NULL,NULL,16),(11,'CCN',7,NULL,NULL,17),(12,'STANDARD',7,NULL,7,18),(13,'CCN',8,NULL,8,17),(14,'STANDARD',8,NULL,9,18),(15,'STANDARD',9,1,10,14),(16,'CCN',10,NULL,11,17),(17,'STANDARD',11,NULL,12,18),(18,'CCN',11,NULL,NULL,17),(19,'MENSU_RELAIS_CCN',11,NULL,NULL,15),(20,'STANDARD',12,1,13,14),(21,'MENSU_RELAIS_CCN',13,NULL,NULL,15),(22,'STANDARD',14,NULL,14,14),(23,'CCN',15,NULL,NULL,17),(24,'STANDARD',16,2,15,18),(25,'CCN',17,NULL,NULL,17),(26,'STANDARD',18,NULL,16,14),(27,'CCN',19,NULL,NULL,17);
/*!40000 ALTER TABLE `Module` ENABLE KEYS */;
UNLOCK TABLES;

--
-- Table structure for table `ModuleDefinition`
--

DROP TABLE IF EXISTS `ModuleDefinition`;
/*!40101 SET @saved_cs_client     = @@character_set_client */;
/*!40101 SET character_set_client = utf8 */;
CREATE TABLE `ModuleDefinition` (
  `id` int(11) NOT NULL AUTO_INCREMENT,
  `libelle` varchar(255) NOT NULL DEFAULT '',
  `description` varchar(255) DEFAULT NULL,
  `numeroOrdre` int(11) NOT NULL DEFAULT '0',
  `effectifmax` int(5) DEFAULT NULL,
  PRIMARY KEY (`id`)
) ENGINE=InnoDB AUTO_INCREMENT=19 DEFAULT CHARSET=utf8;
/*!40101 SET character_set_client = @saved_cs_client */;

--
-- Dumping data for table `ModuleDefinition`
--

LOCK TABLES `ModuleDefinition` WRITE;
/*!40000 ALTER TABLE `ModuleDefinition` DISABLE KEYS */;
INSERT INTO `ModuleDefinition` (`id`, `libelle`, `description`, `numeroOrdre`, `effectifmax`) VALUES (13,'Prévoyance','Offre Prévoyance',2,100000),(14,'STANDARD','Offre Standard',1,300),(15,'Mensualisation','Offre mensualisation',3,50),(16,'Accord national de mensualisation / Complément Relais','Mensualisation AN / Relais AN',4,50),(17,'Conventionnelle','Offre Conventionnelle',2,100000),(18,'STANDARD ADDITIONNEL','Offre Standard additionnelle',5,300);
/*!40000 ALTER TABLE `ModuleDefinition` ENABLE KEYS */;
UNLOCK TABLES;

--
-- Table structure for table `Mutuelle`
--

DROP TABLE IF EXISTS `Mutuelle`;
/*!40101 SET @saved_cs_client     = @@character_set_client */;
/*!40101 SET character_set_client = utf8 */;
CREATE TABLE `Mutuelle` (
  `identifiant` int(11) NOT NULL AUTO_INCREMENT,
  `nom` varchar(100) DEFAULT NULL,
  `ligneAdresse1` varchar(50) DEFAULT NULL,
  `ligneAdresse2` varchar(50) DEFAULT NULL,
  `ligneAdresse3` varchar(50) DEFAULT NULL,
  `ligneAdresse4` varchar(50) DEFAULT NULL,
  `codePostal` varchar(5) DEFAULT NULL,
  `ville` varchar(50) DEFAULT NULL,
  `siren` varchar(9) DEFAULT NULL,
  `branchesActivite` varchar(50) DEFAULT NULL,
  `qualite` varchar(280) DEFAULT NULL,
  `clauseRemuneration` varchar(280) DEFAULT NULL,
  `clauseMediation` varchar(280) DEFAULT NULL,
  `clauseACPR` varchar(280) DEFAULT NULL,
  `clauseReclamation` varchar(280) DEFAULT NULL,
  PRIMARY KEY (`identifiant`)
) ENGINE=InnoDB AUTO_INCREMENT=2 DEFAULT CHARSET=utf8;
/*!40101 SET character_set_client = @saved_cs_client */;

--
-- Dumping data for table `Mutuelle`
--

LOCK TABLES `Mutuelle` WRITE;
/*!40000 ALTER TABLE `Mutuelle` DISABLE KEYS */;
INSERT INTO `Mutuelle` (`identifiant`, `nom`, `ligneAdresse1`, `ligneAdresse2`, `ligneAdresse3`, `ligneAdresse4`, `codePostal`, `ville`, `siren`, `branchesActivite`, `qualite`, `clauseRemuneration`, `clauseMediation`, `clauseACPR`, `clauseReclamation`) VALUES (1,'La Mutuelle','Ligne adresse 1','Ligne adresse 2','140 avenue de la République','Ligne adresse 4','92320','Châtillon','111111111','Assurance','Mutuelle régie par le code de la Mutualité','* Clause rémunération	','* Clause médiation	','* Clause ACPR	','* Clause réclamation	');
/*!40000 ALTER TABLE `Mutuelle` ENABLE KEYS */;
UNLOCK TABLES;

--
-- Table structure for table `Naf`
--

DROP TABLE IF EXISTS `Naf`;
/*!40101 SET @saved_cs_client     = @@character_set_client */;
/*!40101 SET character_set_client = utf8 */;
CREATE TABLE `Naf` (
  `id` int(11) NOT NULL AUTO_INCREMENT,
  `codeNAF2` varchar(5) DEFAULT NULL,
  `libelleNaf` varchar(250) DEFAULT NULL,
  `codeNAF1` varchar(4) DEFAULT NULL,
  PRIMARY KEY (`id`)
) ENGINE=InnoDB AUTO_INCREMENT=9257 DEFAULT CHARSET=utf8;
/*!40101 SET character_set_client = @saved_cs_client */;

--
-- Dumping data for table `Naf`
--

LOCK TABLES `Naf` WRITE;
/*!40000 ALTER TABLE `Naf` DISABLE KEYS */;
INSERT INTO `Naf` (`id`, `codeNAF2`, `libelleNaf`, `codeNAF1`) VALUES (1,'0111Z','Culture de céréales (à l\'exception du riz), de légumineuses et de graines oléagineuses','011A'),(2,'0112Z','Culture du riz','011A'),(3,'0113Z','Culture de légumes, de melons, de racines et de tubercules','011A'),(4,'0114Z','Culture de la canne à sucre','011A'),(5,'0115Z','Culture du tabac','011A'),(8,'0126Z','Culture de fruits oléagineux','011A'),(9,'0128Z','Culture de plantes à épices, aromatiques, médicinales et pharmaceutiques','011A'),(10,'0129Z','Autres cultures permanentes','011A'),(25,'0123Z','Culture d\'agrumes','011F'),(166,'1103Z','Fabrication de cidre et de vins de fruits','159J'),(191,'1392Z','Fabrication d\'articles textiles, sauf habillement','174C'),(192,'3250A','Fabrication de matériels médico-chirurgical et dentaire','174C'),(201,'1391Z','Fabrication d\'étoffes à mailles','176Z'),(420,'2599A','Fabrication d\'articles métalliques ménagers','287L'),(734,'3832Z','Récupération de déchets triés','372Z'),(789,'4332A','Travaux de menuiserie bois et PVC','454C'),(792,'4334Z','Travaux de peinture et vitrerie','454H'),(881,'4669A','Commerce de gros (commerce interentreprises) de matériel électrique','518L'),(930,'4741Z','Commerce de détail d\'ordinateurs, d\'unités périphériques et de logiciels en magasin spécialisé','524Z'),(932,'4759A','Commerce de détail de meubles','524Z'),(935,'4778C','Autres commerces de détail spécialisés divers','524Z'),(2001,'0230Z','Récolte de produits forestiers non ligneux poussant à l\'état sauvage','011C'),(2002,'0210Z','Sylviculture et autres activités forestières','011D'),(2004,'1041A','Fabrication d\'huiles et graisses brutes','011F'),(2005,'1102A','Fabrication de vins effervescents','011G'),(2006,'1102B','Vinification','011G'),(2007,'0149Z','Élevage d\'autres animaux','012C'),(2008,'0162Z','Activités de soutien à la production animale','012C'),(2009,'1011Z','Transformation et conservation de la  viande de boucherie','012C'),(2011,'0147Z','Élevage de volailles','012G'),(2013,'0322Z','Aquaculture en eau douce','012J'),(2014,'1039A','Autre transformation et conservation de légumes','014A'),(2016,'1039B','Transformation et conservation de fruits','014A'),(2019,'9499Z','Autres organisations fonctionnant par adhésion volontaire','015Z'),(2030,'0220Z','Exploitation forestière','020B'),(2031,'1610A','Sciage et rabotage du bois, hors imprégnation','020B'),(2033,'0240Z','Services de soutien à l\'exploitation forestière','020D'),(2040,'7022Z','Conseil pour les affaires et autres conseils de gestion','050A'),(2047,'0321Z','Aquaculture en mer','050C'),(2049,'0990Z','Activités de soutien aux autres industries extractives','101Z'),(2061,'0811Z','Extraction de pierres ornementales et de construction, de calcaire industriel, de gypse, de craie et d\'ardoise','141A'),(2070,'0812Z','Exploitation de gravières et sablières, extraction d’argiles et de kaolin','142A'),(2078,'0891Z','Extraction des minéraux chimiques et d\'engrais minéraux','143Z'),(2084,'0899Z','Autres activités extractives n.c.a.','145Z'),(2088,'3821Z','Traitement et élimination des déchets non dangereux','145Z'),(2095,'1012Z','Transformation et conservation de la viande de volaille','151C'),(2096,'1085Z','Fabrication de plats préparés','151E'),(2097,'1089Z','Fabrication d\'autres produits alimentaires n.c.a.','151E'),(2101,'1032Z','Préparation de jus de fruits et légumes','153C'),(2109,'1041B','Fabrication d\'huiles et graisses raffinées','154C'),(2110,'1042Z','Fabrication de margarine et graisses comestibles similaires','154E'),(2111,'1061B','Autres activités du travail des grains','156B'),(2112,'1062Z','Fabrication de produits amylacés','156D'),(2114,'1091Z','Fabrication d\'aliments pour animaux de ferme','157A'),(2122,'1101Z','Production de boissons alcooliques distillées','159A'),(2128,'2014Z','Fabrication d\'autres produits chimiques organiques de base','159D'),(2133,'1104Z','Production d\'autres boissons fermentées non distillées','159L'),(2134,'1107B','Production de boissons rafraîchissantes','159T'),(2135,'1200Z','Fabrication de produits à base de tabac','160Z'),(2137,'1310Z','Préparation de fibres textiles et filature','171A'),(2145,'1320Z','Tissage','172A'),(2150,'1330Z','Ennoblissement textile','173Z'),(2163,'3319Z','Réparation d\'autres équipements','174C'),(2171,'1393Z','Fabrication de tapis et moquettes','175A'),(2172,'1394Z','Fabrication de ficelles, cordes et filets','175C'),(2181,'1395Z','Fabrication de non-tissés, sauf habillement','175E'),(2184,'1396Z','Fabrication d\'autres textiles techniques et industriels','175G'),(2186,'1399Z','Fabrication d\'autres textiles n.c.a.','175G'),(2190,'1722Z','Fabrication d\'articles en papier à usage sanitaire ou domestique','175G'),(2195,'1419Z','Fabrication d\'autres vêtements et accessoires','177A'),(2196,'1431Z','Fabrication d\'articles chaussants à mailles','177A'),(2197,'1439Z','Fabrication d\'autres articles à mailles','177C'),(2198,'3299Z','Autres activités manufacturières n.c.a.','181Z'),(2205,'1413Z','Fabrication de vêtements de dessus','182C'),(2208,'1414Z','Fabrication de vêtements de dessous','182G'),(2219,'1511Z','Apprêt et tannage des cuirs ; préparation et teinture des fourrures','183Z'),(2221,'1512Z','Fabrication d\'articles de voyage, de maroquinerie et de sellerie','192Z'),(2225,'1520Z','Fabrication de chaussures','193Z'),(2226,'1629Z','Fabrication d\'objets divers en bois ; fabrication d\'objets en liège, vannerie et sparterie','193Z'),(2231,'2219Z','Fabrication d\'autres articles en caoutchouc','193Z'),(2235,'2229B','Fabrication de produits de consommation courante en matières plastiques','193Z'),(2241,'3230Z','Fabrication d\'articles de sport','193Z'),(2246,'1610B','Imprégnation du bois','201B'),(2247,'1622Z','Fabrication de parquets assemblés','203Z'),(2248,'1623Z','Fabrication de charpentes et d\'autres menuiseries','203Z'),(2252,'4391A','Travaux de charpente','203Z'),(2253,'1624Z','Fabrication d\'emballages en bois','204Z'),(2294,'1711Z','Fabrication de pâte à papier','211A'),(2296,'1712Z','Fabrication de papier et de carton','211C'),(2298,'1721A','Fabrication de carton ondulé','212A'),(2302,'1721B','Fabrication de cartonnages','212B'),(2303,'1721C','Fabrication d\'emballages en papier','212C'),(2309,'1812Z','Autre imprimerie (labeur)','212E'),(2314,'1723Z','Fabrication d\'articles de papeterie','212G'),(2319,'1724Z','Fabrication de papiers peints','212J'),(2321,'1729Z','Fabrication d\'autres articles en papier ou en carton','212L'),(2338,'5811Z','Édition de livres','221A'),(2339,'5812Z','Édition de répertoires et de fichiers d\'adresses','221A'),(2340,'5813Z','Édition de journaux','221C'),(2341,'5814Z','Édition de revues et périodiques','221E'),(2342,'5920Z','Enregistrement sonore et édition musicale','221G'),(2343,'5819Z','Autres activités d\'édition','221J'),(2359,'1813Z','Activités de pré-presse','222G'),(2365,'1820Z','Reproduction d\'enregistrements','223A'),(2368,'1910Z','Cokéfaction','231Z'),(2369,'2013A','Enrichissement et  retraitement de matières nucléaires','233Z'),(2371,'2120Z','Fabrication de préparations pharmaceutiques','233Z'),(2373,'2446Z','Élaboration et transformation de matières nucléaires','233Z'),(2375,'3812Z','Collecte des déchets dangereux','233Z'),(2377,'3822Z','Traitement et élimination des déchets dangereux','233Z'),(2379,'2011Z','Fabrication de gaz industriels','241A'),(2380,'2012Z','Fabrication de colorants et de pigments','241C'),(2381,'2013B','Fabrication d\'autres produits chimiques inorganiques de base n.c.a.','241E'),(2387,'2015Z','Fabrication de produits azotés et d\'engrais','241J'),(2388,'2016Z','Fabrication de matières plastiques de base','241L'),(2389,'2017Z','Fabrication de caoutchouc synthétique','241N'),(2390,'2020Z','Fabrication de pesticides et d’autres produits agrochimiques','242Z'),(2391,'2030Z','Fabrication de peintures, vernis, encres et mastics','243Z'),(2392,'2110Z','Fabrication de produits pharmaceutiques de base','244A'),(2399,'2041Z','Fabrication de savons, détergents et produits d\'entretien','245A'),(2400,'2042Z','Fabrication de parfums et de produits pour la toilette','245A'),(2402,'2051Z','Fabrication de produits explosifs','246A'),(2405,'2052Z','Fabrication de colles','246C'),(2406,'2059Z','Fabrication d\'autres produits chimiques n.c.a.','246C'),(2409,'2053Z','Fabrication d\'huiles essentielles','246E'),(2413,'2680Z','Fabrication de supports magnétiques et optiques','246J'),(2418,'2611Z','Fabrication de composants électroniques','246L'),(2420,'2060Z','Fabrication de fibres artificielles ou synthétiques','247Z'),(2435,'2221Z','Fabrication de plaques, feuilles, tubes et profilés en matières plastiques','252A'),(2446,'3320D','Installation d\'équipements électriques, de matériels électroniques et optiques ou d\'autres matériels','252A'),(2453,'2222Z','Fabrication d\'emballages en matières plastiques','252C'),(2456,'2223Z','Fabrication d\'éléments en matières plastiques pour la construction','252E'),(2461,'2733Z','Fabrication de matériel d\'installation électrique','252E'),(2468,'2229A','Fabrication de pièces techniques à base de matières plastiques','252G'),(2503,'2312Z','Façonnage et transformation du verre plat','261C'),(2504,'2319Z','Fabrication et façonnage d\'autres articles en verre, y compris verre technique','261J'),(2521,'2341Z','Fabrication d\'articles céramiques à usage domestique ou ornemental','262A'),(2522,'2342Z','Fabrication d\'appareils sanitaires en céramique','262C'),(2523,'2343Z','Fabrication d\'isolateurs et pièces isolantes en céramique','262E'),(2531,'2344Z','Fabrication d\'autres produits céramiques à usage technique','262G'),(2534,'2349Z','Fabrication d\'autres produits céramiques','262J'),(2535,'2320Z','Fabrication de produits réfractaires','262L'),(2536,'2331Z','Fabrication de carreaux en céramique','263Z'),(2537,'2332Z','Fabrication de briques, tuiles et produits de construction, en terre cuite','264A'),(2555,'2352Z','Fabrication de chaux et plâtre','265C'),(2557,'2361Z','Fabrication d\'éléments en béton pour la construction','266A'),(2558,'2362Z','Fabrication d\'éléments en plâtre pour la construction','266C'),(2559,'2363Z','Fabrication de béton prêt à l\'emploi','266E'),(2560,'2365Z','Fabrication d\'ouvrages en fibre-ciment','266J'),(2562,'2369Z','Fabrication d\'autres ouvrages en béton, en ciment ou en plâtre','266L'),(2563,'2370Z','Taille, façonnage et finissage de pierres','267Z'),(2564,'2391Z','Fabrication de produits abrasifs','268A'),(2581,'2399Z','Fabrication d\'autres produits minéraux non métalliques n.c.a.','268C'),(2584,'2410Z','Sidérurgie','271Y'),(2586,'2451Z','Fonderie de fonte','272A'),(2587,'2452Z','Fonderie d\'acier','272A'),(2588,'2420Z','Fabrication de tubes, tuyaux, profilés creux et accessoires correspondants en acier','272C'),(2589,'2431Z','Étirage à froid de barres','273A'),(2590,'2432Z','Laminage à froid de feuillards','273C'),(2591,'2433Z','Profilage à froid par formage ou pliage','273E'),(2592,'2434Z','Tréfilage à froid','273G'),(2593,'2441Z','Production de métaux précieux','274A'),(2594,'2442Z','Métallurgie de l\'aluminium','274C'),(2598,'2443Z','Métallurgie du plomb, du zinc ou de l\'étain','274F'),(2600,'2444Z','Métallurgie du cuivre','274J'),(2602,'2445Z','Métallurgie des autres métaux non ferreux','274M'),(2606,'2453Z','Fonderie de métaux légers','275E'),(2607,'2454Z','Fonderie d\'autres métaux non ferreux','275G'),(2609,'2511Z','Fabrication de structures métalliques et de parties de structures','281A'),(2610,'3311Z','Réparation d\'ouvrages en métaux','281A'),(2612,'4399B','Travaux de montage de structures métalliques','281A'),(2613,'2512Z','Fabrication de portes et fenêtres en métal','281C'),(2614,'4332B','Travaux de menuiserie métallique et serrurerie','281C'),(2615,'2529Z','Fabrication d\'autres réservoirs, citernes et conteneurs métalliques','282C'),(2618,'3320A','Installation de structures métalliques, chaudronnées et de tuyauterie','282C'),(2620,'2521Z','Fabrication de radiateurs et de chaudières pour le chauffage central','282D'),(2625,'2530Z','Fabrication de générateurs de vapeur, à l\'exception des chaudières pour le chauffage central','283A'),(2639,'2550A','Forge, estampage, matriçage ; métallurgie des poudres','284A'),(2641,'2550B','Découpage, emboutissage','284B'),(2645,'2561Z','Traitement et revêtement des métaux','285A'),(2647,'2562A','Décolletage','285C'),(2648,'2562B','Mécanique industrielle','285D'),(2651,'3312Z','Réparation de machines et équipements mécaniques','285D'),(2652,'2571Z','Fabrication de coutellerie','286A'),(2656,'2573B','Fabrication d\'autres outillages','286C'),(2660,'2849Z','Fabrication d\'autres machines-outils','286D'),(2664,'2572Z','Fabrication de serrures et de ferrures','286F'),(2669,'2591Z','Fabrication de fûts et emballages métalliques similaires','287A'),(2674,'2592Z','Fabrication d\'emballages métalliques légers','287C'),(2675,'2593Z','Fabrication d\'articles en fils métalliques, de chaînes et de ressorts','287E'),(2677,'2594Z','Fabrication de vis et de boulons','287G'),(2687,'2599B','Fabrication d\'autres articles métalliques','287N'),(2701,'2811Z','Fabrication de moteurs et turbines, à l\'exception des moteurs d’avions et de véhicules','291A'),(2703,'3320B','Installation de machines et équipements mécaniques','291A'),(2704,'2812Z','Fabrication d\'équipements hydrauliques et pneumatiques','291B'),(2705,'2813Z','Fabrication d\'autres pompes et compresseurs','291B'),(2715,'2814Z','Fabrication d\'autres articles de robinetterie','291F'),(2718,'2815Z','Fabrication d\'engrenages et d\'organes mécaniques de transmission','291H'),(2724,'2821Z','Fabrication de fours et brûleurs','292A'),(2727,'2822Z','Fabrication de matériel de levage et de manutention','292C'),(2728,'4329B','Autres travaux d\'installation n.c.a.','292C'),(2732,'2825Z','Fabrication d\'équipements aérauliques et frigorifiques industriels','292F'),(2735,'2829A','Fabrication d\'équipements d\'emballage, de conditionnement et de pesage','292H'),(2743,'2829B','Fabrication d\'autres machines d\'usage général','292L'),(2747,'3313Z','Réparation de matériels électroniques et optiques','292L'),(2757,'2830Z','Fabrication de machines agricoles et forestières','293A'),(2760,'9522Z','Réparation d\'appareils électroménagers et d\'équipements pour la maison et le jardin','293C'),(2762,'2893Z','Fabrication de machines pour l\'industrie agro-alimentaire','293D'),(2765,'2841Z','Fabrication de machines-outils pour le travail des métaux','294A'),(2772,'2824Z','Fabrication d\'outillage portatif à moteur incorporé','294C'),(2774,'2790Z','Fabrication d\'autres matériels électriques','294D'),(2785,'2891Z','Fabrication de machines pour la métallurgie','295A'),(2788,'2892Z','Fabrication de machines pour l\'extraction ou la construction','295B'),(2797,'2894Z','Fabrication de machines pour les industries textiles','295G'),(2800,'2895Z','Fabrication de machines pour les industries du papier et du carton','295J'),(2804,'2899A','Fabrication de machines d\'imprimerie','295L'),(2807,'2896Z','Fabrication de machines pour le travail du caoutchouc ou des plastiques','295M'),(2810,'2573A','Fabrication de moules et modèles','295N'),(2811,'2899B','Fabrication d\'autres machines spécialisées','295Q'),(2824,'2540Z','Fabrication d\'armes et de munitions','296A'),(2825,'3030Z','Construction aéronautique et spatiale','296A'),(2827,'3040Z','Construction de véhicules militaires de combat','296A'),(2835,'2751Z','Fabrication d\'appareils électroménagers','297A'),(2838,'3314Z','Réparation d\'équipements électriques','297A'),(2847,'2752Z','Fabrication d\'appareils ménagers non électriques','297C'),(2849,'2620Z','Fabrication d\'ordinateurs et d\'équipements périphériques','300A'),(2850,'2823Z','Fabrication de machines et d\'équipements de bureau (à l\'exception des ordinateurs et équipements périphériques)','300A'),(2861,'6209Z','Autres activités informatiques','300C'),(2869,'2711Z','Fabrication de moteurs, génératrices et transformateurs électriques','311A'),(2895,'2712Z','Fabrication de matériel de distribution et de commande électrique','312A'),(2927,'2731Z','Fabrication de câbles de fibres optiques','313Z'),(2928,'2732Z','Fabrication d\'autres fils et câbles électroniques ou électriques','313Z'),(2931,'2720Z','Fabrication de piles et d\'accumulateurs électriques','314Z'),(2932,'2740Z','Fabrication d\'appareils d\'éclairage électrique','315A'),(2936,'2931Z','Fabrication d\'équipements électriques et électroniques automobiles','316A'),(2961,'2630Z','Fabrication d\'équipements de communication','316D'),(2963,'2651B','Fabrication d\'instrumentation scientifique et technique','316D'),(2986,'2612Z','Fabrication de cartes électroniques assemblées','321A'),(3004,'9512Z','Réparation d\'équipements de communication','322A'),(3018,'2640Z','Fabrication de produits électroniques grand public','323Z'),(3020,'2670Z','Fabrication de matériels optique et photographique','323Z'),(3033,'2660Z','Fabrication d\'équipements d\'irradiation médicale, d\'équipements électromédicaux et électrothérapeutiques','331A'),(3044,'3101Z','Fabrication de meubles de bureau et de magasin','331B'),(3064,'2651A','Fabrication d\'équipements d\'aide à la navigation','332A'),(3093,'3320C','Conception d\'ensemble et assemblage sur site industriel d\'équipements de contrôle des processus industriels','333Z'),(3094,'3250B','Fabrication de lunettes','334A'),(3110,'2652Z','Horlogerie','335Z'),(3111,'3212Z','Fabrication d’articles de joaillerie et bijouterie','335Z'),(3113,'3213Z','Fabrication d’articles de bijouterie fantaisie et articles similaires','335Z'),(3125,'2910Z','Construction de véhicules automobiles','341Z'),(3126,'2932Z','Fabrication d\'autres équipements automobiles','341Z'),(3128,'3091Z','Fabrication de motocycles','341Z'),(3129,'2920Z','Fabrication de carrosseries et remorques','342A'),(3136,'3011Z','Construction de navires et de structures flottantes','351A'),(3142,'3315Z','Réparation et maintenance navale','351C'),(3143,'3012Z','Construction de bateaux de plaisance','351E'),(3145,'3020Z','Construction de locomotives et d\'autre matériel ferroviaire roulant','352Z'),(3147,'3317Z','Réparation et maintenance d\'autres équipements de transport','352Z'),(3154,'3316Z','Réparation et maintenance d\'aéronefs et d\'engins spatiaux','353A'),(3161,'3092Z','Fabrication de bicyclettes et de véhicules pour invalides','354C'),(3169,'3099Z','Fabrication d’autres équipements de transport n.c.a.','355Z'),(3183,'3102Z','Fabrication de meubles de cuisine','361A'),(3185,'3109A','Fabrication de sièges d\'ameublement d\'intérieur','361A'),(3187,'3109B','Fabrication d’autres meubles et industries connexes de l’ameublement','361A'),(3189,'9524Z','Réparation de meubles et d\'équipements du foyer','361A'),(3207,'3103Z','Fabrication de matelas','361M'),(3209,'3211Z','Frappe de monnaie','362A'),(3212,'3220Z','Fabrication d\'instruments de musique','363Z'),(3228,'9529Z','Réparation d\'autres biens personnels et domestiques','363Z'),(3257,'3240Z','Fabrication de jeux et jouets','365Z'),(3275,'3291Z','Fabrication d’articles de brosserie','366C'),(3330,'3831Z','Démantèlement d\'épaves','371Z'),(3340,'4222Z','Construction de réseaux électriques et de télécommunications','452C'),(3344,'3900Z','Dépollution et autres services de gestion des déchets','452U'),(3345,'4321A','Travaux d\'installation électrique dans tous locaux','453A'),(3346,'4322B','Travaux d\' installation d\'équipements thermiques et de climatisation','453A'),(3348,'8020Z','Activités liées aux systèmes de sécurité','453A'),(3359,'4332C','Agencement de lieux de vente','454L'),(3360,'4511Z','Commerce de voitures et de véhicules automobiles légers','501Z'),(3361,'4519Z','Commerce d\'autres véhicules automobiles','501Z'),(3362,'4520A','Entretien et réparation de véhicules automobiles légers','501Z'),(3363,'4520B','Entretien et réparation d\'autres véhicules automobiles','501Z'),(3366,'5221Z','Services auxiliaires des transports terrestres','502Z'),(3367,'4531Z','Commerce de gros d\'équipements automobiles','503A'),(3369,'4614Z','Intermédiaires du commerce en machines, équipements industriels, navires et avions','511G'),(3370,'4615Z','Intermédiaires du commerce en meubles, articles de ménage et quincaillerie','511J'),(3371,'4617A','Centrales d\'achat alimentaires','511P'),(3372,'4618Z','Intermédiaires spécialisés dans le commerce d\'autres produits spécifiques','511R'),(3373,'4612A','Centrales d\'achat de carburant','511U'),(3374,'4619A','Centrales d\'achat non alimentaires','511U'),(3375,'4621Z','Commerce de gros (commerce interentreprises) de céréales, de tabac non manufacturé, de semences et d\'aliments pour le bétail','512A'),(3376,'4622Z','Commerce de gros (commerce interentreprises) de fleurs et plantes','512C'),(3382,'4631Z','Commerce de gros (commerce interentreprises) de fruits et légumes','513A'),(3384,'4632A','Commerce de gros (commerce interentreprises) de viandes de boucherie','513C'),(3385,'4632C','Commerce de gros (commerce interentreprises) de volailles et gibier','513E'),(3386,'4633Z','Commerce de gros (commerce interentreprises) de produits laitiers, œufs, huiles et matières grasses comestibles','513G'),(3391,'4634Z','Commerce de gros (commerce interentreprises) de boissons','513J'),(3392,'4638B','Commerce de gros (commerce interentreprises) alimentaire spécialisé divers','513T'),(3393,'4639A','Commerce de gros (commerce interentreprises) de produits surgelés','513V'),(3394,'4643Z','Commerce de gros (commerce interentreprises) d\'appareils électroménagers','514F'),(3398,'4647Z','Commerce de gros (commerce interentreprises) de meubles, de tapis et d\'appareils d\'éclairage','514F'),(3402,'4652Z','Commerce de gros (commerce interentreprises) de composants et d\'équipements électroniques et de télécommunication','514F'),(3404,'4644Z','Commerce de gros (commerce interentreprises) de vaisselle, verrerie et produits d\'entretien','514H'),(3405,'4649Z','Commerce de gros (commerce interentreprises) d\'autres biens domestiques','514H'),(3410,'4673B','Commerce de gros (commerce interentreprises) d\'appareils sanitaires et de produits de décoration','514J'),(3415,'4645Z','Commerce de gros (commerce interentreprises) de parfumerie et de produits de beauté','514L'),(3433,'4648Z','Commerce de gros (commerce interentreprises) d\'articles d\'horlogerie et de bijouterie','514S'),(3446,'4671Z','Commerce de gros (commerce interentreprises) de combustibles et de produits annexes','515A'),(3447,'4672Z','Commerce de gros (commerce interentreprises) de minerais et métaux','515C'),(3448,'4673A','Commerce de gros (commerce interentreprises) de bois et de matériaux de construction','515E'),(3461,'4674B','Commerce de gros (commerce interentreprises) de fournitures pour la plomberie et le chauffage','515J'),(3462,'4675Z','Commerce de gros (commerce interentreprises) de produits chimiques','515L'),(3465,'4676Z','Commerce de gros (commerce interentreprises) d\'autres produits intermédiaires','515L'),(3473,'4662Z','Commerce de gros (commerce interentreprises) de machines-outils','518A'),(3474,'4663Z','Commerce de gros (commerce interentreprises) de machines pour l\'extraction, la construction et le génie civil','518C'),(3475,'4664Z','Commerce de gros (commerce interentreprises) de machines pour l\'industrie textile et l\'habillement','518E'),(3476,'4651Z','Commerce de gros (commerce interentreprises) d\'ordinateurs, d\'équipements informatiques périphériques et de logiciels','518G'),(3478,'4665Z','Commerce de gros (commerce interentreprises) de mobilier de bureau','518H'),(3480,'4666Z','Commerce de gros (commerce interentreprises) d\'autres machines et équipements de bureau','518H'),(3486,'4669B','Commerce de gros (commerce interentreprises) de fournitures et équipements industriels divers','518M'),(3488,'4669C','Commerce de gros (commerce interentreprises) de fournitures et équipements divers pour le commerce et les services','518N'),(3490,'4661Z','Commerce de gros (commerce interentreprises) de matériel agricole','518P'),(3491,'4690Z','Commerce de gros (commerce interentreprises) non spécialisé','519A'),(3493,'4711A','Commerce de détail de produits surgelés','521A'),(3494,'4711E','Magasins multi-commerces','521E'),(3495,'4719A','Grands magasins','521H'),(3496,'4751Z','Commerce de détail de textiles en magasin spécialisé','524A'),(3497,'4771Z','Commerce de détail d\'habillement en magasin spécialisé','524C'),(3498,'4753Z','Commerce de détail de tapis, moquettes et revêtements de murs et de sols en magasin spécialisé','524J'),(3501,'4759B','Commerce de détail d\'autres équipements du foyer','524J'),(3505,'4752A','Commerce de détail de quincaillerie, peintures et verres en petites surfaces (moins de 400  m2)','524N'),(3506,'4778A','Commerces de détail d\'optique','524T'),(3511,'4777Z','Commerce de détail d\'articles d\'horlogerie et de bijouterie en magasin spécialisé','524V'),(3514,'4779Z','Commerce de détail de biens d\'occasion en magasin','525Z'),(3520,'4791A','Vente à distance sur catalogue général','526A'),(3526,'4791B','Vente à distance sur catalogue spécialisé','526B'),(3532,'4782Z','Commerce de détail de textiles, d\'habillement et de chaussures sur éventaires et marchés','526E'),(3533,'4789Z','Autres commerces de détail sur éventaires et marchés','526E'),(3534,'4799B','Vente par automates et autres commerces de détail hors magasin, éventaires ou marchés n.c.a.','526H'),(3535,'9523Z','Réparation de chaussures et d\'articles en cuir','527A'),(3536,'9521Z','Réparation de produits électroniques grand public','527C'),(3538,'9525Z','Réparation d\'articles d\'horlogerie et de bijouterie','527F'),(3557,'5510Z','Hôtels et hébergement similaire','552E'),(3561,'5610A','Restauration traditionnelle','553A'),(3562,'5610B','Cafétérias et autres libres-services','553A'),(3565,'5629B','Autres services de restauration n.c.a.','555A'),(3566,'5629A','Restauration collective sous contrat','555C'),(3568,'4950Z','Transports par conduites','603Z'),(3569,'5122Z','Transports spatiaux','623Z'),(3570,'5223Z','Services auxiliaires des transports aériens','623Z'),(3571,'5210B','Entreposage et stockage non frigorifique','631E'),(3578,'8532Z','Enseignement secondaire technique ou professionnel','632C'),(3585,'8542Z','Enseignement supérieur','632E'),(3588,'7911Z','Activités des agences de voyage','633Z'),(3591,'7912Z','Activités des voyagistes','633Z'),(3594,'7990Z','Autres services de réservation et activités connexes','633Z'),(3600,'7490B','Activités spécialisées, scientifiques et techniques diverses','634C'),(3607,'8219Z','Photocopie, préparation de documents et autres activités spécialisées de soutien de bureau','641A'),(3608,'6110Z','Télécommunications filaires','642C'),(3609,'6120Z','Télécommunications sans fil','642C'),(3610,'6130Z','Télécommunications par satellite','642C'),(3611,'6190Z','Autres activités de télécommunication','642C'),(3614,'6419Z','Autres intermédiations monétaires','651C'),(3618,'6420Z','Activités des sociétés holding','652E'),(3626,'6820B','Location de terrains et d\'autres biens immobiliers','702B'),(3628,'6832A','Administration d\'immeubles et autres biens immobiliers','703C'),(3629,'8110Z','Activités combinées de soutien lié aux bâtiments','703C'),(3632,'7712Z','Location et location-bail de camions','712A'),(3633,'7739Z','Location et location-bail d\'autres machines, équipements et biens matériels n.c.a.','712A'),(3634,'7733Z','Location et location-bail de machines de bureau et de matériel informatique','713E'),(3636,'7729Z','Location et location-bail d\'autres biens personnels et domestiques','714A'),(3637,'7721Z','Location et location-bail d\'articles de loisirs et de sport','714B'),(3638,'7722Z','Location de vidéocassettes et disques vidéo','714B'),(3640,'6202A','Conseil en systèmes et logiciels informatiques','721Z'),(3646,'5821Z','Édition de jeux électroniques','722A'),(3653,'5829A','Édition de logiciels système et de réseau','722A'),(3660,'5829B','Edition de logiciels outils de développement et de langages','722A'),(3667,'5829C','Edition de logiciels applicatifs','722A'),(3674,'6201Z','Programmation informatique','722C'),(3686,'6202B','Tierce maintenance de systèmes et d’applications informatiques','722C'),(3698,'6203Z','Gestion d\'installations informatiques','723Z'),(3704,'6311Z','Traitement de données, hébergement et activités connexes','723Z'),(3746,'6010Z','Édition et diffusion de programmes radio','724Z'),(3766,'9511Z','Réparation d\'ordinateurs et d\'équipements périphériques','725Z'),(3773,'7211Z','Recherche-développement en biotechnologie','731Z'),(3775,'7219Z','Recherche-développement en autres sciences physiques et naturelles','731Z'),(3777,'7220Z','Recherche-développement en sciences humaines et sociales','731Z'),(3781,'6920Z','Activités comptables','741C'),(3788,'7320Z','Études de marché et sondages','741E'),(3796,'7021Z','Conseil en relations publiques et communication','741G'),(3817,'8560Z','Activités de soutien à l\'enseignement','741G'),(3832,'7010Z','Activités des sièges sociaux','741J'),(3840,'7112B','Ingénierie, études techniques','742A'),(3851,'7120B','Analyses, essais et inspections techniques','743B'),(3855,'7311Z','Activités des agences de publicité','744A'),(3856,'7312Z','Régie publicitaire de médias','744A'),(3859,'7810Z','Activités des agences de placement de main-d\'œuvre','745A'),(3861,'7830Z','Autre mise à disposition de ressources humaines','745A'),(3870,'8129B','Autres activités de nettoyage n.c.a.','747Z'),(3871,'7420Z','Activités photographiques','748A'),(3873,'7430Z','Traduction et interprétation','748F'),(3874,'8211Z','Services administratifs combinés de bureau','748F'),(3876,'8299Z','Autres activités de soutien aux entreprises n.c.a.','748F'),(3884,'8230Z','Organisation de foires, salons professionnels et congrès','748J'),(3903,'6399Z','Autres services d\'information n.c.a.','748K'),(3909,'7410Z','Activités spécialisées de design','748K'),(3922,'7740Z','Location-bail de propriété intellectuelle et de produits similaires, à l\'exception des œuvres soumises à copyright','748K'),(3928,'8291Z','Activités des agences de recouvrement de factures et des sociétés d\'information financière sur la clientèle','748K'),(3941,'9002Z','Activités de soutien au spectacle vivant','748K'),(3950,'8899B','Action sociale sans hébergement n.c.a.','752A'),(3958,'8541Z','Enseignement post-secondaire non supérieur','803Z'),(3976,'8551Z','Enseignement de disciplines sportives et d\'activités de loisirs','804C'),(3985,'8559A','Formation continue d\'adultes','804C'),(3991,'8552Z','Enseignement culturel','804D'),(3998,'8559B','Autres enseignements','804D'),(4005,'8610Z','Activités hospitalières','851A'),(4007,'8710A','Hébergement médicalisé pour personnes âgées','851A'),(4009,'8720A','Hébergement social pour handicapés mentaux et malades mentaux','851A'),(4011,'8720B','Hébergement social pour toxicomanes','851A'),(4012,'8621Z','Activité des médecins généralistes','851C'),(4013,'8622A','Activités de radiodiagnostic et de radiothérapie','851C'),(4014,'8622B','Activités chirurgicales','851C'),(4015,'8622C','Autres activités des médecins spécialistes','851C'),(4016,'8690D','Activités des infirmiers et des sages-femmes','851G'),(4021,'8710B','Hébergement médicalisé pour enfants handicapés','851G'),(4024,'8710C','Hébergement médicalisé pour adultes handicapés et autre hébergement médicalisé','851G'),(4030,'8730A','Hébergement social pour personnes âgées','851G'),(4031,'8730B','Hébergement social pour handicapés  physiques','851G'),(4062,'8810B','Accueil ou accompagnement sans hébergement d’adultes handicapés ou de  personnes âgées','853H'),(4065,'8810A','Aide à domicile','853J'),(4073,'3811Z','Collecte des déchets non dangereux','900B'),(4117,'9004Z','Gestion de salles de spectacles','923D'),(4157,'9312Z','Activités de clubs de sports','926C'),(4160,'9319Z','Autres activités liées au sport','926C'),(4183,'9603Z','Services funéraires','930G'),(4200,'0116Z','Culture de plantes à fibres','011A'),(4201,'0119Z','Autres cultures non permanentes','011A'),(4204,'0163Z','Traitement primaire des récoltes','011A'),(4208,'0164Z','Traitement des semences','011A'),(4215,'0125Z','Culture d\'autres fruits d\'arbres ou d\'arbustes et de fruits à coque','011D'),(4216,'0130Z','Reproduction de plantes','011D'),(4218,'0122Z','Culture de fruits tropicaux et subtropicaux','011F'),(4220,'0124Z','Culture de fruits à pépins et à noyau','011F'),(4223,'0127Z','Culture de plantes à boissons','011F'),(4231,'0121Z','Culture de la vigne','011G'),(4237,'0141Z','Élevage de vaches laitières','012A'),(4238,'0142Z','Élevage d\'autres bovins et de buffles','012A'),(4239,'0143Z','Élevage de chevaux et d\'autres équidés','012C'),(4240,'0145Z','Élevage d\'ovins et de caprins','012C'),(4246,'0146Z','Élevage de porcins','012E'),(4247,'0144Z','Élevage de chameaux et d\'autres camélidés','012J'),(4249,'0150Z','Culture et élevage associés','013Z'),(4250,'0161Z','Activités de soutien aux cultures','014A'),(4275,'8130Z','Services d\'aménagement paysager','014B'),(4280,'0170Z','Chasse, piégeage et services annexes','015Z'),(4284,'0311Z','Pêche en mer','050A'),(4285,'0312Z','Pêche en eau douce','050A'),(4287,'0510Z','Extraction de houille','101Z'),(4290,'1920Z','Raffinage du pétrole','101Z'),(4292,'0520Z','Extraction de lignite','102Z'),(4297,'0892Z','Extraction de tourbe','103Z'),(4302,'0610Z','Extraction de pétrole brut','111Z'),(4303,'0620Z','Extraction de gaz naturel','111Z'),(4304,'0910Z','Activités de soutien à l\'extraction d\'hydrocarbures','111Z'),(4306,'0721Z','Extraction de minerais d\'uranium et de thorium','120Z'),(4309,'0710Z','Extraction de minerais de fer','131Z'),(4312,'0729Z','Extraction d\'autres minerais de métaux non ferreux','132Z'),(4332,'0893Z','Production de sel','144Z'),(4335,'1084Z','Fabrication de condiments et assaisonnements','144Z'),(4349,'1013A','Préparation industrielle de produits à base de viande','151E'),(4368,'1013B','Charcuterie','151F'),(4376,'5610C','Restauration de type rapide','151F'),(4378,'1020Z','Transformation et conservation de poisson, de crustacés et de mollusques','152Z'),(4390,'1031Z','Transformation et conservation de pommes de terre','153A'),(4437,'1051A','Fabrication de lait liquide et de produits frais','155A'),(4440,'1051B','Fabrication de beurre','155B'),(4443,'1051C','Fabrication de fromage','155C'),(4446,'1051D','Fabrication d\'autres produits laitiers','155D'),(4449,'1052Z','Fabrication de glaces et sorbets','155F'),(4451,'1061A','Meunerie','156A'),(4466,'1092Z','Fabrication d\'aliments pour animaux de compagnie','157C'),(4467,'1071A','Fabrication industrielle de pain et de pâtisserie fraîche','158A'),(4483,'1071B','Cuisson de produits de boulangerie','158B'),(4487,'1071C','Boulangerie et boulangerie-pâtisserie','158C'),(4495,'1071D','Pâtisserie','158D'),(4503,'1072Z','Fabrication de biscuits, biscottes et pâtisseries de conservation','158F'),(4504,'1081Z','Fabrication de sucre','158H'),(4505,'1082Z','Fabrication de cacao, chocolat et de produits de confiserie','158K'),(4507,'1073Z','Fabrication de pâtes alimentaires','158M'),(4518,'1083Z','Transformation du thé et du café','158P'),(4520,'1086Z','Fabrication d\'aliments homogénéisés et diététiques','158T'),(4550,'1105Z','Fabrication de bière','159N'),(4551,'1106Z','Fabrication de malt','159Q'),(4552,'1107A','Industrie des eaux de table','159S'),(4624,'1411Z','Fabrication de vêtements en cuir','181Z'),(4635,'1412Z','Fabrication de vêtements de travail','182A'),(4658,'1420Z','Fabrication d\'articles en fourrure','183Z'),(4699,'1621Z','Fabrication de placage et de panneaux de bois','202Z'),(4804,'1811Z','Imprimerie de journaux','222A'),(4812,'1814Z','Reliure et activités connexes','222E'),(4848,'2211Z','Fabrication et rechapage de pneumatiques','251A'),(4937,'2311Z','Fabrication de verre plat','261A'),(4939,'2313Z','Fabrication de verre creux','261E'),(4941,'2314Z','Fabrication de fibres de verre','261G'),(5006,'2351Z','Fabrication de ciment','265A'),(5012,'2364Z','Fabrication de mortiers et bétons secs','266G'),(6080,'3511Z','Production d\'électricité','401A'),(6084,'3512Z','Transport d\'électricité','401C'),(6085,'3513Z','Distribution d\'électricité','401E'),(6086,'3514Z','Commerce d\'électricité','401E'),(6087,'3521Z','Production de combustibles gazeux','402A'),(6088,'3522Z','Distribution de combustibles gazeux par conduites','402C'),(6089,'3523Z','Commerce de combustibles gazeux par conduites','402C'),(6090,'3530Z','Production et distribution de vapeur et d\'air conditionné','403Z'),(6094,'3600Z','Captage, traitement et distribution d\'eau','410Z'),(6096,'3700Z','Collecte et traitement des eaux usées','410Z'),(6099,'4311Z','Travaux de démolition','451A'),(6103,'4312A','Travaux de terrassement courants et travaux préparatoires','451A'),(6107,'4312B','Travaux de terrassement spécialisés ou de grande masse','451B'),(6108,'4313Z','Forages et sondages','451D'),(6109,'4120A','Construction de maisons individuelles','452A'),(6113,'4399C','Travaux de maçonnerie générale et gros œuvre de bâtiment','452A'),(6118,'4120B','Construction d\'autres bâtiments','452B'),(6133,'4213A','Construction d\'ouvrages d\'art','452C'),(6137,'4221Z','Construction de réseaux pour fluides','452C'),(6145,'4299Z','Construction d\'autres ouvrages de génie civil n.c.a.','452C'),(6150,'4399D','Autres travaux spécialisés de construction','452C'),(6154,'4212Z','Construction de voies ferrées de surface et souterraines','452D'),(6155,'4213B','Construction et entretien de tunnels','452D'),(6164,'4391B','Travaux de couverture par éléments','452J'),(6167,'4399A','Travaux d\'étanchéification','452K'),(6179,'4211Z','Construction de routes et autoroutes','452P'),(6187,'4291Z','Construction d\'ouvrages maritimes et fluviaux','452R'),(6233,'4329A','Travaux d\'isolation','453C'),(6236,'4322A','Travaux d\'installation d\'eau et de gaz en tous locaux','453E'),(6244,'4321B','Travaux d\'installation électrique sur la voie publique','453H'),(6252,'4331Z','Travaux de plâtrerie','454A'),(6261,'4333Z','Travaux de revêtement des sols et des murs','454F'),(6273,'4339Z','Autres travaux de finition','454M'),(6280,'4399E','Location avec opérateur de matériel de construction','455Z'),(6297,'4532Z','Commerce de détail d\'équipements automobiles','503B'),(6298,'4540Z','Commerce et réparation de motocycles','504Z'),(6300,'4730Z','Commerce de détail de carburants en magasin spécialisé','505Z'),(6302,'4611Z','Intermédiaires du commerce en matières premières agricoles, animaux vivants, matières premières textiles et produits semi-finis','511A'),(6303,'4612B','Autres intermédiaires du commerce en combustibles, métaux, minéraux et produits chimiques','511C'),(6306,'4613Z','Intermédiaires du commerce en bois et matériaux de construction','511E'),(6311,'4616Z','Intermédiaires du commerce en textiles, habillement, fourrures, chaussures et articles en cuir','511L'),(6312,'4617B','Autres intermédiaires du commerce en denrées, boissons et tabac','511N'),(6318,'4619B','Autres intermédiaires du commerce en produits divers','511T'),(6329,'4623Z','Commerce de gros (commerce interentreprises) d\'animaux vivants','512E'),(6330,'4624Z','Commerce de gros (commerce interentreprises) de cuirs et peaux','512G'),(6351,'4632B','Commerce de gros (commerce interentreprises) de produits à base de viande','513D'),(6361,'4635Z','Commerce de gros (commerce interentreprises) de produits à base de tabac','513L'),(6362,'4636Z','Commerce de gros (commerce interentreprises) de sucre, chocolat et confiserie','513N'),(6363,'4637Z','Commerce de gros (commerce interentreprises) de café, thé, cacao et épices','513Q'),(6364,'4638A','Commerce de gros (commerce interentreprises) de poissons, crustacés et mollusques','513S'),(6367,'4639B','Commerce de gros (commerce interentreprises) alimentaire non spécialisé','513W'),(6369,'4641Z','Commerce de gros (commerce interentreprises) de textiles','514A'),(6371,'4642Z','Commerce de gros (commerce interentreprises) d\'habillement et de chaussures','514C'),(6403,'4646Z','Commerce de gros (commerce interentreprises) de produits pharmaceutiques','514N'),(6458,'4674A','Commerce de gros (commerce interentreprises) de quincaillerie','515H'),(6472,'4677Z','Commerce de gros (commerce interentreprises) de déchets et débris','515Q'),(6493,'4711B','Commerce d\'alimentation générale','521B'),(6494,'4711C','Supérettes','521C'),(6495,'4711D','Supermarchés','521D'),(6497,'4711F','Hypermarchés','521F'),(6499,'4719B','Autres commerces de détail en magasin non spécialisé','521J'),(6500,'4721Z','Commerce de détail de fruits et légumes en magasin spécialisé','522A'),(6501,'4722Z','Commerce de détail de viandes et de produits à base de viande en magasin spécialisé','522C'),(6502,'4723Z','Commerce de détail de poissons, crustacés et mollusques en magasin spécialisé','522E'),(6503,'4724Z','Commerce de détail de pain, pâtisserie et confiserie en magasin spécialisé','522G'),(6504,'4725Z','Commerce de détail de boissons en magasin spécialisé','522J'),(6505,'4726Z','Commerce de détail de produits à base de tabac en magasin spécialisé','522L'),(6506,'4729Z','Autres commerces de détail alimentaires en magasin spécialisé','522N'),(6508,'4773Z','Commerce de détail de produits pharmaceutiques en magasin spécialisé','523A'),(6509,'4774Z','Commerce de détail d\'articles médicaux et orthopédiques en magasin spécialisé','523C'),(6510,'4775Z','Commerce de détail de parfumerie et de produits de beauté en magasin spécialisé','523E'),(6514,'4772A','Commerce de détail de la chaussure','524E'),(6516,'4772B','Commerce de détail de maroquinerie et d\'articles de voyage','524F'),(6527,'4743Z','Commerce de détail de matériels audio et vidéo en magasin spécialisé','524L'),(6529,'4754Z','Commerce de détail d\'appareils électroménagers en magasin spécialisé','524L'),(6535,'4763Z','Commerce de détail d\'enregistrements musicaux et vidéo en magasin spécialisé','524L'),(6539,'4752B','Commerce de détail de quincaillerie, peintures et verres en grandes surfaces (400 m2 et plus)','524P'),(6542,'4761Z','Commerce de détail de livres en magasin spécialisé','524R'),(6543,'4762Z','Commerce de détail de journaux et papeterie en magasin spécialisé','524R'),(6555,'4764Z','Commerce de détail d\'articles de sport en magasin spécialisé','524W'),(6564,'4776Z','Commerce de détail de fleurs, plantes, graines, engrais, animaux de compagnie et aliments pour ces animaux en magasin spécialisé','524X'),(6567,'4778B','Commerces de détail de charbons et combustibles','524Y'),(6570,'4742Z','Commerce de détail de matériels de télécommunication en magasin spécialisé','524Z'),(6574,'4765Z','Commerce de détail de jeux et jouets en magasin spécialisé','524Z'),(6598,'4781Z','Commerce de détail alimentaire sur éventaires et marchés','526D'),(6599,'4799A','Vente à domicile','526G'),(6624,'5520Z','Hébergement touristique et autre hébergement de courte durée','552A'),(6629,'5590Z','Autres hébergements','552F'),(6638,'5630Z','Débits de boissons','554A'),(6641,'9329Z','Autres activités récréatives et de loisirs','554C'),(6644,'5621Z','Services des traiteurs','555D'),(6646,'4910Z','Transport ferroviaire interurbain de voyageurs','601Z'),(6647,'4920Z','Transports ferroviaires de fret','601Z'),(6652,'4931Z','Transports urbains et suburbains de voyageurs','602A'),(6654,'4939A','Transports routiers réguliers de voyageurs','602B'),(6657,'4939C','Téléphériques et remontées mécaniques','602C'),(6658,'4932Z','Transports de voyageurs par taxis','602E'),(6661,'4939B','Autres transports routiers de voyageurs','602G'),(6662,'4941B','Transports routiers de fret de proximité','602L'),(6664,'4941A','Transports routiers de fret interurbains','602M'),(6665,'4942Z','Services de déménagement','602N'),(6666,'4941C','Location de camions avec chauffeur','602P'),(6668,'5010Z','Transports maritimes et côtiers de passagers','611A'),(6670,'5020Z','Transports maritimes et côtiers de fret','611A'),(6672,'5222Z','Services auxiliaires des transports par eau','611A'),(6682,'5030Z','Transports fluviaux de passagers','612Z'),(6684,'5040Z','Transports fluviaux de fret','612Z'),(6689,'5110Z','Transports aériens de passagers','621Z'),(6690,'5121Z','Transports aériens de fret','621Z'),(6695,'5224A','Manutention portuaire','631A'),(6696,'5224B','Manutention non portuaire','631B'),(6697,'5210A','Entreposage et stockage frigorifique','631D'),(6721,'5229A','Messagerie, fret express','634A'),(6722,'5229B','Affrètement et organisation des transports','634B'),(6731,'5310Z','Activités de poste dans le cadre d\'une obligation de service universel','641A'),(6733,'5320Z','Autres activités de poste et de courrier','641C'),(6734,'6411Z','Activités de banque centrale','651A'),(6735,'6491Z','Crédit-bail','652A'),(6736,'6492Z','Autre distribution de crédit','652C'),(6737,'6499Z','Autres activités des services financiers, hors assurance et caisses de retraite, n.c.a.','652C'),(6745,'6430Z','Fonds de placement et entités financières similaires','652E'),(6747,'6511Z','Assurance vie','660A'),(6748,'6520Z','Réassurance','660A'),(6750,'6530Z','Caisses de retraite','660C'),(6751,'6512Z','Autres assurances','660E'),(6754,'6611Z','Administration de marchés financiers','671A'),(6755,'6612Z','Courtage de valeurs mobilières et de marchandises','671C'),(6756,'6630Z','Gestion de fonds','671C'),(6758,'6619B','Autres activités auxiliaires de services financiers, hors assurance et caisses de retraite, n.c.a.','671E'),(6759,'6621Z','Évaluation des risques et dommages','672Z'),(6760,'6622Z','Activités des agents et courtiers d\'assurances','672Z'),(6761,'6629Z','Autres activités auxiliaires d\'assurance et de caisses de retraite','672Z'),(6762,'4110A','Promotion immobilière de logements','701A'),(6763,'4110B','Promotion immobilière de bureaux','701B'),(6764,'4110C','Promotion immobilière d\'autres bâtiments','701C'),(6770,'4110D','Supports juridiques de programmes','701D'),(6771,'6810Z','Activités des marchands de biens immobiliers','701F'),(6772,'6820A','Location de logements','702A'),(6775,'6831Z','Agences immobilières','703A'),(6784,'6619A','Supports juridiques de gestion de patrimoine mobilier','703E'),(6785,'6832B','Supports juridiques de gestion de patrimoine immobilier','703E'),(6786,'7711A','Location de courte durée de voitures et de véhicules automobiles légers','711A'),(6787,'7711B','Location de longue durée de voitures et de véhicules automobiles légers','711B'),(6791,'7734Z','Location et location-bail de matériels de transport par eau','712C'),(6792,'7735Z','Location et location-bail de matériels de transport aérien','712E'),(6793,'7731Z','Location et location-bail de machines et équipements agricoles','713A'),(6794,'7732Z','Location et location-bail de machines et équipements pour la construction','713C'),(6836,'6020A','Edition de chaînes généralistes','724Z'),(6837,'6020B','Edition de chaînes thématiques','724Z'),(6840,'6312Z','Portails Internet','724Z'),(6846,'6910Z','Activités juridiques','741A'),(6873,'7111Z','Activités d\'architecture','742A'),(6878,'7112A','Activité des géomètres','742B'),(6879,'7490A','Activité des économistes de la construction','742B'),(6891,'7120A','Contrôle technique automobile','743A'),(6898,'7820Z','Activités des agences de travail temporaire','745B'),(6906,'8010Z','Activités de sécurité privée','746Z'),(6914,'8030Z','Activités d\'enquête','746Z'),(6916,'8121Z','Nettoyage courant des bâtiments','747Z'),(6923,'8122Z','Autres activités de nettoyage des bâtiments et nettoyage industriel','747Z'),(6930,'8129A','Désinfection, désinsectisation, dératisation','747Z'),(6952,'8292Z','Activités de conditionnement','748D'),(6962,'8220Z','Activités de centres d\'appels','748H'),(7028,'8510Z','Enseignement pré-primaire','801Z'),(7029,'8520Z','Enseignement primaire','801Z'),(7030,'8531Z','Enseignement secondaire général','802A'),(7042,'8553Z','Enseignement de la conduite','804A'),(7056,'8623Z','Pratique dentaire','851E'),(7057,'8690A','Ambulances','851J'),(7058,'8690B','Laboratoires d\'analyses médicales','851K'),(7059,'8690C','Centres de collecte et banques d\'organes','851L'),(7060,'7500Z','Activités vétérinaires','852Z'),(7061,'8790A','Hébergement social pour enfants en difficultés','853B'),(7062,'8790B','Hébergement social pour adultes et familles en difficultés et autre hébergement social','853E'),(7063,'8891A','Accueil de jeunes enfants','853G'),(7065,'8810C','Aide par le travail','853H'),(7066,'8891B','Accueil ou accompagnement sans hébergement d’enfants handicapés','853H'),(7075,'8899A','Autre accueil ou accompagnement sans hébergement d’enfants  et d’adolescents','853K'),(7112,'9411Z','Activités des organisations patronales et consulaires','911A'),(7113,'9412Z','Activités des organisations professionnelles','911C'),(7114,'9420Z','Activités des syndicats de salariés','912Z'),(7115,'9491Z','Activités des organisations religieuses','913A'),(7116,'9492Z','Activités des organisations politiques','913C'),(7119,'5911A','Production de films et de programmes pour la télévision','921A'),(7120,'5911B','Production de films institutionnels et publicitaires','921B'),(7121,'5911C','Production de films pour le cinéma','921C'),(7123,'5912Z','Post-production de films cinématographiques, de vidéo et de programmes de télévision','921D'),(7125,'5913A','Distribution de films cinématographiques','921F'),(7126,'5913B','Edition et distribution vidéo','921G'),(7127,'5914Z','Projection de films cinématographiques','921J'),(7137,'9003A','Création artistique relevant des arts plastiques','923A'),(7138,'9003B','Autre création artistique','923A'),(7146,'9321Z','Activités des parcs d\'attractions et parcs à thèmes','923F'),(7154,'6391Z','Activités des agences de presse','924Z'),(7161,'9311Z','Gestion d\'installations sportives','926A'),(7172,'9200Z','Organisation de jeux de hasard et d\'argent','927A'),(7183,'9601A','Blanchisserie-teinturerie de gros','930A'),(7185,'9601B','Blanchisserie-teinturerie de détail','930B'),(7186,'9602A','Coiffure','930D'),(7187,'9602B','Soins de beauté','930E'),(7190,'9604Z','Entretien corporel','930K'),(7191,'9313Z','Activités des centres de culture physique','930L'),(7196,'9609Z','Autres services personnels n.c.a.','930N'),(7197,'9700Z','Activités des ménages en tant qu\'employeurs de personnel domestique','950Z'),(7198,'9810Z','Activités indifférenciées des ménages en tant que producteurs de biens pour usage propre','960Z'),(7199,'9820Z','Activités indifférenciées des ménages en tant que producteurs de services pour usage propre','970Z'),(7200,'9900Z','Activités des organisations et organismes extraterritoriaux','990Z'),(9248,'5530Z','Terrains de camping et parcs pour caravanes ou véhicules de loisirs','552C'),(9249,'8690E','Activités des professionnels de la rééducation, de l\'appareillage et des pédicures-podologues','851H'),(9250,'8690F','Activités de santé humaine non classées ailleurs','851H'),(9251,'9101Z','Gestion des bibliothèques et des archives','925A'),(9252,'9102Z','Gestion des musées','925C'),(9253,'9103Z','Gestion des sites et monuments historiques et des attractions touristiques similaires','925C'),(9254,'9104Z','Gestion des jardins botaniques et zoologiques et des réserves naturelles','925E'),(9255,'9001Z','Arts du spectacle vivant',NULL),(9256,'2311Z','Fabrication de verre plat',NULL);
/*!40000 ALTER TABLE `Naf` ENABLE KEYS */;
UNLOCK TABLES;

--
-- Table structure for table `Naf_Produit`
--

DROP TABLE IF EXISTS `Naf_Produit`;
/*!40101 SET @saved_cs_client     = @@character_set_client */;
/*!40101 SET character_set_client = utf8 */;
CREATE TABLE `Naf_Produit` (
  `naf_id` int(11) NOT NULL DEFAULT '0',
  `produit_id` int(11) NOT NULL DEFAULT '0',
  PRIMARY KEY (`naf_id`,`produit_id`),
  KEY `FKNafProduit_Produit` (`produit_id`),
  CONSTRAINT `FKNafProduit_NAF` FOREIGN KEY (`naf_id`) REFERENCES `Naf` (`id`) ON UPDATE CASCADE,
  CONSTRAINT `FKNafProduit_Produit` FOREIGN KEY (`produit_id`) REFERENCES `Produit` (`id`) ON UPDATE CASCADE
) ENGINE=InnoDB DEFAULT CHARSET=utf8;
/*!40101 SET character_set_client = @saved_cs_client */;

--
-- Dumping data for table `Naf_Produit`
--

LOCK TABLES `Naf_Produit` WRITE;
/*!40000 ALTER TABLE `Naf_Produit` DISABLE KEYS */;
INSERT INTO `Naf_Produit` (`naf_id`, `produit_id`) VALUES (1,1),(2,1),(3,1),(4,1),(5,1),(8,1),(9,1),(10,1),(25,1),(166,1),(191,1),(192,1),(201,1),(420,1),(734,1),(789,1),(792,1),(881,1),(930,1),(932,1),(935,1),(2001,1),(2002,1),(2004,1),(2005,1),(2006,1),(2007,1),(2008,1),(2009,1),(2011,1),(2013,1),(2014,1),(2016,1),(2019,1),(2030,1),(2031,1),(2033,1),(2040,1),(2047,1),(2049,1),(2061,1),(2070,1),(2078,1),(2084,1),(2088,1),(2095,1),(2096,1),(2097,1),(2101,1),(2109,1),(2110,1),(2111,1),(2112,1),(2114,1),(2122,1),(2128,1),(2133,1),(2134,1),(2135,1),(2137,1),(2145,1),(2150,1),(2163,1),(2171,1),(2172,1),(2181,1),(2184,1),(2186,1),(2190,1),(2195,1),(2196,1),(2197,1),(2198,1),(2205,1),(2208,1),(2219,1),(2221,1),(2225,1),(2226,1),(2231,1),(2235,1),(2241,1),(2246,1),(2247,1),(2248,1),(2252,1),(2253,1),(2294,1),(2296,1),(2298,1),(2302,1),(2303,1),(2309,1),(2314,1),(2319,1),(2321,1),(2338,1),(2339,1),(2340,1),(2341,1),(2342,1),(2343,1),(2359,1),(2365,1),(2368,1),(2369,1),(2371,1),(2373,1),(2375,1),(2377,1),(2379,1),(2380,1),(2381,1),(2387,1),(2388,1),(2389,1),(2390,1),(2391,1),(2392,1),(2399,1),(2400,1),(2402,1),(2405,1),(2406,1),(2409,1),(2413,1),(2418,1),(2420,1),(2435,1),(2446,1),(2453,1),(2456,1),(2461,1),(2468,1),(2503,1),(2504,1),(2521,1),(2522,1),(2523,1),(2531,1),(2534,1),(2535,1),(2536,1),(2537,1),(2555,1),(2557,1),(2558,1),(2559,1),(2560,1),(2562,1),(2563,1),(2564,1),(2581,1),(2584,1),(2586,1),(2587,1),(2588,1),(2589,1),(2590,1),(2591,1),(2592,1),(2593,1),(2594,1),(2598,1),(2600,1),(2602,1),(2606,1),(2607,1),(2609,1),(2610,1),(2612,1),(2613,1),(2614,1),(2615,1),(2618,1),(2620,1),(2625,1),(2639,1),(2641,1),(2645,1),(2647,1),(2648,1),(2651,1),(2652,1),(2656,1),(2660,1),(2664,1),(2669,1),(2674,1),(2675,1),(2677,1),(2687,1),(2701,1),(2703,1),(2704,1),(2705,1),(2715,1),(2718,1),(2724,1),(2727,1),(2728,1),(2732,1),(2735,1),(2743,1),(2747,1),(2757,1),(2760,1),(2762,1),(2765,1),(2772,1),(2774,1),(2785,1),(2788,1),(2797,1),(2800,1),(2804,1),(2807,1),(2810,1),(2811,1),(2824,1),(2825,1),(2827,1),(2835,1),(2838,1),(2847,1),(2849,1),(2850,1),(2861,1),(2869,1),(2895,1),(2927,1),(2928,1),(2931,1),(2932,1),(2936,1),(2961,1),(2963,1),(2986,1),(3004,1),(3018,1),(3020,1),(3033,1),(3044,1),(3064,1),(3093,1),(3094,1),(3110,1),(3111,1),(3113,1),(3125,1),(3126,1),(3128,1),(3129,1),(3136,1),(3142,1),(3143,1),(3145,1),(3147,1),(3154,1),(3161,1),(3169,1),(3183,1),(3185,1),(3187,1),(3189,1),(3207,1),(3209,1),(3212,1),(3228,1),(3257,1),(3275,1),(3330,1),(3340,1),(3344,1),(3345,1),(3346,1),(3348,1),(3359,1),(3360,1),(3361,1),(3362,1),(3363,1),(3366,1),(3367,1),(3369,1),(3370,1),(3371,1),(3372,1),(3373,1),(3374,1),(3375,1),(3376,1),(3382,1),(3384,1),(3385,1),(3386,1),(3391,1),(3392,1),(3393,1),(3394,1),(3398,1),(3402,1),(3404,1),(3405,1),(3410,1),(3415,1),(3433,1),(3446,1),(3447,1),(3448,1),(3461,1),(3462,1),(3465,1),(3473,1),(3474,1),(3475,1),(3476,1),(3478,1),(3480,1),(3486,1),(3488,1),(3490,1),(3491,1),(3493,1),(3494,1),(3495,1),(3496,1),(3497,1),(3498,1),(3501,1),(3505,1),(3506,1),(3511,1),(3514,1),(3520,1),(3526,1),(3532,1),(3533,1),(3534,1),(3535,1),(3536,1),(3538,1),(3557,1),(3561,1),(3562,1),(3565,1),(3566,1),(3568,1),(3569,1),(3570,1),(3571,1),(3578,1),(3585,1),(3588,1),(3591,1),(3594,1),(3600,1),(3607,1),(3608,1),(3609,1),(3610,1),(3611,1),(3614,1),(3618,1),(3626,1),(3628,1),(3629,1),(3632,1),(3633,1),(3634,1),(3636,1),(3637,1),(3638,1),(3640,1),(3646,1),(3653,1),(3660,1),(3667,1),(3674,1),(3686,1),(3698,1),(3704,1),(3746,1),(3766,1),(3773,1),(3775,1),(3777,1),(3781,1),(3788,1),(3796,1),(3817,1),(3832,1),(3840,1),(3851,1),(3855,1),(3856,1),(3859,1),(3861,1),(3870,1),(3871,1),(3873,1),(3874,1),(3876,1),(3884,1),(3903,1),(3909,1),(3922,1),(3928,1),(3941,1),(3950,1),(3958,1),(3976,1),(3985,1),(3991,1),(3998,1),(4005,1),(4007,1),(4009,1),(4011,1),(4012,1),(4013,1),(4014,1),(4015,1),(4016,1),(4021,1),(4024,1),(4030,1),(4031,1),(4062,1),(4065,1),(4073,1),(4117,1),(4157,1),(4160,1),(4183,1),(4200,1),(4201,1),(4204,1),(4208,1),(4215,1),(4216,1),(4218,1),(4220,1),(4223,1),(4231,1),(4237,1),(4238,1),(4239,1),(4240,1),(4246,1),(4247,1),(4249,1),(4250,1),(4275,1),(4280,1),(4284,1),(4285,1),(4287,1),(4290,1),(4292,1),(4297,1),(4302,1),(4303,1),(4304,1),(4306,1),(4309,1),(4312,1),(4332,1),(4335,1),(4349,1),(4368,1),(4376,1),(4378,1),(4390,1),(4437,1),(4440,1),(4443,1),(4446,1),(4449,1),(4451,1),(4466,1),(4467,1),(4483,1),(4487,1),(4495,1),(4503,1),(4504,1),(4505,1),(4507,1),(4518,1),(4520,1),(4550,1),(4551,1),(4552,1),(4624,1),(4635,1),(4658,1),(4699,1),(4804,1),(4812,1),(4848,1),(4937,1),(4939,1),(4941,1),(5006,1),(5012,1),(6080,1),(6084,1),(6085,1),(6086,1),(6087,1),(6088,1),(6089,1),(6090,1),(6094,1),(6096,1),(6099,1),(6103,1),(6107,1),(6108,1),(6109,1),(6113,1),(6118,1),(6133,1),(6137,1),(6145,1),(6150,1),(6154,1),(6155,1),(6164,1),(6167,1),(6179,1),(6187,1),(6233,1),(6236,1),(6244,1),(6252,1),(6261,1),(6273,1),(6280,1),(6297,1),(6298,1),(6300,1),(6302,1),(6303,1),(6306,1),(6311,1),(6312,1),(6318,1),(6329,1),(6330,1),(6351,1),(6361,1),(6362,1),(6363,1),(6364,1),(6367,1),(6369,1),(6371,1),(6403,1),(6458,1),(6472,1),(6493,1),(6494,1),(6495,1),(6497,1),(6499,1),(6500,1),(6501,1),(6502,1),(6503,1),(6504,1),(6505,1),(6506,1),(6508,1),(6509,1),(6510,1),(6514,1),(6516,1),(6527,1),(6529,1),(6535,1),(6539,1),(6542,1),(6543,1),(6555,1),(6564,1),(6567,1),(6570,1),(6574,1),(6598,1),(6599,1),(6624,1),(6629,1),(6638,1),(6641,1),(6644,1),(6646,1),(6647,1),(6652,1),(6654,1),(6657,1),(6658,1),(6661,1),(6662,1),(6664,1),(6665,1),(6666,1),(6668,1),(6670,1),(6672,1),(6682,1),(6684,1),(6689,1),(6690,1),(6695,1),(6696,1),(6697,1),(6721,1),(6722,1),(6731,1),(6733,1),(6734,1),(6735,1),(6736,1),(6737,1),(6745,1),(6747,1),(6748,1),(6750,1),(6751,1),(6754,1),(6755,1),(6756,1),(6758,1),(6759,1),(6760,1),(6761,1),(6762,1),(6763,1),(6764,1),(6770,1),(6771,1),(6772,1),(6775,1),(6784,1),(6785,1),(6786,1),(6787,1),(6791,1),(6792,1),(6793,1),(6794,1),(6836,1),(6837,1),(6840,1),(6846,1),(6873,1),(6878,1),(6879,1),(6891,1),(6898,1),(6906,1),(6914,1),(6916,1),(6923,1),(6930,1),(6952,1),(6962,1),(7028,1),(7029,1),(7030,1),(7042,1),(7056,1),(7057,1),(7058,1),(7059,1),(7060,1),(7061,1),(7062,1),(7063,1),(7065,1),(7066,1),(7075,1),(7112,1),(7113,1),(7114,1),(7115,1),(7116,1),(7119,1),(7120,1),(7121,1),(7123,1),(7125,1),(7126,1),(7127,1),(7137,1),(7138,1),(7146,1),(7154,1),(7161,1),(7172,1),(7183,1),(7185,1),(7186,1),(7187,1),(7190,1),(7191,1),(7196,1),(7197,1),(7200,1),(9248,1),(9249,1),(9250,1),(9251,1),(9252,1),(9253,1),(9254,1),(9255,1),(1,2),(2,2),(3,2),(4,2),(5,2),(8,2),(9,2),(10,2),(25,2),(166,2),(191,2),(192,2),(201,2),(420,2),(734,2),(789,2),(792,2),(881,2),(930,2),(932,2),(935,2),(2001,2),(2002,2),(2004,2),(2005,2),(2006,2),(2007,2),(2008,2),(2009,2),(2011,2),(2013,2),(2014,2),(2016,2),(2019,2),(2030,2),(2031,2),(2033,2),(2040,2),(2047,2),(2049,2),(2061,2),(2070,2),(2078,2),(2084,2),(2088,2),(2095,2),(2096,2),(2097,2),(2101,2),(2109,2),(2110,2),(2111,2),(2112,2),(2114,2),(2122,2),(2128,2),(2133,2),(2134,2),(2135,2),(2137,2),(2145,2),(2150,2),(2163,2),(2171,2),(2172,2),(2181,2),(2184,2),(2186,2),(2190,2),(2195,2),(2196,2),(2197,2),(2198,2),(2205,2),(2208,2),(2219,2),(2221,2),(2225,2),(2226,2),(2231,2),(2235,2),(2241,2),(2246,2),(2247,2),(2248,2),(2252,2),(2253,2),(2294,2),(2296,2),(2298,2),(2302,2),(2303,2),(2309,2),(2314,2),(2319,2),(2321,2),(2338,2),(2339,2),(2340,2),(2341,2),(2342,2),(2343,2),(2359,2),(2365,2),(2368,2),(2369,2),(2371,2),(2373,2),(2375,2),(2377,2),(2379,2),(2380,2),(2381,2),(2387,2),(2388,2),(2389,2),(2390,2),(2391,2),(2392,2),(2399,2),(2400,2),(2402,2),(2405,2),(2406,2),(2409,2),(2413,2),(2418,2),(2420,2),(2435,2),(2446,2),(2453,2),(2456,2),(2461,2),(2468,2),(2503,2),(2504,2),(2521,2),(2522,2),(2523,2),(2531,2),(2534,2),(2535,2),(2536,2),(2537,2),(2555,2),(2557,2),(2558,2),(2559,2),(2560,2),(2562,2),(2563,2),(2564,2),(2581,2),(2584,2),(2586,2),(2587,2),(2588,2),(2589,2),(2590,2),(2591,2),(2592,2),(2593,2),(2594,2),(2598,2),(2600,2),(2602,2),(2606,2),(2607,2),(2609,2),(2610,2),(2612,2),(2613,2),(2614,2),(2615,2),(2618,2),(2620,2),(2625,2),(2639,2),(2641,2),(2645,2),(2647,2),(2648,2),(2651,2),(2652,2),(2656,2),(2660,2),(2664,2),(2669,2),(2674,2),(2675,2),(2677,2),(2687,2),(2701,2),(2703,2),(2704,2),(2705,2),(2715,2),(2718,2),(2724,2),(2727,2),(2728,2),(2732,2),(2735,2),(2743,2),(2747,2),(2757,2),(2760,2),(2762,2),(2765,2),(2772,2),(2774,2),(2785,2),(2788,2),(2797,2),(2800,2),(2804,2),(2807,2),(2810,2),(2811,2),(2824,2),(2825,2),(2827,2),(2835,2),(2838,2),(2847,2),(2849,2),(2850,2),(2861,2),(2869,2),(2895,2),(2927,2),(2928,2),(2931,2),(2932,2),(2936,2),(2961,2),(2963,2),(2986,2),(3004,2),(3018,2),(3020,2),(3033,2),(3044,2),(3064,2),(3093,2),(3094,2),(3110,2),(3111,2),(3113,2),(3125,2),(3126,2),(3128,2),(3129,2),(3136,2),(3142,2),(3143,2),(3145,2),(3147,2),(3154,2),(3161,2),(3169,2),(3183,2),(3185,2),(3187,2),(3189,2),(3207,2),(3209,2),(3212,2),(3228,2),(3257,2),(3275,2),(3330,2),(3340,2),(3344,2),(3345,2),(3346,2),(3348,2),(3359,2),(3360,2),(3361,2),(3362,2),(3363,2),(3366,2),(3367,2),(3369,2),(3370,2),(3371,2),(3372,2),(3373,2),(3374,2),(3375,2),(3376,2),(3382,2),(3384,2),(3385,2),(3386,2),(3391,2),(3392,2),(3393,2),(3394,2),(3398,2),(3402,2),(3404,2),(3405,2),(3410,2),(3415,2),(3433,2),(3446,2),(3447,2),(3448,2),(3461,2),(3462,2),(3465,2),(3473,2),(3474,2),(3475,2),(3476,2),(3478,2),(3480,2),(3486,2),(3488,2),(3490,2),(3491,2),(3493,2),(3494,2),(3495,2),(3496,2),(3497,2),(3498,2),(3501,2),(3505,2),(3506,2),(3511,2),(3514,2),(3520,2),(3526,2),(3532,2),(3533,2),(3534,2),(3535,2),(3536,2),(3538,2),(3557,2),(3561,2),(3562,2),(3565,2),(3566,2),(3568,2),(3569,2),(3570,2),(3571,2),(3578,2),(3585,2),(3588,2),(3591,2),(3594,2),(3600,2),(3607,2),(3608,2),(3609,2),(3610,2),(3611,2),(3614,2),(3618,2),(3626,2),(3628,2),(3629,2),(3632,2),(3633,2),(3634,2),(3636,2),(3637,2),(3638,2),(3640,2),(3646,2),(3653,2),(3660,2),(3667,2),(3674,2),(3686,2),(3698,2),(3704,2),(3746,2),(3766,2),(3773,2),(3775,2),(3777,2),(3781,2),(3788,2),(3796,2),(3817,2),(3832,2),(3840,2),(3851,2),(3855,2),(3856,2),(3859,2),(3861,2),(3870,2),(3871,2),(3873,2),(3874,2),(3876,2),(3884,2),(3903,2),(3909,2),(3922,2),(3928,2),(3941,2),(3950,2),(3958,2),(3976,2),(3985,2),(3991,2),(3998,2),(4005,2),(4007,2),(4009,2),(4011,2),(4012,2),(4013,2),(4014,2),(4015,2),(4016,2),(4021,2),(4024,2),(4030,2),(4031,2),(4062,2),(4065,2),(4073,2),(4117,2),(4157,2),(4160,2),(4183,2),(4200,2),(4201,2),(4204,2),(4208,2),(4215,2),(4216,2),(4218,2),(4220,2),(4223,2),(4231,2),(4237,2),(4238,2),(4239,2),(4240,2),(4246,2),(4247,2),(4249,2),(4250,2),(4275,2),(4280,2),(4284,2),(4285,2),(4287,2),(4290,2),(4292,2),(4297,2),(4302,2),(4303,2),(4304,2),(4306,2),(4309,2),(4312,2),(4332,2),(4335,2),(4349,2),(4368,2),(4376,2),(4378,2),(4390,2),(4437,2),(4440,2),(4443,2),(4446,2),(4449,2),(4451,2),(4466,2),(4467,2),(4483,2),(4487,2),(4495,2),(4503,2),(4504,2),(4505,2),(4507,2),(4518,2),(4520,2),(4550,2),(4551,2),(4552,2),(4624,2),(4635,2),(4658,2),(4699,2),(4804,2),(4812,2),(4848,2),(4937,2),(4939,2),(4941,2),(5006,2),(5012,2),(6080,2),(6084,2),(6085,2),(6086,2),(6087,2),(6088,2),(6089,2),(6090,2),(6094,2),(6096,2),(6099,2),(6103,2),(6107,2),(6108,2),(6109,2),(6113,2),(6118,2),(6133,2),(6137,2),(6145,2),(6150,2),(6154,2),(6155,2),(6164,2),(6167,2),(6179,2),(6187,2),(6233,2),(6236,2),(6244,2),(6252,2),(6261,2),(6273,2),(6280,2),(6297,2),(6298,2),(6300,2),(6302,2),(6303,2),(6306,2),(6311,2),(6312,2),(6318,2),(6329,2),(6330,2),(6351,2),(6361,2),(6362,2),(6363,2),(6364,2),(6367,2),(6369,2),(6371,2),(6403,2),(6458,2),(6472,2),(6493,2),(6494,2),(6495,2),(6497,2),(6499,2),(6500,2),(6501,2),(6502,2),(6503,2),(6504,2),(6505,2),(6506,2),(6508,2),(6509,2),(6510,2),(6514,2),(6516,2),(6527,2),(6529,2),(6535,2),(6539,2),(6542,2),(6543,2),(6555,2),(6564,2),(6567,2),(6570,2),(6574,2),(6598,2),(6599,2),(6624,2),(6629,2),(6638,2),(6641,2),(6644,2),(6646,2),(6647,2),(6652,2),(6654,2),(6657,2),(6658,2),(6661,2),(6662,2),(6664,2),(6665,2),(6666,2),(6668,2),(6670,2),(6672,2),(6682,2),(6684,2),(6689,2),(6690,2),(6695,2),(6696,2),(6697,2),(6721,2),(6722,2),(6731,2),(6733,2),(6734,2),(6735,2),(6736,2),(6737,2),(6745,2),(6747,2),(6748,2),(6750,2),(6751,2),(6754,2),(6755,2),(6756,2),(6758,2),(6759,2),(6760,2),(6761,2),(6762,2),(6763,2),(6764,2),(6770,2),(6771,2),(6772,2),(6775,2),(6784,2),(6785,2),(6786,2),(6787,2),(6791,2),(6792,2),(6793,2),(6794,2),(6836,2),(6837,2),(6840,2),(6846,2),(6873,2),(6878,2),(6879,2),(6891,2),(6898,2),(6906,2),(6914,2),(6916,2),(6923,2),(6930,2),(6952,2),(6962,2),(7028,2),(7029,2),(7030,2),(7042,2),(7056,2),(7057,2),(7058,2),(7059,2),(7060,2),(7061,2),(7062,2),(7063,2),(7065,2),(7066,2),(7075,2),(7112,2),(7113,2),(7114,2),(7115,2),(7116,2),(7119,2),(7120,2),(7121,2),(7123,2),(7125,2),(7126,2),(7127,2),(7137,2),(7138,2),(7146,2),(7154,2),(7161,2),(7172,2),(7183,2),(7185,2),(7186,2),(7187,2),(7190,2),(7191,2),(7196,2),(7197,2),(7200,2),(9248,2),(9249,2),(9250,2),(9251,2),(9252,2),(9253,2),(9254,2),(9255,2),(1,3),(2,3),(3,3),(4,3),(5,3),(8,3),(9,3),(10,3),(25,3),(166,3),(191,3),(192,3),(201,3),(420,3),(734,3),(789,3),(792,3),(881,3),(930,3),(932,3),(935,3),(2001,3),(2002,3),(2004,3),(2005,3),(2006,3),(2007,3),(2008,3),(2009,3),(2011,3),(2013,3),(2014,3),(2016,3),(2019,3),(2030,3),(2031,3),(2033,3),(2040,3),(2047,3),(2049,3),(2061,3),(2070,3),(2078,3),(2084,3),(2088,3),(2095,3),(2096,3),(2097,3),(2101,3),(2109,3),(2110,3),(2111,3),(2112,3),(2114,3),(2122,3),(2128,3),(2133,3),(2134,3),(2135,3),(2137,3),(2145,3),(2150,3),(2163,3),(2171,3),(2172,3),(2181,3),(2184,3),(2186,3),(2190,3),(2195,3),(2196,3),(2197,3),(2198,3),(2205,3),(2208,3),(2219,3),(2221,3),(2225,3),(2226,3),(2231,3),(2235,3),(2241,3),(2246,3),(2247,3),(2248,3),(2252,3),(2253,3),(2294,3),(2296,3),(2298,3),(2302,3),(2303,3),(2309,3),(2314,3),(2319,3),(2321,3),(2338,3),(2339,3),(2340,3),(2341,3),(2342,3),(2343,3),(2359,3),(2365,3),(2368,3),(2369,3),(2371,3),(2373,3),(2375,3),(2377,3),(2379,3),(2380,3),(2381,3),(2387,3),(2388,3),(2389,3),(2390,3),(2391,3),(2392,3),(2399,3),(2400,3),(2402,3),(2405,3),(2406,3),(2409,3),(2413,3),(2418,3),(2420,3),(2435,3),(2446,3),(2453,3),(2456,3),(2461,3),(2468,3),(2503,3),(2504,3),(2521,3),(2522,3),(2523,3),(2531,3),(2534,3),(2535,3),(2536,3),(2537,3),(2555,3),(2557,3),(2558,3),(2559,3),(2560,3),(2562,3),(2563,3),(2564,3),(2581,3),(2584,3),(2586,3),(2587,3),(2588,3),(2589,3),(2590,3),(2591,3),(2592,3),(2593,3),(2594,3),(2598,3),(2600,3),(2602,3),(2606,3),(2607,3),(2609,3),(2610,3),(2612,3),(2613,3),(2614,3),(2615,3),(2618,3),(2620,3),(2625,3),(2639,3),(2641,3),(2645,3),(2647,3),(2648,3),(2651,3),(2652,3),(2656,3),(2660,3),(2664,3),(2669,3),(2674,3),(2675,3),(2677,3),(2687,3),(2701,3),(2703,3),(2704,3),(2705,3),(2715,3),(2718,3),(2724,3),(2727,3),(2728,3),(2732,3),(2735,3),(2743,3),(2747,3),(2757,3),(2760,3),(2762,3),(2765,3),(2772,3),(2774,3),(2785,3),(2788,3),(2797,3),(2800,3),(2804,3),(2807,3),(2810,3),(2811,3),(2824,3),(2825,3),(2827,3),(2835,3),(2838,3),(2847,3),(2849,3),(2850,3),(2861,3),(2869,3),(2895,3),(2927,3),(2928,3),(2931,3),(2932,3),(2936,3),(2961,3),(2963,3),(2986,3),(3004,3),(3018,3),(3020,3),(3033,3),(3044,3),(3064,3),(3093,3),(3094,3),(3110,3),(3111,3),(3113,3),(3125,3),(3126,3),(3128,3),(3129,3),(3136,3),(3142,3),(3143,3),(3145,3),(3147,3),(3154,3),(3161,3),(3169,3),(3183,3),(3185,3),(3187,3),(3189,3),(3207,3),(3209,3),(3212,3),(3228,3),(3257,3),(3275,3),(3330,3),(3340,3),(3344,3),(3345,3),(3346,3),(3348,3),(3359,3),(3360,3),(3361,3),(3362,3),(3363,3),(3366,3),(3367,3),(3369,3),(3370,3),(3371,3),(3372,3),(3373,3),(3374,3),(3375,3),(3376,3),(3382,3),(3384,3),(3385,3),(3386,3),(3391,3),(3392,3),(3393,3),(3394,3),(3398,3),(3402,3),(3404,3),(3405,3),(3410,3),(3415,3),(3433,3),(3446,3),(3447,3),(3448,3),(3461,3),(3462,3),(3465,3),(3473,3),(3474,3),(3475,3),(3476,3),(3478,3),(3480,3),(3486,3),(3488,3),(3490,3),(3491,3),(3493,3),(3494,3),(3495,3),(3496,3),(3497,3),(3498,3),(3501,3),(3505,3),(3506,3),(3511,3),(3514,3),(3520,3),(3526,3),(3532,3),(3533,3),(3534,3),(3535,3),(3536,3),(3538,3),(3557,3),(3561,3),(3562,3),(3565,3),(3566,3),(3568,3),(3569,3),(3570,3),(3571,3),(3578,3),(3585,3),(3588,3),(3591,3),(3594,3),(3600,3),(3607,3),(3608,3),(3609,3),(3610,3),(3611,3),(3614,3),(3618,3),(3626,3),(3628,3),(3629,3),(3632,3),(3633,3),(3634,3),(3636,3),(3637,3),(3638,3),(3640,3),(3646,3),(3653,3),(3660,3),(3667,3),(3674,3),(3686,3),(3698,3),(3704,3),(3746,3),(3766,3),(3773,3),(3775,3),(3777,3),(3781,3),(3788,3),(3796,3),(3817,3),(3832,3),(3840,3),(3851,3),(3855,3),(3856,3),(3859,3),(3861,3),(3870,3),(3871,3),(3873,3),(3874,3),(3876,3),(3884,3),(3903,3),(3909,3),(3922,3),(3928,3),(3941,3),(3950,3),(3958,3),(3976,3),(3985,3),(3991,3),(3998,3),(4005,3),(4007,3),(4009,3),(4011,3),(4012,3),(4013,3),(4014,3),(4015,3),(4016,3),(4021,3),(4024,3),(4030,3),(4031,3),(4062,3),(4065,3),(4073,3),(4117,3),(4157,3),(4160,3),(4183,3),(4200,3),(4201,3),(4204,3),(4208,3),(4215,3),(4216,3),(4218,3),(4220,3),(4223,3),(4231,3),(4237,3),(4238,3),(4239,3),(4240,3),(4246,3),(4247,3),(4249,3),(4250,3),(4275,3),(4280,3),(4284,3),(4285,3),(4287,3),(4290,3),(4292,3),(4297,3),(4302,3),(4303,3),(4304,3),(4306,3),(4309,3),(4312,3),(4332,3),(4335,3),(4349,3),(4368,3),(4376,3),(4378,3),(4390,3),(4437,3),(4440,3),(4443,3),(4446,3),(4449,3),(4451,3),(4466,3),(4467,3),(4483,3),(4487,3),(4495,3),(4503,3),(4504,3),(4505,3),(4507,3),(4518,3),(4520,3),(4550,3),(4551,3),(4552,3),(4624,3),(4635,3),(4658,3),(4699,3),(4804,3),(4812,3),(4848,3),(4937,3),(4939,3),(4941,3),(5006,3),(5012,3),(6080,3),(6084,3),(6085,3),(6086,3),(6087,3),(6088,3),(6089,3),(6090,3),(6094,3),(6096,3),(6099,3),(6103,3),(6107,3),(6108,3),(6109,3),(6113,3),(6118,3),(6133,3),(6137,3),(6145,3),(6150,3),(6154,3),(6155,3),(6164,3),(6167,3),(6179,3),(6187,3),(6233,3),(6236,3),(6244,3),(6252,3),(6261,3),(6273,3),(6280,3),(6297,3),(6298,3),(6300,3),(6302,3),(6303,3),(6306,3),(6311,3),(6312,3),(6318,3),(6329,3),(6330,3),(6351,3),(6361,3),(6362,3),(6363,3),(6364,3),(6367,3),(6369,3),(6371,3),(6403,3),(6458,3),(6472,3),(6493,3),(6494,3),(6495,3),(6497,3),(6499,3),(6500,3),(6501,3),(6502,3),(6503,3),(6504,3),(6505,3),(6506,3),(6508,3),(6509,3),(6510,3),(6514,3),(6516,3),(6527,3),(6529,3),(6535,3),(6539,3),(6542,3),(6543,3),(6555,3),(6564,3),(6567,3),(6570,3),(6574,3),(6598,3),(6599,3),(6624,3),(6629,3),(6638,3),(6641,3),(6644,3),(6646,3),(6647,3),(6652,3),(6654,3),(6657,3),(6658,3),(6661,3),(6662,3),(6664,3),(6665,3),(6666,3),(6668,3),(6670,3),(6672,3),(6682,3),(6684,3),(6689,3),(6690,3),(6695,3),(6696,3),(6697,3),(6721,3),(6722,3),(6731,3),(6733,3),(6734,3),(6735,3),(6736,3),(6737,3),(6745,3),(6747,3),(6748,3),(6750,3),(6751,3),(6754,3),(6755,3),(6756,3),(6758,3),(6759,3),(6760,3),(6761,3),(6762,3),(6763,3),(6764,3),(6770,3),(6771,3),(6772,3),(6775,3),(6784,3),(6785,3),(6786,3),(6787,3),(6791,3),(6792,3),(6793,3),(6794,3),(6836,3),(6837,3),(6840,3),(6846,3),(6873,3),(6878,3),(6879,3),(6891,3),(6898,3),(6906,3),(6914,3),(6916,3),(6923,3),(6930,3),(6952,3),(6962,3),(7028,3),(7029,3),(7030,3),(7042,3),(7056,3),(7057,3),(7058,3),(7059,3),(7060,3),(7061,3),(7062,3),(7063,3),(7065,3),(7066,3),(7075,3),(7112,3),(7113,3),(7114,3),(7115,3),(7116,3),(7119,3),(7120,3),(7121,3),(7123,3),(7125,3),(7126,3),(7127,3),(7137,3),(7138,3),(7146,3),(7154,3),(7161,3),(7172,3),(7183,3),(7185,3),(7186,3),(7187,3),(7190,3),(7191,3),(7196,3),(7197,3),(7200,3),(9248,3),(9249,3),(9250,3),(9251,3),(9252,3),(9253,3),(9254,3),(9255,3),(1,212),(2,212),(3,212),(4,212),(5,212),(8,212),(9,212),(10,212),(25,212),(166,212),(191,212),(192,212),(201,212),(420,212),(734,212),(789,212),(792,212),(881,212),(930,212),(932,212),(935,212),(2001,212),(2002,212),(2004,212),(2005,212),(2006,212),(2007,212),(2008,212),(2009,212),(2011,212),(2013,212),(2014,212),(2016,212),(2019,212),(2030,212),(2031,212),(2033,212),(2040,212),(2047,212),(2049,212),(2061,212),(2070,212),(2078,212),(2084,212),(2088,212),(2095,212),(2096,212),(2097,212),(2101,212),(2109,212),(2110,212),(2111,212),(2112,212),(2114,212),(2122,212),(2128,212),(2133,212),(2134,212),(2135,212),(2137,212),(2145,212),(2150,212),(2163,212),(2171,212),(2172,212),(2181,212),(2184,212),(2186,212),(2190,212),(2195,212),(2196,212),(2197,212),(2198,212),(2205,212),(2208,212),(2219,212),(2221,212),(2225,212),(2226,212),(2231,212),(2235,212),(2241,212),(2246,212),(2247,212),(2248,212),(2252,212),(2253,212),(2294,212),(2296,212),(2298,212),(2302,212),(2303,212),(2309,212),(2314,212),(2319,212),(2321,212),(2338,212),(2339,212),(2340,212),(2341,212),(2342,212),(2343,212),(2359,212),(2365,212),(2368,212),(2369,212),(2371,212),(2373,212),(2375,212),(2377,212),(2379,212),(2380,212),(2381,212),(2387,212),(2388,212),(2389,212),(2390,212),(2391,212),(2392,212),(2399,212),(2400,212),(2402,212),(2405,212),(2406,212),(2409,212),(2413,212),(2418,212),(2420,212),(2435,212),(2446,212),(2453,212),(2456,212),(2461,212),(2468,212),(2503,212),(2504,212),(2521,212),(2522,212),(2523,212),(2531,212),(2534,212),(2535,212),(2536,212),(2537,212),(2555,212),(2557,212),(2558,212),(2559,212),(2560,212),(2562,212),(2563,212),(2564,212),(2581,212),(2584,212),(2586,212),(2587,212),(2588,212),(2589,212),(2590,212),(2591,212),(2592,212),(2593,212),(2594,212),(2598,212),(2600,212),(2602,212),(2606,212),(2607,212),(2609,212),(2610,212),(2612,212),(2613,212),(2614,212),(2615,212),(2618,212),(2620,212),(2625,212),(2639,212),(2641,212),(2645,212),(2647,212),(2648,212),(2651,212),(2652,212),(2656,212),(2660,212),(2664,212),(2669,212),(2674,212),(2675,212),(2677,212),(2687,212),(2701,212),(2703,212),(2704,212),(2705,212),(2715,212),(2718,212),(2724,212),(2727,212),(2728,212),(2732,212),(2735,212),(2743,212),(2747,212),(2757,212),(2760,212),(2762,212),(2765,212),(2772,212),(2774,212),(2785,212),(2788,212),(2797,212),(2800,212),(2804,212),(2807,212),(2810,212),(2811,212),(2824,212),(2825,212),(2827,212),(2835,212),(2838,212),(2847,212),(2849,212),(2850,212),(2861,212),(2869,212),(2895,212),(2927,212),(2928,212),(2931,212),(2932,212),(2936,212),(2961,212),(2963,212),(2986,212),(3004,212),(3018,212),(3020,212),(3033,212),(3044,212),(3064,212),(3093,212),(3094,212),(3110,212),(3111,212),(3113,212),(3125,212),(3126,212),(3128,212),(3129,212),(3136,212),(3142,212),(3143,212),(3145,212),(3147,212),(3154,212),(3161,212),(3169,212),(3183,212),(3185,212),(3187,212),(3189,212),(3207,212),(3209,212),(3212,212),(3228,212),(3257,212),(3275,212),(3330,212),(3340,212),(3344,212),(3345,212),(3346,212),(3348,212),(3359,212),(3360,212),(3361,212),(3362,212),(3363,212),(3366,212),(3367,212),(3369,212),(3370,212),(3371,212),(3372,212),(3373,212),(3374,212),(3375,212),(3376,212),(3382,212),(3384,212),(3385,212),(3386,212),(3391,212),(3392,212),(3393,212),(3394,212),(3398,212),(3402,212),(3404,212),(3405,212),(3410,212),(3415,212),(3433,212),(3446,212),(3447,212),(3448,212),(3461,212),(3462,212),(3465,212),(3473,212),(3474,212),(3475,212),(3476,212),(3478,212),(3480,212),(3486,212),(3488,212),(3490,212),(3491,212),(3493,212),(3494,212),(3495,212),(3496,212),(3497,212),(3498,212),(3501,212),(3505,212),(3506,212),(3511,212),(3514,212),(3520,212),(3526,212),(3532,212),(3533,212),(3534,212),(3535,212),(3536,212),(3538,212),(3557,212),(3561,212),(3562,212),(3565,212),(3566,212),(3568,212),(3569,212),(3570,212),(3571,212),(3578,212),(3585,212),(3588,212),(3591,212),(3594,212),(3600,212),(3607,212),(3608,212),(3609,212),(3610,212),(3611,212),(3614,212),(3618,212),(3626,212),(3628,212),(3629,212),(3632,212),(3633,212),(3634,212),(3636,212),(3637,212),(3638,212),(3640,212),(3646,212),(3653,212),(3660,212),(3667,212),(3674,212),(3686,212),(3698,212),(3704,212),(3746,212),(3766,212),(3773,212),(3775,212),(3777,212),(3781,212),(3788,212),(3796,212),(3817,212),(3832,212),(3840,212),(3851,212),(3855,212),(3856,212),(3859,212),(3861,212),(3870,212),(3871,212),(3873,212),(3874,212),(3876,212),(3884,212),(3903,212),(3909,212),(3922,212),(3928,212),(3941,212),(3950,212),(3958,212),(3976,212),(3985,212),(3991,212),(3998,212),(4005,212),(4007,212),(4009,212),(4011,212),(4012,212),(4013,212),(4014,212),(4015,212),(4016,212),(4021,212),(4024,212),(4030,212),(4031,212),(4062,212),(4065,212),(4073,212),(4117,212),(4157,212),(4160,212),(4183,212),(4200,212),(4201,212),(4204,212),(4208,212),(4215,212),(4216,212),(4218,212),(4220,212),(4223,212),(4231,212),(4237,212),(4238,212),(4239,212),(4240,212),(4246,212),(4247,212),(4249,212),(4250,212),(4275,212),(4280,212),(4284,212),(4285,212),(4287,212),(4290,212),(4292,212),(4297,212),(4302,212),(4303,212),(4304,212),(4306,212),(4309,212),(4312,212),(4332,212),(4335,212),(4349,212),(4368,212),(4376,212),(4378,212),(4390,212),(4437,212),(4440,212),(4443,212),(4446,212),(4449,212),(4451,212),(4466,212),(4467,212),(4483,212),(4487,212),(4495,212),(4503,212),(4504,212),(4505,212),(4507,212),(4518,212),(4520,212),(4550,212),(4551,212),(4552,212),(4624,212),(4635,212),(4658,212),(4699,212),(4804,212),(4812,212),(4848,212),(4937,212),(4939,212),(4941,212),(5006,212),(5012,212),(6080,212),(6084,212),(6085,212),(6086,212),(6087,212),(6088,212),(6089,212),(6090,212),(6094,212),(6096,212),(6099,212),(6103,212),(6107,212),(6108,212),(6109,212),(6113,212),(6118,212),(6133,212),(6137,212),(6145,212),(6150,212),(6154,212),(6155,212),(6164,212),(6167,212),(6179,212),(6187,212),(6233,212),(6236,212),(6244,212),(6252,212),(6261,212),(6273,212),(6280,212),(6297,212),(6298,212),(6300,212),(6302,212),(6303,212),(6306,212),(6311,212),(6312,212),(6318,212),(6329,212),(6330,212),(6351,212),(6361,212),(6362,212),(6363,212),(6364,212),(6367,212),(6369,212),(6371,212),(6403,212),(6458,212),(6472,212),(6493,212),(6494,212),(6495,212),(6497,212),(6499,212),(6500,212),(6501,212),(6502,212),(6503,212),(6504,212),(6505,212),(6506,212),(6508,212),(6509,212),(6510,212),(6514,212),(6516,212),(6527,212),(6529,212),(6535,212),(6539,212),(6542,212),(6543,212),(6555,212),(6564,212),(6567,212),(6570,212),(6574,212),(6598,212),(6599,212),(6624,212),(6629,212),(6638,212),(6641,212),(6644,212),(6646,212),(6647,212),(6652,212),(6654,212),(6657,212),(6658,212),(6661,212),(6662,212),(6664,212),(6665,212),(6666,212),(6668,212),(6670,212),(6672,212),(6682,212),(6684,212),(6689,212),(6690,212),(6695,212),(6696,212),(6697,212),(6721,212),(6722,212),(6731,212),(6733,212),(6734,212),(6735,212),(6736,212),(6737,212),(6745,212),(6747,212),(6748,212),(6750,212),(6751,212),(6754,212),(6755,212),(6756,212),(6758,212),(6759,212),(6760,212),(6761,212),(6762,212),(6763,212),(6764,212),(6770,212),(6771,212),(6772,212),(6775,212),(6784,212),(6785,212),(6786,212),(6787,212),(6791,212),(6792,212),(6793,212),(6794,212),(6836,212),(6837,212),(6840,212),(6846,212),(6873,212),(6878,212),(6879,212),(6891,212),(6898,212),(6906,212),(6914,212),(6916,212),(6923,212),(6930,212),(6952,212),(6962,212),(7028,212),(7029,212),(7030,212),(7042,212),(7056,212),(7057,212),(7058,212),(7059,212),(7060,212),(7061,212),(7062,212),(7063,212),(7065,212),(7066,212),(7075,212),(7112,212),(7113,212),(7114,212),(7115,212),(7116,212),(7119,212),(7120,212),(7121,212),(7123,212),(7125,212),(7126,212),(7127,212),(7137,212),(7138,212),(7146,212),(7154,212),(7161,212),(7172,212),(7183,212),(7185,212),(7186,212),(7187,212),(7190,212),(7191,212),(7196,212),(7197,212),(7200,212),(9248,212),(9249,212),(9250,212),(9251,212),(9252,212),(9253,212),(9254,212),(9255,212),(1,220),(2,220),(3,220),(4,220),(5,220),(8,220),(9,220),(10,220),(25,220),(166,220),(191,220),(192,220),(201,220),(420,220),(734,220),(789,220),(792,220),(881,220),(930,220),(932,220),(935,220),(2001,220),(2002,220),(2004,220),(2005,220),(2006,220),(2007,220),(2008,220),(2009,220),(2011,220),(2013,220),(2014,220),(2016,220),(2019,220),(2030,220),(2031,220),(2033,220),(2040,220),(2047,220),(2049,220),(2061,220),(2070,220),(2078,220),(2084,220),(2088,220),(2095,220),(2096,220),(2097,220),(2101,220),(2109,220),(2110,220),(2111,220),(2112,220),(2114,220),(2122,220),(2128,220),(2133,220),(2134,220),(2135,220),(2137,220),(2145,220),(2150,220),(2163,220),(2171,220),(2172,220),(2181,220),(2184,220),(2186,220),(2190,220),(2195,220),(2196,220),(2197,220),(2198,220),(2205,220),(2208,220),(2219,220),(2221,220),(2225,220),(2226,220),(2231,220),(2235,220),(2241,220),(2246,220),(2247,220),(2248,220),(2252,220),(2253,220),(2294,220),(2296,220),(2298,220),(2302,220),(2303,220),(2309,220),(2314,220),(2319,220),(2321,220),(2338,220),(2339,220),(2340,220),(2341,220),(2342,220),(2343,220),(2359,220),(2365,220),(2368,220),(2369,220),(2371,220),(2373,220),(2375,220),(2377,220),(2379,220),(2380,220),(2381,220),(2387,220),(2388,220),(2389,220),(2390,220),(2391,220),(2392,220),(2399,220),(2400,220),(2402,220),(2405,220),(2406,220),(2409,220),(2413,220),(2418,220),(2420,220),(2435,220),(2446,220),(2453,220),(2456,220),(2461,220),(2468,220),(2503,220),(2504,220),(2521,220),(2522,220),(2523,220),(2531,220),(2534,220),(2535,220),(2536,220),(2537,220),(2555,220),(2557,220),(2558,220),(2559,220),(2560,220),(2562,220),(2563,220),(2564,220),(2581,220),(2584,220),(2586,220),(2587,220),(2588,220),(2589,220),(2590,220),(2591,220),(2592,220),(2593,220),(2594,220),(2598,220),(2600,220),(2602,220),(2606,220),(2607,220),(2609,220),(2610,220),(2612,220),(2613,220),(2614,220),(2615,220),(2618,220),(2620,220),(2625,220),(2639,220),(2641,220),(2645,220),(2647,220),(2648,220),(2651,220),(2652,220),(2656,220),(2660,220),(2664,220),(2669,220),(2674,220),(2675,220),(2677,220),(2687,220),(2701,220),(2703,220),(2704,220),(2705,220),(2715,220),(2718,220),(2724,220),(2727,220),(2728,220),(2732,220),(2735,220),(2743,220),(2747,220),(2757,220),(2760,220),(2762,220),(2765,220),(2772,220),(2774,220),(2785,220),(2788,220),(2797,220),(2800,220),(2804,220),(2807,220),(2810,220),(2811,220),(2824,220),(2825,220),(2827,220),(2835,220),(2838,220),(2847,220),(2849,220),(2850,220),(2861,220),(2869,220),(2895,220),(2927,220),(2928,220),(2931,220),(2932,220),(2936,220),(2961,220),(2963,220),(2986,220),(3004,220),(3018,220),(3020,220),(3033,220),(3044,220),(3064,220),(3093,220),(3094,220),(3110,220),(3111,220),(3113,220),(3125,220),(3126,220),(3128,220),(3129,220),(3136,220),(3142,220),(3143,220),(3145,220),(3147,220),(3154,220),(3161,220),(3169,220),(3183,220),(3185,220),(3187,220),(3189,220),(3207,220),(3209,220),(3212,220),(3228,220),(3257,220),(3275,220),(3330,220),(3340,220),(3344,220),(3345,220),(3346,220),(3348,220),(3359,220),(3360,220),(3361,220),(3362,220),(3363,220),(3366,220),(3367,220),(3369,220),(3370,220),(3371,220),(3372,220),(3373,220),(3374,220),(3375,220),(3376,220),(3382,220),(3384,220),(3385,220),(3386,220),(3391,220),(3392,220),(3393,220),(3394,220),(3398,220),(3402,220),(3404,220),(3405,220),(3410,220),(3415,220),(3433,220),(3446,220),(3447,220),(3448,220),(3461,220),(3462,220),(3465,220),(3473,220),(3474,220),(3475,220),(3476,220),(3478,220),(3480,220),(3486,220),(3488,220),(3490,220),(3491,220),(3493,220),(3494,220),(3495,220),(3496,220),(3497,220),(3498,220),(3501,220),(3505,220),(3506,220),(3511,220),(3514,220),(3520,220),(3526,220),(3532,220),(3533,220),(3534,220),(3535,220),(3536,220),(3538,220),(3557,220),(3561,220),(3562,220),(3565,220),(3566,220),(3568,220),(3569,220),(3570,220),(3571,220),(3578,220),(3585,220),(3588,220),(3591,220),(3594,220),(3600,220),(3607,220),(3608,220),(3609,220),(3610,220),(3611,220),(3614,220),(3618,220),(3626,220),(3628,220),(3629,220),(3632,220),(3633,220),(3634,220),(3636,220),(3637,220),(3638,220),(3640,220),(3646,220),(3653,220),(3660,220),(3667,220),(3674,220),(3686,220),(3698,220),(3704,220),(3746,220),(3766,220),(3773,220),(3775,220),(3777,220),(3781,220),(3788,220),(3796,220),(3817,220),(3832,220),(3840,220),(3851,220),(3855,220),(3856,220),(3859,220),(3861,220),(3870,220),(3871,220),(3873,220),(3874,220),(3876,220),(3884,220),(3903,220),(3909,220),(3922,220),(3928,220),(3941,220),(3950,220),(3958,220),(3976,220),(3985,220),(3991,220),(3998,220),(4005,220),(4007,220),(4009,220),(4011,220),(4012,220),(4013,220),(4014,220),(4015,220),(4016,220),(4021,220),(4024,220),(4030,220),(4031,220),(4062,220),(4065,220),(4073,220),(4117,220),(4157,220),(4160,220),(4183,220),(4200,220),(4201,220),(4204,220),(4208,220),(4215,220),(4216,220),(4218,220),(4220,220),(4223,220),(4231,220),(4237,220),(4238,220),(4239,220),(4240,220),(4246,220),(4247,220),(4249,220),(4250,220),(4275,220),(4280,220),(4284,220),(4285,220),(4287,220),(4290,220),(4292,220),(4297,220),(4302,220),(4303,220),(4304,220),(4306,220),(4309,220),(4312,220),(4332,220),(4335,220),(4349,220),(4368,220),(4376,220),(4378,220),(4390,220),(4437,220),(4440,220),(4443,220),(4446,220),(4449,220),(4451,220),(4466,220),(4467,220),(4483,220),(4487,220),(4495,220),(4503,220),(4504,220),(4505,220),(4507,220),(4518,220),(4520,220),(4550,220),(4551,220),(4552,220),(4624,220),(4635,220),(4658,220),(4699,220),(4804,220),(4812,220),(4848,220),(4937,220),(4939,220),(4941,220),(5006,220),(5012,220),(6080,220),(6084,220),(6085,220),(6086,220),(6087,220),(6088,220),(6089,220),(6090,220),(6094,220),(6096,220),(6099,220),(6103,220),(6107,220),(6108,220),(6109,220),(6113,220),(6118,220),(6133,220),(6137,220),(6145,220),(6150,220),(6154,220),(6155,220),(6164,220),(6167,220),(6179,220),(6187,220),(6233,220),(6236,220),(6244,220),(6252,220),(6261,220),(6273,220),(6280,220),(6297,220),(6298,220),(6300,220),(6302,220),(6303,220),(6306,220),(6311,220),(6312,220),(6318,220),(6329,220),(6330,220),(6351,220),(6361,220),(6362,220),(6363,220),(6364,220),(6367,220),(6369,220),(6371,220),(6403,220),(6458,220),(6472,220),(6493,220),(6494,220),(6495,220),(6497,220),(6499,220),(6500,220),(6501,220),(6502,220),(6503,220),(6504,220),(6505,220),(6506,220),(6508,220),(6509,220),(6510,220),(6514,220),(6516,220),(6527,220),(6529,220),(6535,220),(6539,220),(6542,220),(6543,220),(6555,220),(6564,220),(6567,220),(6570,220),(6574,220),(6598,220),(6599,220),(6624,220),(6629,220),(6638,220),(6641,220),(6644,220),(6646,220),(6647,220),(6652,220),(6654,220),(6657,220),(6658,220),(6661,220),(6662,220),(6664,220),(6665,220),(6666,220),(6668,220),(6670,220),(6672,220),(6682,220),(6684,220),(6689,220),(6690,220),(6695,220),(6696,220),(6697,220),(6721,220),(6722,220),(6731,220),(6733,220),(6734,220),(6735,220),(6736,220),(6737,220),(6745,220),(6747,220),(6748,220),(6750,220),(6751,220),(6754,220),(6755,220),(6756,220),(6758,220),(6759,220),(6760,220),(6761,220),(6762,220),(6763,220),(6764,220),(6770,220),(6771,220),(6772,220),(6775,220),(6784,220),(6785,220),(6786,220),(6787,220),(6791,220),(6792,220),(6793,220),(6794,220),(6836,220),(6837,220),(6840,220),(6846,220),(6873,220),(6878,220),(6879,220),(6891,220),(6898,220),(6906,220),(6914,220),(6916,220),(6923,220),(6930,220),(6952,220),(6962,220),(7028,220),(7029,220),(7030,220),(7042,220),(7056,220),(7057,220),(7058,220),(7059,220),(7060,220),(7061,220),(7062,220),(7063,220),(7065,220),(7066,220),(7075,220),(7112,220),(7113,220),(7114,220),(7115,220),(7116,220),(7119,220),(7120,220),(7121,220),(7123,220),(7125,220),(7126,220),(7127,220),(7137,220),(7138,220),(7146,220),(7154,220),(7161,220),(7172,220),(7183,220),(7185,220),(7186,220),(7187,220),(7190,220),(7191,220),(7196,220),(7197,220),(7200,220),(9248,220),(9249,220),(9250,220),(9251,220),(9252,220),(9253,220),(9254,220),(9255,220),(1,270),(2,270),(3,270),(4,270),(5,270),(8,270),(9,270),(10,270),(25,270),(166,270),(191,270),(192,270),(201,270),(420,270),(734,270),(789,270),(792,270),(881,270),(930,270),(932,270),(935,270),(2001,270),(2002,270),(2004,270),(2005,270),(2006,270),(2007,270),(2008,270),(2009,270),(2011,270),(2013,270),(2014,270),(2016,270),(2019,270),(2030,270),(2031,270),(2033,270),(2040,270),(2047,270),(2049,270),(2061,270),(2070,270),(2078,270),(2084,270),(2088,270),(2095,270),(2096,270),(2097,270),(2101,270),(2109,270),(2110,270),(2111,270),(2112,270),(2114,270),(2122,270),(2128,270),(2133,270),(2134,270),(2135,270),(2137,270),(2145,270),(2150,270),(2163,270),(2171,270),(2172,270),(2181,270),(2184,270),(2186,270),(2190,270),(2195,270),(2196,270),(2197,270),(2198,270),(2205,270),(2208,270),(2219,270),(2221,270),(2225,270),(2226,270),(2231,270),(2235,270),(2241,270),(2246,270),(2247,270),(2248,270),(2252,270),(2253,270),(2294,270),(2296,270),(2298,270),(2302,270),(2303,270),(2309,270),(2314,270),(2319,270),(2321,270),(2338,270),(2339,270),(2340,270),(2341,270),(2342,270),(2343,270),(2359,270),(2365,270),(2368,270),(2369,270),(2371,270),(2373,270),(2375,270),(2377,270),(2379,270),(2380,270),(2381,270),(2387,270),(2388,270),(2389,270),(2390,270),(2391,270),(2392,270),(2399,270),(2400,270),(2402,270),(2405,270),(2406,270),(2409,270),(2413,270),(2418,270),(2420,270),(2435,270),(2446,270),(2453,270),(2456,270),(2461,270),(2468,270),(2503,270),(2504,270),(2521,270),(2522,270),(2523,270),(2531,270),(2534,270),(2535,270),(2536,270),(2537,270),(2555,270),(2557,270),(2558,270),(2559,270),(2560,270),(2562,270),(2563,270),(2564,270),(2581,270),(2584,270),(2586,270),(2587,270),(2588,270),(2589,270),(2590,270),(2591,270),(2592,270),(2593,270),(2594,270),(2598,270),(2600,270),(2602,270),(2606,270),(2607,270),(2609,270),(2610,270),(2612,270),(2613,270),(2614,270),(2615,270),(2618,270),(2620,270),(2625,270),(2639,270),(2641,270),(2645,270),(2647,270),(2648,270),(2651,270),(2652,270),(2656,270),(2660,270),(2664,270),(2669,270),(2674,270),(2675,270),(2677,270),(2687,270),(2701,270),(2703,270),(2704,270),(2705,270),(2715,270),(2718,270),(2724,270),(2727,270),(2728,270),(2732,270),(2735,270),(2743,270),(2747,270),(2757,270),(2760,270),(2762,270),(2765,270),(2772,270),(2774,270),(2785,270),(2788,270),(2797,270),(2800,270),(2804,270),(2807,270),(2810,270),(2811,270),(2824,270),(2825,270),(2827,270),(2835,270),(2838,270),(2847,270),(2849,270),(2850,270),(2861,270),(2869,270),(2895,270),(2927,270),(2928,270),(2931,270),(2932,270),(2936,270),(2961,270),(2963,270),(2986,270),(3004,270),(3018,270),(3020,270),(3033,270),(3044,270),(3064,270),(3093,270),(3094,270),(3110,270),(3111,270),(3113,270),(3125,270),(3126,270),(3128,270),(3129,270),(3136,270),(3142,270),(3143,270),(3145,270),(3147,270),(3154,270),(3161,270),(3169,270),(3183,270),(3185,270),(3187,270),(3189,270),(3207,270),(3209,270),(3212,270),(3228,270),(3257,270),(3275,270),(3330,270),(3340,270),(3344,270),(3345,270),(3346,270),(3348,270),(3359,270),(3360,270),(3361,270),(3362,270),(3363,270),(3366,270),(3367,270),(3369,270),(3370,270),(3371,270),(3372,270),(3373,270),(3374,270),(3375,270),(3376,270),(3382,270),(3384,270),(3385,270),(3386,270),(3391,270),(3392,270),(3393,270),(3394,270),(3398,270),(3402,270),(3404,270),(3405,270),(3410,270),(3415,270),(3433,270),(3446,270),(3447,270),(3448,270),(3461,270),(3462,270),(3465,270),(3473,270),(3474,270),(3475,270),(3476,270),(3478,270),(3480,270),(3486,270),(3488,270),(3490,270),(3491,270),(3493,270),(3494,270),(3495,270),(3496,270),(3497,270),(3498,270),(3501,270),(3505,270),(3506,270),(3511,270),(3514,270),(3520,270),(3526,270),(3532,270),(3533,270),(3534,270),(3535,270),(3536,270),(3538,270),(3557,270),(3561,270),(3562,270),(3565,270),(3566,270),(3568,270),(3569,270),(3570,270),(3571,270),(3578,270),(3585,270),(3588,270),(3591,270),(3594,270),(3600,270),(3607,270),(3608,270),(3609,270),(3610,270),(3611,270),(3614,270),(3618,270),(3626,270),(3628,270),(3629,270),(3632,270),(3633,270),(3634,270),(3636,270),(3637,270),(3638,270),(3640,270),(3646,270),(3653,270),(3660,270),(3667,270),(3674,270),(3686,270),(3698,270),(3704,270),(3746,270),(3766,270),(3773,270),(3775,270),(3777,270),(3781,270),(3788,270),(3796,270),(3817,270),(3832,270),(3840,270),(3851,270),(3855,270),(3856,270),(3859,270),(3861,270),(3870,270),(3871,270),(3873,270),(3874,270),(3876,270),(3884,270),(3903,270),(3909,270),(3922,270),(3928,270),(3941,270),(3950,270),(3958,270),(3976,270),(3985,270),(3991,270),(3998,270),(4005,270),(4007,270),(4009,270),(4011,270),(4012,270),(4013,270),(4014,270),(4015,270),(4016,270),(4021,270),(4024,270),(4030,270),(4031,270),(4062,270),(4065,270),(4073,270),(4117,270),(4157,270),(4160,270),(4183,270),(4200,270),(4201,270),(4204,270),(4208,270),(4215,270),(4216,270),(4218,270),(4220,270),(4223,270),(4231,270),(4237,270),(4238,270),(4239,270),(4240,270),(4246,270),(4247,270),(4249,270),(4250,270),(4275,270),(4280,270),(4284,270),(4285,270),(4287,270),(4290,270),(4292,270),(4297,270),(4302,270),(4303,270),(4304,270),(4306,270),(4309,270),(4312,270),(4332,270),(4335,270),(4349,270),(4368,270),(4376,270),(4378,270),(4390,270),(4437,270),(4440,270),(4443,270),(4446,270),(4449,270),(4451,270),(4466,270),(4467,270),(4483,270),(4487,270),(4495,270),(4503,270),(4504,270),(4505,270),(4507,270),(4518,270),(4520,270),(4550,270),(4551,270),(4552,270),(4624,270),(4635,270),(4658,270),(4699,270),(4804,270),(4812,270),(4848,270),(4937,270),(4939,270),(4941,270),(5006,270),(5012,270),(6080,270),(6084,270),(6085,270),(6086,270),(6087,270),(6088,270),(6089,270),(6090,270),(6094,270),(6096,270),(6099,270),(6103,270),(6107,270),(6108,270),(6109,270),(6113,270),(6118,270),(6133,270),(6137,270),(6145,270),(6150,270),(6154,270),(6155,270),(6164,270),(6167,270),(6179,270),(6187,270),(6233,270),(6236,270),(6244,270),(6252,270),(6261,270),(6273,270),(6280,270),(6297,270),(6298,270),(6300,270),(6302,270),(6303,270),(6306,270),(6311,270),(6312,270),(6318,270),(6329,270),(6330,270),(6351,270),(6361,270),(6362,270),(6363,270),(6364,270),(6367,270),(6369,270),(6371,270),(6403,270),(6458,270),(6472,270),(6493,270),(6494,270),(6495,270),(6497,270),(6499,270),(6500,270),(6501,270),(6502,270),(6503,270),(6504,270),(6505,270),(6506,270),(6508,270),(6509,270),(6510,270),(6514,270),(6516,270),(6527,270),(6529,270),(6535,270),(6539,270),(6542,270),(6543,270),(6555,270),(6564,270),(6567,270),(6570,270),(6574,270),(6598,270),(6599,270),(6624,270),(6629,270),(6638,270),(6641,270),(6644,270),(6646,270),(6647,270),(6652,270),(6654,270),(6657,270),(6658,270),(6661,270),(6662,270),(6664,270),(6665,270),(6666,270),(6668,270),(6670,270),(6672,270),(6682,270),(6684,270),(6689,270),(6690,270),(6695,270),(6696,270),(6697,270),(6721,270),(6722,270),(6731,270),(6733,270),(6734,270),(6735,270),(6736,270),(6737,270),(6745,270),(6747,270),(6748,270),(6750,270),(6751,270),(6754,270),(6755,270),(6756,270),(6758,270),(6759,270),(6760,270),(6761,270),(6762,270),(6763,270),(6764,270),(6770,270),(6771,270),(6772,270),(6775,270),(6784,270),(6785,270),(6786,270),(6787,270),(6791,270),(6792,270),(6793,270),(6794,270),(6836,270),(6837,270),(6840,270),(6846,270),(6873,270),(6878,270),(6879,270),(6891,270),(6898,270),(6906,270),(6914,270),(6916,270),(6923,270),(6930,270),(6952,270),(6962,270),(7028,270),(7029,270),(7030,270),(7042,270),(7056,270),(7057,270),(7058,270),(7059,270),(7060,270),(7061,270),(7062,270),(7063,270),(7065,270),(7066,270),(7075,270),(7112,270),(7113,270),(7114,270),(7115,270),(7116,270),(7119,270),(7120,270),(7121,270),(7123,270),(7125,270),(7126,270),(7127,270),(7137,270),(7138,270),(7146,270),(7154,270),(7161,270),(7172,270),(7183,270),(7185,270),(7186,270),(7187,270),(7190,270),(7191,270),(7196,270),(7197,270),(7200,270),(9248,270),(9249,270),(9250,270),(9251,270),(9252,270),(9253,270),(9254,270),(9255,270),(1,271),(2,271),(3,271),(4,271),(5,271),(8,271),(9,271),(10,271),(25,271),(166,271),(191,271),(192,271),(201,271),(420,271),(734,271),(789,271),(792,271),(881,271),(930,271),(932,271),(935,271),(2001,271),(2002,271),(2004,271),(2005,271),(2006,271),(2007,271),(2008,271),(2009,271),(2011,271),(2013,271),(2014,271),(2016,271),(2019,271),(2030,271),(2031,271),(2033,271),(2040,271),(2047,271),(2049,271),(2061,271),(2070,271),(2078,271),(2084,271),(2088,271),(2095,271),(2096,271),(2097,271),(2101,271),(2109,271),(2110,271),(2111,271),(2112,271),(2114,271),(2122,271),(2128,271),(2133,271),(2134,271),(2135,271),(2137,271),(2145,271),(2150,271),(2163,271),(2171,271),(2172,271),(2181,271),(2184,271),(2186,271),(2190,271),(2195,271),(2196,271),(2197,271),(2198,271),(2205,271),(2208,271),(2219,271),(2221,271),(2225,271),(2226,271),(2231,271),(2235,271),(2241,271),(2246,271),(2247,271),(2248,271),(2252,271),(2253,271),(2294,271),(2296,271),(2298,271),(2302,271),(2303,271),(2309,271),(2314,271),(2319,271),(2321,271),(2338,271),(2339,271),(2340,271),(2341,271),(2342,271),(2343,271),(2359,271),(2365,271),(2368,271),(2369,271),(2371,271),(2373,271),(2375,271),(2377,271),(2379,271),(2380,271),(2381,271),(2387,271),(2388,271),(2389,271),(2390,271),(2391,271),(2392,271),(2399,271),(2400,271),(2402,271),(2405,271),(2406,271),(2409,271),(2413,271),(2418,271),(2420,271),(2435,271),(2446,271),(2453,271),(2456,271),(2461,271),(2468,271),(2503,271),(2504,271),(2521,271),(2522,271),(2523,271),(2531,271),(2534,271),(2535,271),(2536,271),(2537,271),(2555,271),(2557,271),(2558,271),(2559,271),(2560,271),(2562,271),(2563,271),(2564,271),(2581,271),(2584,271),(2586,271),(2587,271),(2588,271),(2589,271),(2590,271),(2591,271),(2592,271),(2593,271),(2594,271),(2598,271),(2600,271),(2602,271),(2606,271),(2607,271),(2609,271),(2610,271),(2612,271),(2613,271),(2614,271),(2615,271),(2618,271),(2620,271),(2625,271),(2639,271),(2641,271),(2645,271),(2647,271),(2648,271),(2651,271),(2652,271),(2656,271),(2660,271),(2664,271),(2669,271),(2674,271),(2675,271),(2677,271),(2687,271),(2701,271),(2703,271),(2704,271),(2705,271),(2715,271),(2718,271),(2724,271),(2727,271),(2728,271),(2732,271),(2735,271),(2743,271),(2747,271),(2757,271),(2760,271),(2762,271),(2765,271),(2772,271),(2774,271),(2785,271),(2788,271),(2797,271),(2800,271),(2804,271),(2807,271),(2810,271),(2811,271),(2824,271),(2825,271),(2827,271),(2835,271),(2838,271),(2847,271),(2849,271),(2850,271),(2861,271),(2869,271),(2895,271),(2927,271),(2928,271),(2931,271),(2932,271),(2936,271),(2961,271),(2963,271),(2986,271),(3004,271),(3018,271),(3020,271),(3033,271),(3044,271),(3064,271),(3093,271),(3094,271),(3110,271),(3111,271),(3113,271),(3125,271),(3126,271),(3128,271),(3129,271),(3136,271),(3142,271),(3143,271),(3145,271),(3147,271),(3154,271),(3161,271),(3169,271),(3183,271),(3185,271),(3187,271),(3189,271),(3207,271),(3209,271),(3212,271),(3228,271),(3257,271),(3275,271),(3330,271),(3340,271),(3344,271),(3345,271),(3346,271),(3348,271),(3359,271),(3360,271),(3361,271),(3362,271),(3363,271),(3366,271),(3367,271),(3369,271),(3370,271),(3371,271),(3372,271),(3373,271),(3374,271),(3375,271),(3376,271),(3382,271),(3384,271),(3385,271),(3386,271),(3391,271),(3392,271),(3393,271),(3394,271),(3398,271),(3402,271),(3404,271),(3405,271),(3410,271),(3415,271),(3433,271),(3446,271),(3447,271),(3448,271),(3461,271),(3462,271),(3465,271),(3473,271),(3474,271),(3475,271),(3476,271),(3478,271),(3480,271),(3486,271),(3488,271),(3490,271),(3491,271),(3493,271),(3494,271),(3495,271),(3496,271),(3497,271),(3498,271),(3501,271),(3505,271),(3506,271),(3511,271),(3514,271),(3520,271),(3526,271),(3532,271),(3533,271),(3534,271),(3535,271),(3536,271),(3538,271),(3557,271),(3561,271),(3562,271),(3565,271),(3566,271),(3568,271),(3569,271),(3570,271),(3571,271),(3578,271),(3585,271),(3588,271),(3591,271),(3594,271),(3600,271),(3607,271),(3608,271),(3609,271),(3610,271),(3611,271),(3614,271),(3618,271),(3626,271),(3628,271),(3629,271),(3632,271),(3633,271),(3634,271),(3636,271),(3637,271),(3638,271),(3640,271),(3646,271),(3653,271),(3660,271),(3667,271),(3674,271),(3686,271),(3698,271),(3704,271),(3746,271),(3766,271),(3773,271),(3775,271),(3777,271),(3781,271),(3788,271),(3796,271),(3817,271),(3832,271),(3840,271),(3851,271),(3855,271),(3856,271),(3859,271),(3861,271),(3870,271),(3871,271),(3873,271),(3874,271),(3876,271),(3884,271),(3903,271),(3909,271),(3922,271),(3928,271),(3941,271),(3950,271),(3958,271),(3976,271),(3985,271),(3991,271),(3998,271),(4005,271),(4007,271),(4009,271),(4011,271),(4012,271),(4013,271),(4014,271),(4015,271),(4016,271),(4021,271),(4024,271),(4030,271),(4031,271),(4062,271),(4065,271),(4073,271),(4117,271),(4157,271),(4160,271),(4183,271),(4200,271),(4201,271),(4204,271),(4208,271),(4215,271),(4216,271),(4218,271),(4220,271),(4223,271),(4231,271),(4237,271),(4238,271),(4239,271),(4240,271),(4246,271),(4247,271),(4249,271),(4250,271),(4275,271),(4280,271),(4284,271),(4285,271),(4287,271),(4290,271),(4292,271),(4297,271),(4302,271),(4303,271),(4304,271),(4306,271),(4309,271),(4312,271),(4332,271),(4335,271),(4349,271),(4368,271),(4376,271),(4378,271),(4390,271),(4437,271),(4440,271),(4443,271),(4446,271),(4449,271),(4451,271),(4466,271),(4467,271),(4483,271),(4487,271),(4495,271),(4503,271),(4504,271),(4505,271),(4507,271),(4518,271),(4520,271),(4550,271),(4551,271),(4552,271),(4624,271),(4635,271),(4658,271),(4699,271),(4804,271),(4812,271),(4848,271),(4937,271),(4939,271),(4941,271),(5006,271),(5012,271),(6080,271),(6084,271),(6085,271),(6086,271),(6087,271),(6088,271),(6089,271),(6090,271),(6094,271),(6096,271),(6099,271),(6103,271),(6107,271),(6108,271),(6109,271),(6113,271),(6118,271),(6133,271),(6137,271),(6145,271),(6150,271),(6154,271),(6155,271),(6164,271),(6167,271),(6179,271),(6187,271),(6233,271),(6236,271),(6244,271),(6252,271),(6261,271),(6273,271),(6280,271),(6297,271),(6298,271),(6300,271),(6302,271),(6303,271),(6306,271),(6311,271),(6312,271),(6318,271),(6329,271),(6330,271),(6351,271),(6361,271),(6362,271),(6363,271),(6364,271),(6367,271),(6369,271),(6371,271),(6403,271),(6458,271),(6472,271),(6493,271),(6494,271),(6495,271),(6497,271),(6499,271),(6500,271),(6501,271),(6502,271),(6503,271),(6504,271),(6505,271),(6506,271),(6508,271),(6509,271),(6510,271),(6514,271),(6516,271),(6527,271),(6529,271),(6535,271),(6539,271),(6542,271),(6543,271),(6555,271),(6564,271),(6567,271),(6570,271),(6574,271),(6598,271),(6599,271),(6624,271),(6629,271),(6638,271),(6641,271),(6644,271),(6646,271),(6647,271),(6652,271),(6654,271),(6657,271),(6658,271),(6661,271),(6662,271),(6664,271),(6665,271),(6666,271),(6668,271),(6670,271),(6672,271),(6682,271),(6684,271),(6689,271),(6690,271),(6695,271),(6696,271),(6697,271),(6721,271),(6722,271),(6731,271),(6733,271),(6734,271),(6735,271),(6736,271),(6737,271),(6745,271),(6747,271),(6748,271),(6750,271),(6751,271),(6754,271),(6755,271),(6756,271),(6758,271),(6759,271),(6760,271),(6761,271),(6762,271),(6763,271),(6764,271),(6770,271),(6771,271),(6772,271),(6775,271),(6784,271),(6785,271),(6786,271),(6787,271),(6791,271),(6792,271),(6793,271),(6794,271),(6836,271),(6837,271),(6840,271),(6846,271),(6873,271),(6878,271),(6879,271),(6891,271),(6898,271),(6906,271),(6914,271),(6916,271),(6923,271),(6930,271),(6952,271),(6962,271),(7028,271),(7029,271),(7030,271),(7042,271),(7056,271),(7057,271),(7058,271),(7059,271),(7060,271),(7061,271),(7062,271),(7063,271),(7065,271),(7066,271),(7075,271),(7112,271),(7113,271),(7114,271),(7115,271),(7116,271),(7119,271),(7120,271),(7121,271),(7123,271),(7125,271),(7126,271),(7127,271),(7137,271),(7138,271),(7146,271),(7154,271),(7161,271),(7172,271),(7183,271),(7185,271),(7186,271),(7187,271),(7190,271),(7191,271),(7196,271),(7197,271),(7200,271),(9248,271),(9249,271),(9250,271),(9251,271),(9252,271),(9253,271),(9254,271),(9255,271);
/*!40000 ALTER TABLE `Naf_Produit` ENABLE KEYS */;
UNLOCK TABLES;

--
-- Table structure for table `PackGaranties`
--

DROP TABLE IF EXISTS `PackGaranties`;
/*!40101 SET @saved_cs_client     = @@character_set_client */;
/*!40101 SET character_set_client = utf8 */;
CREATE TABLE `PackGaranties` (
  `id` int(11) NOT NULL AUTO_INCREMENT,
  `ageMax` int(11) DEFAULT NULL,
  `ageMin` int(11) DEFAULT NULL,
  `numeroOrdre` int(11) NOT NULL,
  PRIMARY KEY (`id`)
) ENGINE=InnoDB AUTO_INCREMENT=9 DEFAULT CHARSET=utf8;
/*!40101 SET character_set_client = @saved_cs_client */;

--
-- Dumping data for table `PackGaranties`
--

LOCK TABLES `PackGaranties` WRITE;
/*!40000 ALTER TABLE `PackGaranties` DISABLE KEYS */;
INSERT INTO `PackGaranties` (`id`, `ageMax`, `ageMin`, `numeroOrdre`) VALUES (1,35,0,0),(2,35,0,1),(3,45,36,0),(4,45,36,1),(5,51,46,0),(6,51,46,1),(7,150,52,0),(8,150,52,1);
/*!40000 ALTER TABLE `PackGaranties` ENABLE KEYS */;
UNLOCK TABLES;

--
-- Table structure for table `Parametre`
--

DROP TABLE IF EXISTS `Parametre`;
/*!40101 SET @saved_cs_client     = @@character_set_client */;
/*!40101 SET character_set_client = utf8 */;
CREATE TABLE `Parametre` (
  `nom` varchar(255) NOT NULL DEFAULT '',
  `value` varchar(250) NOT NULL DEFAULT '',
  PRIMARY KEY (`nom`)
) ENGINE=InnoDB DEFAULT CHARSET=utf8;
/*!40101 SET character_set_client = @saved_cs_client */;

--
-- Dumping data for table `Parametre`
--

LOCK TABLES `Parametre` WRITE;
/*!40000 ALTER TABLE `Parametre` DISABLE KEYS */;
INSERT INTO `Parametre` (`nom`, `value`) VALUES ('VERSION_CODES_NAF','5'),('VERSION_COLLECTIF','4.60'),('VERSION_PARAMCOLLECTIF','57');
/*!40000 ALTER TABLE `Parametre` ENABLE KEYS */;
UNLOCK TABLES;

--
-- Table structure for table `Params_Booleen`
--

DROP TABLE IF EXISTS `Params_Booleen`;
/*!40101 SET @saved_cs_client     = @@character_set_client */;
/*!40101 SET character_set_client = utf8 */;
CREATE TABLE `Params_Booleen` (
  `id` int(11) NOT NULL AUTO_INCREMENT,
  `champ_garantie` varchar(50) NOT NULL,
  `flag` tinyint(1) NOT NULL,
  PRIMARY KEY (`id`)
) ENGINE=MyISAM AUTO_INCREMENT=7 DEFAULT CHARSET=utf8;
/*!40101 SET character_set_client = @saved_cs_client */;

--
-- Dumping data for table `Params_Booleen`
--

LOCK TABLES `Params_Booleen` WRITE;
/*!40000 ALTER TABLE `Params_Booleen` DISABLE KEYS */;
INSERT INTO `Params_Booleen` (`id`, `champ_garantie`, `flag`) VALUES (1,'RC_RENTE_ORPHELIN',0),(2,'RC_CAPITAL_SUBSITUTIF_DC8',0),(3,'RC_FORMULE_CHOISIE',0),(4,'RE_PROGRESSIVE_PALIER_AGE3',1),(5,'RE_PROGRESSIVE_SELECTIONNEE',1),(6,'RE_ORPHELIN_SELECTIONNE',0);
/*!40000 ALTER TABLE `Params_Booleen` ENABLE KEYS */;
UNLOCK TABLES;

--
-- Table structure for table `Params_Decimal`
--

DROP TABLE IF EXISTS `Params_Decimal`;
/*!40101 SET @saved_cs_client     = @@character_set_client */;
/*!40101 SET character_set_client = utf8 */;
CREATE TABLE `Params_Decimal` (
  `id` int(11) NOT NULL AUTO_INCREMENT,
  `champ_garantie` varchar(50) NOT NULL DEFAULT '0',
  `valeur` decimal(10,5) NOT NULL DEFAULT '0.00000',
  PRIMARY KEY (`id`)
) ENGINE=MyISAM AUTO_INCREMENT=3 DEFAULT CHARSET=utf8;
/*!40101 SET character_set_client = @saved_cs_client */;

--
-- Dumping data for table `Params_Decimal`
--

LOCK TABLES `Params_Decimal` WRITE;
/*!40000 ALTER TABLE `Params_Decimal` DISABLE KEYS */;
INSERT INTO `Params_Decimal` (`id`, `champ_garantie`, `valeur`) VALUES (1,'RC_RENTE_ORPHELIN',0.10000),(2,'RC_CAPITAL_SUBSITUTIF_DC8',0.75000);
/*!40000 ALTER TABLE `Params_Decimal` ENABLE KEYS */;
UNLOCK TABLES;

--
-- Table structure for table `Params_Entier`
--

DROP TABLE IF EXISTS `Params_Entier`;
/*!40101 SET @saved_cs_client     = @@character_set_client */;
/*!40101 SET character_set_client = utf8 */;
CREATE TABLE `Params_Entier` (
  `id` int(11) NOT NULL AUTO_INCREMENT,
  `champ_garantie` varchar(50) NOT NULL DEFAULT '0',
  `valeur` int(11) NOT NULL DEFAULT '0',
  PRIMARY KEY (`id`)
) ENGINE=MyISAM AUTO_INCREMENT=8 DEFAULT CHARSET=utf8;
/*!40101 SET character_set_client = @saved_cs_client */;

--
-- Dumping data for table `Params_Entier`
--

LOCK TABLES `Params_Entier` WRITE;
/*!40000 ALTER TABLE `Params_Entier` DISABLE KEYS */;
INSERT INTO `Params_Entier` (`id`, `champ_garantie`, `valeur`) VALUES (1,'RE_PROGRESSIVE_PALIER_AGE3',27),(2,'RC_AGE_TERME_FORMULE_TEMPORAIRE',55),(3,'RC_AGE_REFERENCE_LINEAIRE',0),(4,'RE_LINEAIRE_AGE_MIN',0),(5,'RE_LINEAIRE_AGE_MAX',27),(6,'RC_AGE_REFERENCE_FORMULE_VIAGERE',65),(7,'RC_AGE_REFERENCE_FORMULE_TEMPORAIRE',25);
/*!40000 ALTER TABLE `Params_Entier` ENABLE KEYS */;
UNLOCK TABLES;

--
-- Table structure for table `Params_Liste_Decimal`
--

DROP TABLE IF EXISTS `Params_Liste_Decimal`;
/*!40101 SET @saved_cs_client     = @@character_set_client */;
/*!40101 SET character_set_client = utf8 */;
CREATE TABLE `Params_Liste_Decimal` (
  `id` int(11) NOT NULL AUTO_INCREMENT,
  `champ_garantie` varchar(50) NOT NULL,
  `valeur_min` decimal(10,5) NOT NULL,
  `valeur_max` decimal(10,5) NOT NULL,
  `pas` decimal(10,5) NOT NULL,
  PRIMARY KEY (`id`)
) ENGINE=MyISAM AUTO_INCREMENT=15 DEFAULT CHARSET=utf8;
/*!40101 SET character_set_client = @saved_cs_client */;

--
-- Dumping data for table `Params_Liste_Decimal`
--

LOCK TABLES `Params_Liste_Decimal` WRITE;
/*!40000 ALTER TABLE `Params_Liste_Decimal` DISABLE KEYS */;
INSERT INTO `Params_Liste_Decimal` (`id`, `champ_garantie`, `valeur_min`, `valeur_max`, `pas`) VALUES (1,'RC_TAUX_VIAGERE_FORMULE',0.00100,0.02000,0.00100),(2,'RC_TAUX_TEMPORAIRE_FORMULE',0.00050,0.01000,0.00050),(3,'RC_TAUX_VIAGERE_LINEAIRE',0.01000,0.05000,0.00500),(4,'RC_TAUX_TEMPORAIRE_LINEAIRE',0.01000,0.25000,0.01000),(5,'DCIAD_TAUX_CVD',0.75000,5.00000,0.01000),(6,'DCIAD_TAUX_MCP',0.75000,5.00000,0.01000),(7,'DCIAD_TAUX_MAJORATION_EAC',0.00000,1.00000,0.01000),(8,'RE_PROGRESSIVE_PALIER_TAUX',0.02000,0.20000,0.01000),(9,'RE_TAUX_LINEAIRE',0.02000,0.20000,0.01000),(10,'IJC_TAUX_POSSIBILITE',0.70000,1.00000,0.01000),(11,'IJNC_TAUX_POSSIBILITE',0.70000,0.90000,0.01000),(12,'RC_TAUX_ALLOCATION_ORPHELIN',0.10000,1.00000,0.10000),(13,'RC_TAUX_CAPITAL_SUBSTITUTIF',0.10000,4.00000,0.10000),(14,'RE_TAUX_RENTE_ORPHELIN',0.10000,1.00000,0.10000);
/*!40000 ALTER TABLE `Params_Liste_Decimal` ENABLE KEYS */;
UNLOCK TABLES;

--
-- Table structure for table `Params_Liste_Entier`
--

DROP TABLE IF EXISTS `Params_Liste_Entier`;
/*!40101 SET @saved_cs_client     = @@character_set_client */;
/*!40101 SET character_set_client = utf8 */;
CREATE TABLE `Params_Liste_Entier` (
  `id` int(11) NOT NULL AUTO_INCREMENT,
  `champ_garantie` varchar(50) NOT NULL DEFAULT '0',
  `valeur_min` int(11) NOT NULL DEFAULT '0',
  `valeur_max` int(11) NOT NULL DEFAULT '0',
  `pas` int(11) NOT NULL DEFAULT '0',
  PRIMARY KEY (`id`)
) ENGINE=MyISAM AUTO_INCREMENT=3 DEFAULT CHARSET=utf8;
/*!40101 SET character_set_client = @saved_cs_client */;

--
-- Dumping data for table `Params_Liste_Entier`
--

LOCK TABLES `Params_Liste_Entier` WRITE;
/*!40000 ALTER TABLE `Params_Liste_Entier` DISABLE KEYS */;
INSERT INTO `Params_Liste_Entier` (`id`, `champ_garantie`, `valeur_min`, `valeur_max`, `pas`) VALUES (1,'RE_PROGRESSIVE_PALIER_AGE1',5,18,1),(2,'RE_PROGRESSIVE_PALIER_AGE2',6,26,1);
/*!40000 ALTER TABLE `Params_Liste_Entier` ENABLE KEYS */;
UNLOCK TABLES;

--
-- Table structure for table `Params_Texte`
--

DROP TABLE IF EXISTS `Params_Texte`;
/*!40101 SET @saved_cs_client     = @@character_set_client */;
/*!40101 SET character_set_client = utf8 */;
CREATE TABLE `Params_Texte` (
  `id` int(11) NOT NULL AUTO_INCREMENT,
  `champ_garantie` varchar(50) NOT NULL DEFAULT '0',
  `texte` varchar(250) NOT NULL DEFAULT '0',
  PRIMARY KEY (`id`)
) ENGINE=MyISAM AUTO_INCREMENT=4 DEFAULT CHARSET=utf8;
/*!40101 SET character_set_client = @saved_cs_client */;

--
-- Dumping data for table `Params_Texte`
--

LOCK TABLES `Params_Texte` WRITE;
/*!40000 ALTER TABLE `Params_Texte` DISABLE KEYS */;
INSERT INTO `Params_Texte` (`id`, `champ_garantie`, `texte`) VALUES (1,'DCIAD150_TAUX_PRESTATION','1, 1.25, 2.25, 3, 3.25, 3.75, 4'),(2,'DCIAD150_TAUX_MAJORATION_EAC','0.25, 0.5'),(3,'IJ_POSSIBILITE_FRANCHISE','15, 30, 45, 60, 75, 90, 105, 120, 135, 150, 165, 180');
/*!40000 ALTER TABLE `Params_Texte` ENABLE KEYS */;
UNLOCK TABLES;

--
-- Table structure for table `PatchDocument`
--

DROP TABLE IF EXISTS `PatchDocument`;
/*!40101 SET @saved_cs_client     = @@character_set_client */;
/*!40101 SET character_set_client = utf8 */;
CREATE TABLE `PatchDocument` (
  `numeroPatch` int(11) NOT NULL DEFAULT '0',
  `chemin` varchar(255) NOT NULL DEFAULT '',
  PRIMARY KEY (`numeroPatch`)
) ENGINE=InnoDB DEFAULT CHARSET=utf8;
/*!40101 SET character_set_client = @saved_cs_client */;

--
-- Dumping data for table `PatchDocument`
--

LOCK TABLES `PatchDocument` WRITE;
/*!40000 ALTER TABLE `PatchDocument` DISABLE KEYS */;
/*!40000 ALTER TABLE `PatchDocument` ENABLE KEYS */;
UNLOCK TABLES;

--
-- Table structure for table `Prestation`
--

DROP TABLE IF EXISTS `Prestation`;
/*!40101 SET @saved_cs_client     = @@character_set_client */;
/*!40101 SET character_set_client = utf8 */;
CREATE TABLE `Prestation` (
  `id` int(11) NOT NULL AUTO_INCREMENT,
  `libelle` text,
  `formule_libelle` text,
  `formule` text,
  `formule_application` text,
  `epingle_garantie` tinyint(1) NOT NULL,
  `numero_ordre` int(11) NOT NULL,
  `garantie_id` int(11) NOT NULL,
  PRIMARY KEY (`id`),
  KEY `garantie_id` (`garantie_id`),
  CONSTRAINT `Prestation_ibfk_1` FOREIGN KEY (`garantie_id`) REFERENCES `Garantie` (`id`)
) ENGINE=InnoDB AUTO_INCREMENT=2711301 DEFAULT CHARSET=utf8;
/*!40101 SET character_set_client = @saved_cs_client */;

--
-- Dumping data for table `Prestation`
--

LOCK TABLES `Prestation` WRITE;
/*!40000 ALTER TABLE `Prestation` DISABLE KEYS */;
INSERT INTO `Prestation` (`id`, `libelle`, `formule_libelle`, `formule`, `formule_application`, `epingle_garantie`, `numero_ordre`, `garantie_id`) VALUES (1,'(en % du salaire de référence)','(en % du salaire de référence)',NULL,NULL,0,1,1),(2,'• Célibataire, veuf, divorcé','• Célibataire, veuf, divorcé','$number.percent($garantie.specificite.tauxCVD)',NULL,0,2,1),(3,'• Marié, concubin, pacsé','• Marié, concubin, pacsé','$number.percent($garantie.specificite.tauxMCP)',NULL,0,3,1),(4,'• Majoration pour enfant(s) ou personne(s) à charge','• Majoration pour enfant(s) ou personne(s) à charge','$number.percent($garantie.specificite.tauxMajorationEAC)','#if (${garantie.specificite.tauxMajorationEAC})true#end',0,4,1),(5,'Option : niveau de garantie identique pour les Célibataires, veufs, divorcés avec enfant(s) ou personne(s) à charge et les Mariés, pacsés ou concubins avec enfant(s) ou personne(s) à charge','Option : niveau de garantie identique pour les Célibataires, veufs, divorcés avec enfant(s) ou personne(s) à charge et les Mariés, pacsés ou concubins avec enfant(s) ou personne(s) à charge','${oscar.ouinon($garantie.specificite.assimilationCVD)}',NULL,0,5,1),(6,'Capital Décès - IAD par accident','Capital Décès - IAD par accident','100 %  du capital Décès - IAD toutes causes',NULL,1,6,6),(7,'Capital Double effet','Capital Double effet','100 %  du capital Décès - IAD toutes causes',NULL,1,7,5),(8,'Allocation obsèques','Allocation obsèques','100 %  du PMSS',NULL,1,8,7),(9,'Capital Prédécès','Capital Prédécès','100 % du PMSS',NULL,1,9,4),(10,'(en % du salaire de référence)','(en % du salaire de référence)',NULL,NULL,0,10,2),(11,'Progressive','Progressive',NULL,'#if (${garantie.specificite.typeGarantieRenteEducation} == \"PROGRESSIVE\")true#end',0,11,2),(12,'• Jusqu\'à 10 ans inclus','• Jusqu\'à ${garantie.specificite.progressivePalierBeanList[0].ageValue} ans inclus','$number.percent($garantie.specificite.progressivePalierBeanList[0].tauxValue)','#if (${garantie.specificite.typeGarantieRenteEducation} == \"PROGRESSIVE\")true#end',0,12,2),(13,'• De 11 ans à 17 ans inclus','• De #set($ageMin = ${garantie.specificite.progressivePalierBeanList[0].ageValue} + 1) ${ageMin} ans à ${garantie.specificite.progressivePalierBeanList[1].ageValue} ans inclus','$number.percent($garantie.specificite.progressivePalierBeanList[1].tauxValue)','#if (${garantie.specificite.typeGarantieRenteEducation} == \"PROGRESSIVE\")true#end',0,13,2),(14,'• De 18 ans à 27 ans inclus (à vie pour les enfants en situation de handicap).','• De #set($ageMin = ${garantie.specificite.progressivePalierBeanList[1].ageValue} + 1) ${ageMin} ans à 27 ans inclus (à vie pour les enfants en situation de handicap).','$number.percent($garantie.specificite.progressivePalierBeanList[2].tauxValue)','#if (${garantie.specificite.typeGarantieRenteEducation} == \"PROGRESSIVE\")true#end',0,14,2),(15,'Linéaire','Linéaire',NULL,'#if (${garantie.specificite.typeGarantieRenteEducation} == \"LINEAIRE\")true#end',0,15,2),(16,'• Jusqu\'à 27 ans inclus (si poursuite d\'études ou apprentissage), à vie pour les enfants en situation de handicap','• Jusqu\'à 27 ans inclus (si poursuite d\'études ou apprentissage), à vie pour les enfants en situation de handicap','$number.percent($garantie.specificite.lineaireValue)','#if (${garantie.specificite.typeGarantieRenteEducation} == \"LINEAIRE\")true#end',0,16,2),(24,'(en % du salaire de référence)','(en % du salaire de référence)',NULL,NULL,0,24,8),(25,'Montant','Montant','$number.percent($garantie.specificite.tauxIJ)',NULL,0,25,8),(26,'Franchise continue','Franchise #{if}($garantie.specificite.typeFranchise == \"CONTINUE\")continue#{else}discontinue#{end}','${garantie.specificite.franchise} jours',NULL,0,26,8),(27,'Options Rachat de franchise en cas d’accident ou d’hospitalisation','Options Rachat de franchise en cas d’accident ou d’hospitalisation','${oscar.ouinon($garantie.specificite.optionHospi)}',NULL,0,27,8),(28,'(en % du salaire de référence)','(en % du salaire de référence)',NULL,NULL,0,28,9),(29,'Montant','Montant','$number.percent($garantie.specificite.tauxIJ)',NULL,0,29,9),(30,'Franchise continue','Franchise #{if}($garantie.specificite.typeFranchise == \"CONTINUE\")continue#{else}discontinue#{end}','${garantie.specificite.franchise} jours',NULL,0,30,9),(31,'Options Rachat de franchise en cas d’accident ou d’hospitalisation','Options Rachat de franchise en cas d’accident ou d’hospitalisation','${oscar.ouinon($garantie.specificite.optionHospi)}',NULL,0,31,9),(32,'(en % du salaire de référence)','(en % du salaire de référence)',NULL,NULL,0,32,10),(33,'• 1ère catégorie','• 1ère catégorie','$number.percent($garantie.specificite.renteInvalidite1ereCategorie)',NULL,0,33,10),(34,'• 2ème et 3ème catégorie','• 2ème et 3ème catégorie','$number.percent($garantie.specificite.renteInvalidite2emeEt3emeCategorie)',NULL,0,34,10),(35,'(en % du salaire de référence)','(en % du salaire de référence)',NULL,NULL,0,35,11),(36,'Incapacité supérieure ou égale à 66 %','Incapacité supérieure ou égale à 66 %','$number.percent($garantie.specificite.incapaciteSupOuEgaleA66)',NULL,0,36,11),(37,'Incapacité entre 33 % et 66 %','Incapacité entre 33 % et 66 %','#if ($garantie.specificite.typeIncapacite33a66 == \"FORMULE\") Rente calculée en fonction du taux d\'IPP #else $garantie.specificite.typeIncapacite33a66.getLibelle() #set($tauxIncap33a66 = ${garantie.specificite.tauxFixeIncap33a66}*100) $number.format(\'##.##\', $tauxIncap33a66) % #end',NULL,0,37,11),(38,'Exonération des cotisations','Exonération des cotisations','En inclusion',NULL,1,38,12),(39,'Des garanties et services d’assistance','Des garanties et services d’assistance','En inclusion',NULL,1,39,13),(40,'(en % du salaire de référence)','(en % du salaire de référence)',NULL,NULL,0,40,14),(41,'• Célibataire, veuf, divorcé','• Célibataire, veuf, divorcé','$number.percent($garantie.specificite.tauxCVD)',NULL,0,41,14),(42,'• Marié, concubin, pacsé','• Marié, concubin, pacsé','$number.percent($garantie.specificite.tauxMCP)',NULL,0,42,14),(43,'• Majoration pour enfant(s) ou personne(s) à charge','• Majoration pour enfant(s) ou personne(s) à charge','$number.percent($garantie.specificite.tauxMajorationEAC)','#if (${garantie.specificite.tauxMajorationEAC})true#end',0,43,14),(44,'Option : niveau de garantie identique pour les Célibataires, veufs, divorcés avec enfant(s) ou personne(s) à charge et les Mariés, pacsés ou concubins avec enfant(s) ou personne(s) à charge','Option : niveau de garantie identique pour les Célibataires, veufs, divorcés avec enfant(s) ou personne(s) à charge et les Mariés, pacsés ou concubins avec enfant(s) ou personne(s) à charge','${oscar.ouinon($garantie.specificite.assimilationCVD)}',NULL,0,44,14),(45,'Capital Décès - IAD par accident','Capital Décès - IAD par accident','100 % du capital Décès - IAD toutes causes',NULL,1,45,18),(46,'Capital Double effet','Capital Double effet','100 % du capital Décès - IAD toutes causes',NULL,1,46,17),(47,'Allocation obsèques','Allocation obsèques','100% du PMSS',NULL,1,47,19),(48,'Capital Prédécès','Capital Prédécès','100 % du PMSS',NULL,1,48,16),(49,'(en % du salaire de référence)','(en % du salaire de référence)',NULL,NULL,0,49,15),(50,'Progressive','Progressive',NULL,'#if (${garantie.specificite.typeGarantieRenteEducation} == \"PROGRESSIVE\")true#end',0,50,15),(51,'• Jusqu\'à 10 ans inclus','• Jusqu\'à ${garantie.specificite.progressivePalierBeanList[0].ageValue} ans inclus','$number.percent($garantie.specificite.progressivePalierBeanList[0].tauxValue)','#if (${garantie.specificite.typeGarantieRenteEducation} == \"PROGRESSIVE\")true#end',0,51,15),(52,'• De 11 ans à 17 ans inclus','• De #set($ageMin = ${garantie.specificite.progressivePalierBeanList[0].ageValue} + 1) ${ageMin} ans à ${garantie.specificite.progressivePalierBeanList[1].ageValue} ans inclus','$number.percent($garantie.specificite.progressivePalierBeanList[1].tauxValue)','#if (${garantie.specificite.typeGarantieRenteEducation} == \"PROGRESSIVE\")true#end',0,52,15),(53,'• De 18 ans à 27 ans inclus (à vie pour les enfants en situation de handicap).','• De #set($ageMin = ${garantie.specificite.progressivePalierBeanList[1].ageValue} + 1) ${ageMin} ans à 27 ans inclus (à vie pour les enfants en situation de handicap).','$number.percent($garantie.specificite.progressivePalierBeanList[2].tauxValue)','#if (${garantie.specificite.typeGarantieRenteEducation} == \"PROGRESSIVE\")true#end',0,53,15),(54,'Linéaire','Linéaire',NULL,'#if (${garantie.specificite.typeGarantieRenteEducation} == \"LINEAIRE\")true#end',0,54,15),(55,'• Jusqu\'à 27 ans inclus (si poursuite d\'études ou apprentissage), à vie pour les enfants en situation de handicap','• Jusqu\'à 27 ans inclus (si poursuite d\'études ou apprentissage), à vie pour les enfants en situation de handicap','$number.percent($garantie.specificite.lineaireValue)','#if (${garantie.specificite.typeGarantieRenteEducation} == \"LINEAIRE\")true#end',0,55,15),(57,'(en % du salaire de référence)','(en % du salaire de référence)',NULL,NULL,0,57,20),(58,'Montant','Montant','$number.percent($garantie.specificite.tauxIJ)',NULL,0,58,20),(59,'Franchise continue','Franchise #{if}($garantie.specificite.typeFranchise == \"CONTINUE\")continue#{else}discontinue#{end}','${garantie.specificite.franchise} jours',NULL,0,59,20),(60,'Options Rachat de franchise en cas d’accident ou d’hospitalisation','Options Rachat de franchise en cas d’accident ou d’hospitalisation','${oscar.ouinon($garantie.specificite.optionHospi)}',NULL,0,60,20),(61,'(en % du salaire de référence)','(en % du salaire de référence)',NULL,NULL,0,61,21),(62,'Montant ','Montant ','$number.percent($garantie.specificite.tauxIJ)',NULL,0,62,21),(63,'Franchise continue','Franchise #{if}($garantie.specificite.typeFranchise == \"CONTINUE\")continue#{else}discontinue#{end}','${garantie.specificite.franchise} jours',NULL,0,63,21),(64,'Options Rachat de franchise en cas d’accident ou d’hospitalisation','Options Rachat de franchise en cas d’accident ou d’hospitalisation','${oscar.ouinon($garantie.specificite.optionHospi)}',NULL,0,64,21),(65,'(en % du salaire de référence)','(en % du salaire de référence)',NULL,NULL,0,65,22),(66,'• 1ère catégorie','• 1ère catégorie','$number.percent($garantie.specificite.renteInvalidite1ereCategorie)',NULL,0,66,22),(67,'• 2ème et 3ème catégorie','• 2ème et 3ème catégorie','$number.percent($garantie.specificite.renteInvalidite2emeEt3emeCategorie)',NULL,0,67,22),(68,'(en % du salaire de référence)','(en % du salaire de référence)',NULL,NULL,0,68,23),(69,'Incapacité supérieure ou égale à 66 %','Incapacité supérieure ou égale à 66 %','$number.percent($garantie.specificite.incapaciteSupOuEgaleA66)',NULL,0,69,23),(70,'Incapacité entre 33 % et 66 %','Incapacité entre 33 % et 66 %','#if ($garantie.specificite.typeIncapacite33a66 == \"FORMULE\") Rente calculée en fonction du taux d\'IPP #else $garantie.specificite.typeIncapacite33a66.getLibelle() #set($tauxIncap33a66 = ${garantie.specificite.tauxFixeIncap33a66}*100) $number.format(\'##.##\', $tauxIncap33a66) % #end',NULL,0,70,23),(71,'Exonération des cotisations','Exonération des cotisations','En inclusion',NULL,1,71,24),(72,'Des garanties et services d’assistance','Des garanties et services d’assistance','En inclusion',NULL,1,72,25),(73,'(en % du salaire de référence)','(en % du salaire de référence)',NULL,NULL,0,73,26),(74,'• Quelle que soit la situation familiale','• Quelle que soit la situation familiale','$number.percent($garantie.specificite.tauxPrestation)',NULL,0,74,26),(75,'• Majoration pour enfant(s) ou personne(s) à charge','• Majoration pour enfant(s) ou personne(s) à charge','$number.percent($garantie.specificite.tauxMajorationEAC)','#if (${garantie.specificite.tauxMajorationEAC})true#end',0,75,26),(76,'Capital Décès - IAD par accident','Capital Décès - IAD par accident','100% du capital Décès - IAD toutes causes',NULL,1,76,30),(77,'Capital Double effet','Capital Double effet','100% du capital Décès - IAD toutes causes',NULL,1,77,29),(78,'(en % du salaire de référence)','(en % du salaire de référence)',NULL,NULL,0,78,27),(79,'• Jusqu\'à 10 ans inclus','• Jusqu\'à 10 ans inclus','5 %',NULL,0,79,27),(80,'• De 11 ans à 17 ans inclus','• De 11 ans à 17 ans inclus','10 %',NULL,0,80,27),(81,'• De 18 ans à 27 ans inclus (à vie pour les enfants en situation de handicap).','• De 18 ans à 27 ans inclus (à vie pour les enfants en situation de handicap).','15 %',NULL,0,81,27),(82,'Allocation  complémentaire orphelin','Allocation  complémentaire orphelin','100 % de la rente versée',NULL,0,82,27),(83,'(en % du salaire de référence)','(en % du salaire de référence)',NULL,NULL,0,83,28),(84,'Rente viagère','Rente viagère','#set($tauxViagere = ${garantie.specificite.tauxRenteViagere}*100) (${garantie.specificite.ageReference} - X) × $number.format(\'##.##\', $tauxViagere) %',NULL,0,84,28),(85,'Rente temporaire','Rente temporaire','#set($tauxTemporaire = ${garantie.specificite.tauxRenteTemporaire}*100) (X - 25) × $number.format(\'##.##\', $tauxTemporaire) %',NULL,0,85,28),(86,'X : âge du salarié au moment du décès','X : âge du salarié au moment du décès',NULL,NULL,0,86,28),(87,'Allocation  complémentaire orphelin ','Allocation  complémentaire orphelin ','#set($tauxOrphelin = ${garantie.specificite.tauxAllocationOrphelin}*100) $number.format(\'##.##\', $tauxOrphelin) %',NULL,0,87,28),(88,'Capital substitutif à la rente de conjoint ','Capital substitutif à la rente de conjoint ','#set($tauxCapitalSubstitutif = ${garantie.specificite.tauxCapitalSubstitutif}*100) $number.format(\'##.##\', $tauxCapitalSubstitutif) %',NULL,0,88,28),(89,'(en % du salaire de référence)','(en % du salaire de référence)',NULL,NULL,0,89,31),(90,'Montant','Montant','$number.percent($garantie.specificite.tauxIJ)',NULL,0,90,31),(91,'Franchise continue','Franchise #{if}($garantie.specificite.typeFranchise == \"CONTINUE\")continue#{else}discontinue#{end}','${garantie.specificite.franchise} jours',NULL,0,91,31),(92,'Options Rachat de franchise en cas d’accident ou d’hospitalisation','Options Rachat de franchise en cas d’accident ou d’hospitalisation','${oscar.ouinon($garantie.specificite.optionHospi)}',NULL,0,92,31),(93,'(en % du salaire de référence)','(en % du salaire de référence)',NULL,NULL,0,93,32),(94,'• 1ère catégorie','• 1ère catégorie','$number.percent($math.mul($garanties[\"TPE150_ITT\"].specificite.tauxIJ, 0.6))',NULL,0,94,32),(95,'• 2ème et 3ème catégorie','• 2ème et 3ème catégorie','$number.percent(${garanties[\"TPE150_ITT\"].specificite.tauxIJ})',NULL,0,95,32),(96,'(en % du salaire de référence)','(en % du salaire de référence)',NULL,NULL,0,96,33),(97,'Incapacité supérieure ou égale à 66 %','Incapacité supérieure ou égale à 66 %','$number.percent(${garanties[\"TPE150_ITT\"].specificite.tauxIJ})',NULL,0,97,33),(98,'Incapacité entre 33 % et 66 %','Incapacité entre 33 % et 66 %','Rente calculée en fonction du taux d’invalidité',NULL,0,98,33),(99,'Exonération des cotisations','Exonération des cotisations','En inclusion',NULL,1,99,34),(100,'De 18 à 27 ans, le versement est conditionné à la poursuite d\'études.','De 18 à 27 ans, le versement est conditionné à la poursuite d\'études.',NULL,'#if (${garantie.specificite.typeGarantieRenteEducation} == \"PROGRESSIVE\")true#end',0,15,2),(101,'De 18 à 27 ans, le versement est conditionné à la poursuite d\'études.','De 18 à 27 ans, le versement est conditionné à la poursuite d\'études.',NULL,'#if (${garantie.specificite.typeGarantieRenteEducation} == \"PROGRESSIVE\")true#end',0,54,15),(104,'Rente viagère','Rente viagère','#set($tauxViagere = ${garantie.specificite.tauxRenteViagereLineaire}*100) $number.format(\'##.##\', $tauxViagere) %','#if (${garantie.specificite.formuleChoisie} == false)true#end',0,84,28),(105,'Rente temporaire','Rente temporaire','#set($tauxTemporaire = ${garantie.specificite.tauxRenteTemporaireLineaire}*100) $number.format(\'##.##\', $tauxTemporaire) %','#if (${garantie.specificite.formuleChoisie} == false)true#end',0,85,28),(115,'• 1ère catégorie','• 1ère catégorie','$number.percent($garantie.specificite.renteInvalidite1ereCategorie)',NULL,0,33,36),(116,'• 2ème et 3ème catégorie','• 2ème et 3ème catégorie','$number.percent($garantie.specificite.renteInvalidite2emeEt3emeCategorie)',NULL,0,34,36),(117,'• 1ère catégorie','• 1ère catégorie','$number.percent($garantie.specificite.renteInvalidite1ereCategorie)',NULL,0,66,38),(118,'• 2ème et 3ème catégorie','• 2ème et 3ème catégorie','$number.percent($garantie.specificite.renteInvalidite2emeEt3emeCategorie)',NULL,0,67,38),(119,'Incapacité supérieure ou égale à 66 %','Incapacité supérieure ou égale à 66 %','$number.percent($garantie.specificite.incapaciteSupOuEgaleA66)',NULL,0,36,37),(120,'Incapacité supérieure ou égale à 66 %','Incapacité supérieure ou égale à 66 %','$number.percent($garantie.specificite.incapaciteSupOuEgaleA66)',NULL,0,69,39),(121,'Incapacité entre 33 % et 66 %','Incapacité entre 33 % et 66 %','#if ($garantie.specificite.typeIncapacite33a66 == \"FORMULE\") Rente calculée en fonction du taux d\'IPP #else $garantie.specificite.typeIncapacite33a66.getLibelle() #set($tauxIncap33a66 = ${garantie.specificite.tauxFixeIncap33a66}*100) $number.format(\'##.##\', $tauxIncap33a66) % #end',NULL,0,37,37),(122,'Incapacité entre 33 % et 66 %','Incapacité entre 33 % et 66 %','#if ($garantie.specificite.typeIncapacite33a66 == \"FORMULE\") Rente calculée en fonction du taux d\'IPP #else $garantie.specificite.typeIncapacite33a66.getLibelle() #set($tauxIncap33a66 = ${garantie.specificite.tauxFixeIncap33a66}*100) $number.format(\'##.##\', $tauxIncap33a66) % #end',NULL,0,70,39),(123,'(en % du salaire de référence)','(en % du salaire de référence)',NULL,NULL,0,32,36),(124,'(en % du salaire de référence)','(en % du salaire de référence)',NULL,NULL,0,65,38),(125,'(en % du salaire de référence)','(en % du salaire de référence)',NULL,NULL,0,35,37),(126,'(en % du salaire de référence)','(en % du salaire de référence)',NULL,NULL,0,68,39),(127,'Allocation  complémentaire orphelin','Allocation  complémentaire orphelin','#set($tauxOrphelin = ${garantie.specificite.tauxRenteOrphelin}*100) $number.format(\'##.##\', $tauxOrphelin) % de la rente éducation',NULL,1,15,26309),(128,'Rente de conjoint viagère à formule','Rente de conjoint viagère à formule','#set($tauxViagere = ${garantie.specificite.tauxRenteViagereFormule}*100) (${garantie.specificite.ageReference} - X) × $number.format(\'##.##\', $tauxViagere) %','#if (${garantie.specificite.formuleChoisie} == true)true#end',1,19,26310),(129,'Rente de conjoint viagère linéaire','Rente de conjoint viagère linéaire','#set($tauxViagere = ${garantie.specificite.tauxRenteViagereLineaire}*100) $number.format(\'##.##\', $tauxViagere) %','#if (${garantie.specificite.formuleChoisie} == false)true#end',1,20,26310),(130,'Rente de conjoint temporaire à formule','Rente de conjoint temporaire à formule','#set($tauxTemporaire = ${garantie.specificite.tauxRenteTemporaireFormule}*100) (X - 25) × $number.format(\'##.##\', $tauxTemporaire) %','#if (${garantie.specificite.formuleChoisie} == true)true#end',1,21,26311),(131,'Rente de conjoint temporaire linéaire','Rente de conjoint temporaire linéaire','#set($tauxTemporaire = ${garantie.specificite.tauxRenteTemporaireLineaire}*100) $number.format(\'##.##\', $tauxTemporaire) %','#if (${garantie.specificite.formuleChoisie} == false)true#end',1,22,26311),(132,'Allocation orphelin (en % du salaire de référence)','Allocation orphelin (en % du salaire de référence)','#set($tauxOrphelin = ${garantie.specificite.tauxAllocationOrphelin}*100) $number.format(\'##.##\', $tauxOrphelin) %',NULL,1,23,26312),(133,'Capital substitutif à la rente de conjoint','Capital substitutif à la rente de conjoint','#set($tauxCapitalSubstitutif = ${garantie.specificite.tauxCapitalSubstitutif}*100) $number.format(\'##.##\', $tauxCapitalSubstitutif) %',NULL,1,24,26313),(134,'Allocation  complémentaire orphelin','Allocation  complémentaire orphelin','#set($tauxOrphelin = ${garantie.specificite.tauxRenteOrphelin}*100) $number.format(\'##.##\', $tauxOrphelin) % de la rente éducation',NULL,1,54,26314),(135,'Rente de conjoint viagère à formule','Rente de conjoint viagère à formule','#set($tauxViagere = ${garantie.specificite.tauxRenteViagereFormule}*100) (${garantie.specificite.ageReference} - X) × $number.format(\'##.##\', $tauxViagere) %','#if (${garantie.specificite.formuleChoisie} == true)true#end',1,100,26315),(136,'Rente de conjoint viagère linéaire','Rente de conjoint viagère linéaire','#set($tauxViagere = ${garantie.specificite.tauxRenteViagereLineaire}*100) $number.format(\'##.##\', $tauxViagere) %','#if (${garantie.specificite.formuleChoisie} == false)true#end',1,101,26315),(137,'Rente de conjoint temporaire à formule','Rente de conjoint temporaire à formule','#set($tauxTemporaire = ${garantie.specificite.tauxRenteTemporaireFormule}*100) (X - 25) × $number.format(\'##.##\', $tauxTemporaire) %','#if (${garantie.specificite.formuleChoisie} == true)true#end',1,102,26316),(138,'Rente de conjoint temporaire linéaire','Rente de conjoint temporaire linéaire','#set($tauxTemporaire = ${garantie.specificite.tauxRenteTemporaireLineaire}*100) $number.format(\'##.##\', $tauxTemporaire) %','#if (${garantie.specificite.formuleChoisie} == false)true#end',1,103,26316),(139,'Allocation orphelin (en % du salaire de référence)','Allocation orphelin (en % du salaire de référence)','#set($tauxOrphelin = ${garantie.specificite.tauxAllocationOrphelin}*100) $number.format(\'##.##\', $tauxOrphelin) %',NULL,1,104,26317),(140,'Capital substitutif à la rente de conjoint','Capital substitutif à la rente de conjoint','#set($tauxCapitalSubstitutif = ${garantie.specificite.tauxCapitalSubstitutif}*100) $number.format(\'##.##\', $tauxCapitalSubstitutif) %',NULL,1,105,26318),(141,'Présence de minima conventionnel exprimé en PASS, SMIC ou Euros','Présence de minima conventionnel exprimé en PASS, SMIC ou Euros','#if (!$garantie.specificite.minima) NON #else $number.format(\'##.#\', $garantie.specificite.minConventionnel) $garantie.specificite.uniteMinConventionnel #end',NULL,0,6,1),(142,'Présence de minima conventionnel exprimé en PASS, SMIC ou Euros','Présence de minima conventionnel exprimé en PASS, SMIC ou Euros','#if (!$garantie.specificite.minima) NON #else $number.format(\'##.#\', $garantie.specificite.minConventionnel) $garantie.specificite.uniteMinConventionnel #end',NULL,0,45,14),(143,'Présence de minima conventionnel exprimé en PASS, SMIC ou Euros','Présence de minima conventionnel exprimé en PASS, SMIC ou Euros','#if (!$garantie.specificite.minima) NON #else $number.format(\'##.#\', $garantie.specificite.minConventionnel) $garantie.specificite.uniteMinConventionnel #end',NULL,0,17,2),(144,'Présence de minima conventionnel exprimé en PASS, SMIC ou Euros','Présence de minima conventionnel exprimé en PASS, SMIC ou Euros','#if (!$garantie.specificite.minima) NON #else $number.format(\'##.#\', $garantie.specificite.minConventionnel) $garantie.specificite.uniteMinConventionnel #end',NULL,0,56,15),(4000,'Des garanties et services d’assistance','Des garanties et services d’assistance','En inclusion',NULL,1,0,40),(1120000,'Charges sociales patronales','Charges sociales patronales','${garantie.specificite.chargesSocialesPatronales} %','#if (${garantie.specificite.chargesSocialesPatronales} > 0)true#end',0,0,11200),(1130000,'Charges sociales patronales','Charges sociales patronales','${garantie.specificite.chargesSocialesPatronales} %','#if (${garantie.specificite.chargesSocialesPatronales} > 0)true#end',0,0,11300),(1140000,'Charges sociales patronales','Charges sociales patronales','${garantie.specificite.chargesSocialesPatronales} %','#if (${garantie.specificite.chargesSocialesPatronales} > 0)true#end',0,0,11400),(1150000,'Charges sociales patronales','Charges sociales patronales','${garantie.specificite.chargesSocialesPatronales} %','#if (${garantie.specificite.chargesSocialesPatronales} > 0)true#end',0,0,11500),(1160000,'Charges sociales patronales','Charges sociales patronales','${garantie.specificite.chargesSocialesPatronales} %','#if (${garantie.specificite.chargesSocialesPatronales} > 0)true#end',0,0,11600),(1170000,'Charges sociales patronales','Charges sociales patronales','${garantie.specificite.chargesSocialesPatronales} %','#if (${garantie.specificite.chargesSocialesPatronales} > 0)true#end',0,0,11700),(1180000,'Charges sociales patronales','Charges sociales patronales','${garantie.specificite.chargesSocialesPatronales} %','#if (${garantie.specificite.chargesSocialesPatronales} > 0)true#end',0,0,11800),(1190000,'Charges sociales patronales','Charges sociales patronales','${garantie.specificite.chargesSocialesPatronales} %','#if (${garantie.specificite.chargesSocialesPatronales} > 0)true#end',0,0,11900),(1200000,'Charges sociales patronales','Charges sociales patronales','${garantie.specificite.chargesSocialesPatronales} %','#if (${garantie.specificite.chargesSocialesPatronales} > 0)true#end',0,0,12000),(1210000,'Charges sociales patronales','Charges sociales patronales','${garantie.specificite.chargesSocialesPatronales} %','#if (${garantie.specificite.chargesSocialesPatronales} > 0)true#end',0,0,12100),(1220000,'Charges sociales patronales','Charges sociales patronales','${garantie.specificite.chargesSocialesPatronales} %','#if (${garantie.specificite.chargesSocialesPatronales} > 0)true#end',0,0,12200),(1230000,'Charges sociales patronales','Charges sociales patronales','${garantie.specificite.chargesSocialesPatronales} %','#if (${garantie.specificite.chargesSocialesPatronales} > 0)true#end',0,0,12300),(1240000,'Charges sociales patronales','Charges sociales patronales','${garantie.specificite.chargesSocialesPatronales} %','#if (${garantie.specificite.chargesSocialesPatronales} > 0)true#end',0,0,12400),(1250000,'Charges sociales patronales','Charges sociales patronales','${garantie.specificite.chargesSocialesPatronales} %','#if (${garantie.specificite.chargesSocialesPatronales} > 0)true#end',0,0,12500),(1260000,'Charges sociales patronales','Charges sociales patronales','${garantie.specificite.chargesSocialesPatronales} %','#if (${garantie.specificite.chargesSocialesPatronales} > 0)true#end',0,0,12600),(1270000,'Charges sociales patronales','Charges sociales patronales','${garantie.specificite.chargesSocialesPatronales} %','#if (${garantie.specificite.chargesSocialesPatronales} > 0)true#end',0,0,12700),(1280000,'Charges sociales patronales','Charges sociales patronales','${garantie.specificite.chargesSocialesPatronales} %','#if (${garantie.specificite.chargesSocialesPatronales} > 0)true#end',0,0,12800),(1290000,'Charges sociales patronales','Charges sociales patronales','${garantie.specificite.chargesSocialesPatronales} %','#if (${garantie.specificite.chargesSocialesPatronales} > 0)true#end',0,0,12900),(1300000,'Charges sociales patronales','Charges sociales patronales','${garantie.specificite.chargesSocialesPatronales} %','#if (${garantie.specificite.chargesSocialesPatronales} > 0)true#end',0,0,13000),(1310000,'Charges sociales patronales','Charges sociales patronales','${garantie.specificite.chargesSocialesPatronales} %','#if (${garantie.specificite.chargesSocialesPatronales} > 0)true#end',0,0,13100),(1320000,'Charges sociales patronales','Charges sociales patronales','${garantie.specificite.chargesSocialesPatronales} %','#if (${garantie.specificite.chargesSocialesPatronales} > 0)true#end',0,0,13200),(1330000,'Charges sociales patronales','Charges sociales patronales','${garantie.specificite.chargesSocialesPatronales} %','#if (${garantie.specificite.chargesSocialesPatronales} > 0)true#end',0,0,13300),(1340000,'Charges sociales patronales','Charges sociales patronales','${garantie.specificite.chargesSocialesPatronales} %','#if (${garantie.specificite.chargesSocialesPatronales} > 0)true#end',0,0,13400),(1350000,'Charges sociales patronales','Charges sociales patronales','${garantie.specificite.chargesSocialesPatronales} %','#if (${garantie.specificite.chargesSocialesPatronales} > 0)true#end',0,0,13500),(1360000,'Charges sociales patronales','Charges sociales patronales','${garantie.specificite.chargesSocialesPatronales} %','#if (${garantie.specificite.chargesSocialesPatronales} > 0)true#end',0,0,13600),(1370000,'Charges sociales patronales','Charges sociales patronales','${garantie.specificite.chargesSocialesPatronales} %','#if (${garantie.specificite.chargesSocialesPatronales} > 0)true#end',0,0,13700),(1380000,'Charges sociales patronales','Charges sociales patronales','${garantie.specificite.chargesSocialesPatronales} %','#if (${garantie.specificite.chargesSocialesPatronales} > 0)true#end',0,0,13800),(1390000,'Charges sociales patronales','Charges sociales patronales','${garantie.specificite.chargesSocialesPatronales} %','#if (${garantie.specificite.chargesSocialesPatronales} > 0)true#end',0,0,13900),(1400000,'Charges sociales patronales','Charges sociales patronales','${garantie.specificite.chargesSocialesPatronales} %','#if (${garantie.specificite.chargesSocialesPatronales} > 0)true#end',0,0,14000),(1410000,'Charges sociales patronales','Charges sociales patronales','${garantie.specificite.chargesSocialesPatronales} %','#if (${garantie.specificite.chargesSocialesPatronales} > 0)true#end',0,0,14100),(1420000,'Charges sociales patronales','Charges sociales patronales','${garantie.specificite.chargesSocialesPatronales} %','#if (${garantie.specificite.chargesSocialesPatronales} > 0)true#end',0,0,14200),(1430000,'Charges sociales patronales','Charges sociales patronales','${garantie.specificite.chargesSocialesPatronales} %','#if (${garantie.specificite.chargesSocialesPatronales} > 0)true#end',0,0,14300),(1440000,'Charges sociales patronales','Charges sociales patronales','${garantie.specificite.chargesSocialesPatronales} %','#if (${garantie.specificite.chargesSocialesPatronales} > 0)true#end',0,0,14400),(1450000,'Charges sociales patronales','Charges sociales patronales','${garantie.specificite.chargesSocialesPatronales} %','#if (${garantie.specificite.chargesSocialesPatronales} > 0)true#end',0,0,14500),(1460000,'Charges sociales patronales','Charges sociales patronales','${garantie.specificite.chargesSocialesPatronales} %','#if (${garantie.specificite.chargesSocialesPatronales} > 0)true#end',0,0,14600),(1470000,'Charges sociales patronales','Charges sociales patronales','${garantie.specificite.chargesSocialesPatronales} %','#if (${garantie.specificite.chargesSocialesPatronales} > 0)true#end',0,0,14700),(1490000,'Charges sociales patronales','Charges sociales patronales','${garantie.specificite.chargesSocialesPatronales} %','#if (${garantie.specificite.chargesSocialesPatronales} > 0)true#end',0,0,14900),(1500000,'Charges sociales patronales','Charges sociales patronales','${garantie.specificite.chargesSocialesPatronales} %','#if (${garantie.specificite.chargesSocialesPatronales} > 0)true#end',0,0,15000),(1510000,'Charges sociales patronales','Charges sociales patronales','${garantie.specificite.chargesSocialesPatronales} %','#if (${garantie.specificite.chargesSocialesPatronales} > 0)true#end',0,0,15100),(1520000,'Charges sociales patronales','Charges sociales patronales','${garantie.specificite.chargesSocialesPatronales} %','#if (${garantie.specificite.chargesSocialesPatronales} > 0)true#end',0,0,15200),(1530000,'Charges sociales patronales','Charges sociales patronales','${garantie.specificite.chargesSocialesPatronales} %','#if (${garantie.specificite.chargesSocialesPatronales} > 0)true#end',0,0,15300),(1540000,'Charges sociales patronales','Charges sociales patronales','${garantie.specificite.chargesSocialesPatronales} %','#if (${garantie.specificite.chargesSocialesPatronales} > 0)true#end',0,0,15400),(1550000,'Charges sociales patronales','Charges sociales patronales','${garantie.specificite.chargesSocialesPatronales} %','#if (${garantie.specificite.chargesSocialesPatronales} > 0)true#end',0,0,15500),(1560000,'Charges sociales patronales','Charges sociales patronales','${garantie.specificite.chargesSocialesPatronales} %','#if (${garantie.specificite.chargesSocialesPatronales} > 0)true#end',0,0,15600),(1570000,'Charges sociales patronales','Charges sociales patronales','${garantie.specificite.chargesSocialesPatronales} %','#if (${garantie.specificite.chargesSocialesPatronales} > 0)true#end',0,0,15700),(1580000,'Charges sociales patronales','Charges sociales patronales','${garantie.specificite.chargesSocialesPatronales} %','#if (${garantie.specificite.chargesSocialesPatronales} > 0)true#end',0,0,15800),(1590000,'Charges sociales patronales','Charges sociales patronales','${garantie.specificite.chargesSocialesPatronales} %','#if (${garantie.specificite.chargesSocialesPatronales} > 0)true#end',0,0,15900),(1600000,'Charges sociales patronales','Charges sociales patronales','${garantie.specificite.chargesSocialesPatronales} %','#if (${garantie.specificite.chargesSocialesPatronales} > 0)true#end',0,0,16000),(1610000,'Charges sociales patronales','Charges sociales patronales','${garantie.specificite.chargesSocialesPatronales} %','#if (${garantie.specificite.chargesSocialesPatronales} > 0)true#end',0,0,16100),(1620000,'Charges sociales patronales','Charges sociales patronales','${garantie.specificite.chargesSocialesPatronales} %','#if (${garantie.specificite.chargesSocialesPatronales} > 0)true#end',0,0,16200),(1630000,'Charges sociales patronales','Charges sociales patronales','${garantie.specificite.chargesSocialesPatronales} %','#if (${garantie.specificite.chargesSocialesPatronales} > 0)true#end',0,0,16300),(1640000,'Charges sociales patronales','Charges sociales patronales','${garantie.specificite.chargesSocialesPatronales} %','#if (${garantie.specificite.chargesSocialesPatronales} > 0)true#end',0,0,16400),(1650000,'Charges sociales patronales','Charges sociales patronales','${garantie.specificite.chargesSocialesPatronales} %','#if (${garantie.specificite.chargesSocialesPatronales} > 0)true#end',0,0,16500),(1660000,'Charges sociales patronales','Charges sociales patronales','${garantie.specificite.chargesSocialesPatronales} %','#if (${garantie.specificite.chargesSocialesPatronales} > 0)true#end',0,0,16600),(1670000,'Charges sociales patronales','Charges sociales patronales','${garantie.specificite.chargesSocialesPatronales} %','#if (${garantie.specificite.chargesSocialesPatronales} > 0)true#end',0,0,16700),(1680000,'Charges sociales patronales','Charges sociales patronales','${garantie.specificite.chargesSocialesPatronales} %','#if (${garantie.specificite.chargesSocialesPatronales} > 0)true#end',0,0,16800),(1690000,'Charges sociales patronales','Charges sociales patronales','${garantie.specificite.chargesSocialesPatronales} %','#if (${garantie.specificite.chargesSocialesPatronales} > 0)true#end',0,0,16900),(1700000,'Charges sociales patronales','Charges sociales patronales','${garantie.specificite.chargesSocialesPatronales} %','#if (${garantie.specificite.chargesSocialesPatronales} > 0)true#end',0,0,17000),(1710000,'Charges sociales patronales','Charges sociales patronales','${garantie.specificite.chargesSocialesPatronales} %','#if (${garantie.specificite.chargesSocialesPatronales} > 0)true#end',0,0,17100),(1720000,'Charges sociales patronales','Charges sociales patronales','${garantie.specificite.chargesSocialesPatronales} %','#if (${garantie.specificite.chargesSocialesPatronales} > 0)true#end',0,0,17200),(1730000,'Charges sociales patronales','Charges sociales patronales','${garantie.specificite.chargesSocialesPatronales} %','#if (${garantie.specificite.chargesSocialesPatronales} > 0)true#end',0,0,17300),(1740000,'Charges sociales patronales','Charges sociales patronales','${garantie.specificite.chargesSocialesPatronales} %','#if (${garantie.specificite.chargesSocialesPatronales} > 0)true#end',0,0,17400),(1750000,'Charges sociales patronales','Charges sociales patronales','${garantie.specificite.chargesSocialesPatronales} %','#if (${garantie.specificite.chargesSocialesPatronales} > 0)true#end',0,0,17500),(1760000,'Charges sociales patronales','Charges sociales patronales','${garantie.specificite.chargesSocialesPatronales} %','#if (${garantie.specificite.chargesSocialesPatronales} > 0)true#end',0,0,17600),(1770000,'Charges sociales patronales','Charges sociales patronales','${garantie.specificite.chargesSocialesPatronales} %','#if (${garantie.specificite.chargesSocialesPatronales} > 0)true#end',0,0,17700),(1780000,'Charges sociales patronales','Charges sociales patronales','${garantie.specificite.chargesSocialesPatronales} %','#if (${garantie.specificite.chargesSocialesPatronales} > 0)true#end',0,0,17800),(1790000,'Charges sociales patronales','Charges sociales patronales','${garantie.specificite.chargesSocialesPatronales} %','#if (${garantie.specificite.chargesSocialesPatronales} > 0)true#end',0,0,17900),(1800000,'Charges sociales patronales','Charges sociales patronales','${garantie.specificite.chargesSocialesPatronales} %','#if (${garantie.specificite.chargesSocialesPatronales} > 0)true#end',0,0,18000),(1810000,'Charges sociales patronales','Charges sociales patronales','${garantie.specificite.chargesSocialesPatronales} %','#if (${garantie.specificite.chargesSocialesPatronales} > 0)true#end',0,0,18100),(1820000,'Charges sociales patronales','Charges sociales patronales','${garantie.specificite.chargesSocialesPatronales} %','#if (${garantie.specificite.chargesSocialesPatronales} > 0)true#end',0,0,18200),(1830000,'Charges sociales patronales','Charges sociales patronales','${garantie.specificite.chargesSocialesPatronales} %','#if (${garantie.specificite.chargesSocialesPatronales} > 0)true#end',0,0,18300),(1840000,'Charges sociales patronales','Charges sociales patronales','${garantie.specificite.chargesSocialesPatronales} %','#if (${garantie.specificite.chargesSocialesPatronales} > 0)true#end',0,0,18400),(1850000,'Charges sociales patronales','Charges sociales patronales','${garantie.specificite.chargesSocialesPatronales} %','#if (${garantie.specificite.chargesSocialesPatronales} > 0)true#end',0,0,18500),(1860000,'Charges sociales patronales','Charges sociales patronales','${garantie.specificite.chargesSocialesPatronales} %','#if (${garantie.specificite.chargesSocialesPatronales} > 0)true#end',0,0,18600),(1870000,'Charges sociales patronales','Charges sociales patronales','${garantie.specificite.chargesSocialesPatronales} %','#if (${garantie.specificite.chargesSocialesPatronales} > 0)true#end',0,0,18700),(1880000,'Charges sociales patronales','Charges sociales patronales','${garantie.specificite.chargesSocialesPatronales} %','#if (${garantie.specificite.chargesSocialesPatronales} > 0)true#end',0,0,18800),(1890000,'Charges sociales patronales','Charges sociales patronales','${garantie.specificite.chargesSocialesPatronales} %','#if (${garantie.specificite.chargesSocialesPatronales} > 0)true#end',0,0,18900),(1900000,'Charges sociales patronales','Charges sociales patronales','${garantie.specificite.chargesSocialesPatronales} %','#if (${garantie.specificite.chargesSocialesPatronales} > 0)true#end',0,0,19000),(1910000,'Charges sociales patronales','Charges sociales patronales','${garantie.specificite.chargesSocialesPatronales} %','#if (${garantie.specificite.chargesSocialesPatronales} > 0)true#end',0,0,19100),(1920000,'Charges sociales patronales','Charges sociales patronales','${garantie.specificite.chargesSocialesPatronales} %','#if (${garantie.specificite.chargesSocialesPatronales} > 0)true#end',0,0,19200),(1930000,'Charges sociales patronales','Charges sociales patronales','${garantie.specificite.chargesSocialesPatronales} %','#if (${garantie.specificite.chargesSocialesPatronales} > 0)true#end',0,0,19300),(1940000,'Charges sociales patronales','Charges sociales patronales','${garantie.specificite.chargesSocialesPatronales} %','#if (${garantie.specificite.chargesSocialesPatronales} > 0)true#end',0,0,19400),(1950000,'Charges sociales patronales','Charges sociales patronales','${garantie.specificite.chargesSocialesPatronales} %','#if (${garantie.specificite.chargesSocialesPatronales} > 0)true#end',0,0,19500),(1960000,'Charges sociales patronales','Charges sociales patronales','${garantie.specificite.chargesSocialesPatronales} %','#if (${garantie.specificite.chargesSocialesPatronales} > 0)true#end',0,0,19600),(1970000,'Charges sociales patronales','Charges sociales patronales','${garantie.specificite.chargesSocialesPatronales} %','#if (${garantie.specificite.chargesSocialesPatronales} > 0)true#end',0,0,19700),(1980000,'Charges sociales patronales','Charges sociales patronales','${garantie.specificite.chargesSocialesPatronales} %','#if (${garantie.specificite.chargesSocialesPatronales} > 0)true#end',0,0,19800),(1990000,'Charges sociales patronales','Charges sociales patronales','${garantie.specificite.chargesSocialesPatronales} %','#if (${garantie.specificite.chargesSocialesPatronales} > 0)true#end',0,0,19900),(2000000,'Charges sociales patronales','Charges sociales patronales','${garantie.specificite.chargesSocialesPatronales} %','#if (${garantie.specificite.chargesSocialesPatronales} > 0)true#end',0,0,20000),(2010000,'Charges sociales patronales','Charges sociales patronales','${garantie.specificite.chargesSocialesPatronales} %','#if (${garantie.specificite.chargesSocialesPatronales} > 0)true#end',0,0,20100),(2020000,'Charges sociales patronales','Charges sociales patronales','${garantie.specificite.chargesSocialesPatronales} %','#if (${garantie.specificite.chargesSocialesPatronales} > 0)true#end',0,0,20200),(2030000,'Charges sociales patronales','Charges sociales patronales','${garantie.specificite.chargesSocialesPatronales} %','#if (${garantie.specificite.chargesSocialesPatronales} > 0)true#end',0,0,20300),(2040000,'Charges sociales patronales','Charges sociales patronales','${garantie.specificite.chargesSocialesPatronales} %','#if (${garantie.specificite.chargesSocialesPatronales} > 0)true#end',0,0,20400),(2050000,'Charges sociales patronales','Charges sociales patronales','${garantie.specificite.chargesSocialesPatronales} %','#if (${garantie.specificite.chargesSocialesPatronales} > 0)true#end',0,0,20500),(2060000,'Charges sociales patronales','Charges sociales patronales','${garantie.specificite.chargesSocialesPatronales} %','#if (${garantie.specificite.chargesSocialesPatronales} > 0)true#end',0,0,20600),(2070000,'Charges sociales patronales','Charges sociales patronales','${garantie.specificite.chargesSocialesPatronales} %','#if (${garantie.specificite.chargesSocialesPatronales} > 0)true#end',0,0,20700),(2080000,'Charges sociales patronales','Charges sociales patronales','${garantie.specificite.chargesSocialesPatronales} %','#if (${garantie.specificite.chargesSocialesPatronales} > 0)true#end',0,0,20800),(2090000,'Charges sociales patronales','Charges sociales patronales','${garantie.specificite.chargesSocialesPatronales} %','#if (${garantie.specificite.chargesSocialesPatronales} > 0)true#end',0,0,20900),(2100000,'Charges sociales patronales','Charges sociales patronales','${garantie.specificite.chargesSocialesPatronales} %','#if (${garantie.specificite.chargesSocialesPatronales} > 0)true#end',0,0,21000),(2110000,'Charges sociales patronales','Charges sociales patronales','${garantie.specificite.chargesSocialesPatronales} %','#if (${garantie.specificite.chargesSocialesPatronales} > 0)true#end',0,0,21100),(2120000,'Charges sociales patronales','Charges sociales patronales','${garantie.specificite.chargesSocialesPatronales} %','#if (${garantie.specificite.chargesSocialesPatronales} > 0)true#end',0,0,21200),(2130000,'Taux de prestation','Taux de prestation','${garantie.specificite.tauxPrestation} %','#if (${garantie.specificite.tauxPrestation} > 0)true#end',0,0,21300),(2140000,'Taux de prestation','Taux de prestation','${garantie.specificite.tauxPrestation} %','#if (${garantie.specificite.tauxPrestation} > 0)true#end',0,0,21400),(2150000,'Taux de prestation','Taux de prestation','${garantie.specificite.tauxPrestation} %','#if (${garantie.specificite.tauxPrestation} > 0)true#end',0,0,21500),(2160000,'Taux de prestation','Taux de prestation','${garantie.specificite.tauxPrestation} %','#if (${garantie.specificite.tauxPrestation} > 0)true#end',0,0,21600),(2170000,'Taux de prestation','Taux de prestation','${garantie.specificite.tauxPrestation} %','#if (${garantie.specificite.tauxPrestation} > 0)true#end',0,0,21700),(2180000,'Taux de prestation','Taux de prestation','${garantie.specificite.tauxPrestation} %','#if (${garantie.specificite.tauxPrestation} > 0)true#end',0,0,21800),(2190000,'Taux de prestation','Taux de prestation','${garantie.specificite.tauxPrestation} %','#if (${garantie.specificite.tauxPrestation} > 0)true#end',0,0,21900),(2200000,'Taux de prestation','Taux de prestation','${garantie.specificite.tauxPrestation} %','#if (${garantie.specificite.tauxPrestation} > 0)true#end',0,0,22000),(2270000,'Charges sociales patronales','Charges sociales patronales','${garantie.specificite.chargesSocialesPatronales} %','#if (${garantie.specificite.chargesSocialesPatronales} > 0)true#end',0,0,22700),(2280000,'Charges sociales patronales','Charges sociales patronales','${garantie.specificite.chargesSocialesPatronales} %','#if (${garantie.specificite.chargesSocialesPatronales} > 0)true#end',0,0,22800),(2290000,'Charges sociales patronales','Charges sociales patronales','${garantie.specificite.chargesSocialesPatronales} %','#if (${garantie.specificite.chargesSocialesPatronales} > 0)true#end',0,0,22900),(2300000,'Charges sociales patronales',NULL,'${garantie.specificite.chargesSocialesPatronales} %','#if (${garantie.specificite.chargesSocialesPatronales} > 0)true#end',0,0,23000),(2310000,'Charges sociales patronales',NULL,'${garantie.specificite.chargesSocialesPatronales} %','#if (${garantie.specificite.chargesSocialesPatronales} > 0)true#end',0,0,23100),(2320000,'Charges sociales patronales',NULL,'${garantie.specificite.chargesSocialesPatronales} %','#if (${garantie.specificite.chargesSocialesPatronales} > 0)true#end',0,0,23200),(2330000,'Charges sociales patronales',NULL,'${garantie.specificite.chargesSocialesPatronales} %','#if (${garantie.specificite.chargesSocialesPatronales} > 0)true#end',0,0,23300),(2550000,'Charges sociales patronales',NULL,'${garantie.specificite.chargesSocialesPatronales} %','#if (${garantie.specificite.chargesSocialesPatronales} > 0)true#end',0,0,25500),(2700100,'(en % du salaire de référence)','(en % du salaire de référence)',NULL,NULL,0,1,27001),(2700101,'• Célibataire, veuf, divorcé','• Célibataire, veuf, divorcé','$number.percent($garantie.specificite.tauxCVD)',NULL,0,2,27001),(2700102,'• Marié, concubin, pacsé','• Marié, concubin, pacsé','$number.percent($garantie.specificite.tauxMCP)',NULL,0,3,27001),(2700103,'• Majoration pour enfant(s) ou personne(s) à charge','• Majoration pour enfant(s) ou personne(s) à charge','$number.percent($garantie.specificite.tauxMajorationEAC)','#if (${garantie.specificite.tauxMajorationEAC})true#end',0,4,27001),(2700104,'Option : niveau de garantie identique pour les Célibataires, veufs, divorcés avec enfant(s) ou personne(s) à charge et les Mariés, pacsés ou concubins avec enfant(s) ou personne(s) à charge','Option : niveau de garantie identique pour les Célibataires, veufs, divorcés avec enfant(s) ou personne(s) à charge et les Mariés, pacsés ou concubins avec enfant(s) ou personne(s) à charge','${oscar.ouinon($garantie.specificite.assimilationCVD)}',NULL,0,5,27001),(2700105,'Présence de minima conventionnel exprimé en PASS, SMIC ou Euros','Présence de minima conventionnel exprimé en PASS, SMIC ou Euros','#if (!$garantie.specificite.minima) NON #else $number.format(\'##.#\', $garantie.specificite.minConventionnel) $garantie.specificite.uniteMinConventionnel #end',NULL,0,6,27001),(2700200,'Capital Décès - IAD par accident','Capital Décès - IAD par accident','100 % du capital Décès - IAD toutes causes',NULL,1,7,27002),(2700300,'Capital Double effet','Capital Double effet','100 % du capital Décès - IAD toutes causes',NULL,1,8,27003),(2700400,'Allocation obsèques','Allocation obsèques','100 % du PMSS',NULL,1,9,27004),(2700500,'Capital Prédécès','Capital Prédécès','100 % du PMSS',NULL,1,10,27005),(2700600,'(en % du salaire de référence)','(en % du salaire de référence)',NULL,NULL,0,11,27006),(2700601,'Progressive','Progressive',NULL,'#if (${garantie.specificite.typeGarantieRenteEducation} == \"PROGRESSIVE\")true#end',0,12,27006),(2700602,'• Jusqu\'à 10 ans inclus','• Jusqu\'à ${garantie.specificite.progressivePalierBeanList[0].ageValue} ans inclus','$number.percent($garantie.specificite.progressivePalierBeanList[0].tauxValue)','#if (${garantie.specificite.typeGarantieRenteEducation} == \"PROGRESSIVE\")true#end',0,13,27006),(2700603,'• De 11 ans à 17 ans inclus','• De #set($ageMin = ${garantie.specificite.progressivePalierBeanList[0].ageValue} + 1) ${ageMin} ans à ${garantie.specificite.progressivePalierBeanList[1].ageValue} ans inclus','$number.percent($garantie.specificite.progressivePalierBeanList[1].tauxValue)','#if (${garantie.specificite.typeGarantieRenteEducation} == \"PROGRESSIVE\")true#end',0,14,27006),(2700604,'• De 18 ans à 27 ans inclus (à vie pour les enfants en situation de handicap).','• De #set($ageMin = ${garantie.specificite.progressivePalierBeanList[1].ageValue} + 1) ${ageMin} ans à 27 ans inclus (à vie pour les enfants en situation de handicap).','$number.percent($garantie.specificite.progressivePalierBeanList[2].tauxValue)','#if (${garantie.specificite.typeGarantieRenteEducation} == \"PROGRESSIVE\")true#end',0,15,27006),(2700605,'Linéaire','Linéaire',NULL,'#if (${garantie.specificite.typeGarantieRenteEducation} == \"LINEAIRE\")true#end',0,16,27006),(2700606,'De 18 à 27 ans, le versement est conditionné à la poursuite d\'études.','De 18 à 27 ans, le versement est conditionné à la poursuite d\'études.',NULL,'#if (${garantie.specificite.typeGarantieRenteEducation} == \"PROGRESSIVE\")true#end',0,17,27006),(2700607,'• Jusqu\'à 27 ans inclus (si poursuite d\'études ou apprentissage), à vie pour les enfants en situation de handicap','• Jusqu\'à 27 ans inclus (si poursuite d\'études ou apprentissage), à vie pour les enfants en situation de handicap','$number.percent($garantie.specificite.lineaireValue)','#if (${garantie.specificite.typeGarantieRenteEducation} == \"LINEAIRE\")true#end',0,18,27006),(2700608,'Présence de minima conventionnel exprimé en PASS, SMIC ou Euros','Présence de minima conventionnel exprimé en PASS, SMIC ou Euros','#if (!$garantie.specificite.minima) NON #else $number.format(\'##.#\', $garantie.specificite.minConventionnel) $garantie.specificite.uniteMinConventionnel #end',NULL,0,19,27006),(2700700,'Allocation  complémentaire orphelin','Allocation  complémentaire orphelin','#set($tauxOrphelin = ${garantie.specificite.tauxRenteOrphelin}*100) $number.format(\'##.##\', $tauxOrphelin) % de la rente éducation',NULL,1,20,27007),(2700800,'Rente de conjoint viagère à formule','Rente de conjoint viagère à formule','#set($tauxViagere = ${garantie.specificite.tauxRenteViagereFormule}*100) (65 - X) × $number.format(\'##.##\', $tauxViagere) %','#if (${garantie.specificite.formuleChoisie} == true)true#end',1,21,27008),(2700801,'Rente de conjoint viagère linéaire','Rente de conjoint viagère linéaire','#set($tauxViagere = ${garantie.specificite.tauxRenteViagereLineaire}*100) $number.format(\'##.##\', $tauxViagere) %','#if (${garantie.specificite.formuleChoisie} == false)true#end',1,22,27008),(2700900,'Rente de conjoint temporaire à formule','Rente de conjoint temporaire à formule','#set($tauxTemporaire = ${garantie.specificite.tauxRenteTemporaireFormule}*100) (X - 25) × $number.format(\'##.##\', $tauxTemporaire) %','#if (${garantie.specificite.formuleChoisie} == true)true#end',1,23,27009),(2700901,'Rente de conjoint temporaire linéaire','Rente de conjoint temporaire linéaire','#set($tauxTemporaire = ${garantie.specificite.tauxRenteTemporaireLineaire}*100) $number.format(\'##.##\', $tauxTemporaire) %','#if (${garantie.specificite.formuleChoisie} == false)true#end',1,24,27009),(2701000,'Allocation orphelin (en % du salaire de référence)','Allocation orphelin (en % du salaire de référence)','#set($tauxOrphelin = ${garantie.specificite.tauxAllocationOrphelin}*100) $number.format(\'##.##\', $tauxOrphelin) %',NULL,1,25,27010),(2701100,'Capital substitutif à la rente de conjoint','Capital substitutif à la rente de conjoint','#set($tauxCapitalSubstitutif = ${garantie.specificite.tauxCapitalSubstitutif}*100) $number.format(\'##.##\', $tauxCapitalSubstitutif) %',NULL,0,26,27011),(2701200,'Exonération des cotisations','Exonération des cotisations','En inclusion',NULL,1,27,27012),(2701300,'Des garanties et services d’assistance','Des garanties et services d’assistance','En inclusion',NULL,1,28,27013),(2710100,'(en % du salaire de référence)','(en % du salaire de référence)',NULL,NULL,0,1,27101),(2710101,'• Célibataire, veuf, divorcé','• Célibataire, veuf, divorcé','$number.percent($garantie.specificite.tauxCVD)',NULL,0,2,27101),(2710102,'• Marié, concubin, pacsé','• Marié, concubin, pacsé','$number.percent($garantie.specificite.tauxMCP)',NULL,0,3,27101),(2710103,'• Majoration pour enfant(s) ou personne(s) à charge','• Majoration pour enfant(s) ou personne(s) à charge','$number.percent($garantie.specificite.tauxMajorationEAC)','#if (${garantie.specificite.tauxMajorationEAC})true#end',0,4,27101),(2710104,'Option : niveau de garantie identique pour les Célibataires, veufs, divorcés avec enfant(s) ou personne(s) à charge et les Mariés, pacsés ou concubins avec enfant(s) ou personne(s) à charge','Option : niveau de garantie identique pour les Célibataires, veufs, divorcés avec enfant(s) ou personne(s) à charge et les Mariés, pacsés ou concubins avec enfant(s) ou personne(s) à charge','${oscar.ouinon($garantie.specificite.assimilationCVD)}',NULL,0,5,27101),(2710105,'Présence de minima conventionnel exprimé en PASS, SMIC ou Euros','Présence de minima conventionnel exprimé en PASS, SMIC ou Euros','#if (!$garantie.specificite.minima) NON #else $number.format(\'##.#\', $garantie.specificite.minConventionnel) $garantie.specificite.uniteMinConventionnel #end',NULL,0,6,27101),(2710200,'Capital Décès - IAD par accident','Capital Décès - IAD par accident','100 % du capital Décès - IAD toutes causes',NULL,1,7,27102),(2710300,'Capital Double effet','Capital Double effet','100 % du capital Décès - IAD toutes causes',NULL,1,8,27103),(2710400,'Allocation obsèques','Allocation obsèques','100 % du PMSS',NULL,1,9,27104),(2710500,'Capital Prédécès','Capital Prédécès','100 % du PMSS',NULL,1,10,27105),(2710600,'(en % du salaire de référence)','(en % du salaire de référence)',NULL,NULL,0,11,27106),(2710601,'Progressive','Progressive',NULL,'#if (${garantie.specificite.typeGarantieRenteEducation} == \"PROGRESSIVE\")true#end',0,12,27106),(2710602,'• Jusqu\'à 10 ans inclus','• Jusqu\'à ${garantie.specificite.progressivePalierBeanList[0].ageValue} ans inclus','$number.percent($garantie.specificite.progressivePalierBeanList[0].tauxValue)','#if (${garantie.specificite.typeGarantieRenteEducation} == \"PROGRESSIVE\")true#end',0,13,27106),(2710603,'• De 11 ans à 17 ans inclus','• De #set($ageMin = ${garantie.specificite.progressivePalierBeanList[0].ageValue} + 1) ${ageMin} ans à ${garantie.specificite.progressivePalierBeanList[1].ageValue} ans inclus','$number.percent($garantie.specificite.progressivePalierBeanList[1].tauxValue)','#if (${garantie.specificite.typeGarantieRenteEducation} == \"PROGRESSIVE\")true#end',0,14,27106),(2710604,'• De 18 ans à 27 ans inclus (à vie pour les enfants en situation de handicap).','• De #set($ageMin = ${garantie.specificite.progressivePalierBeanList[1].ageValue} + 1) ${ageMin} ans à 27 ans inclus (à vie pour les enfants en situation de handicap).','$number.percent($garantie.specificite.progressivePalierBeanList[2].tauxValue)','#if (${garantie.specificite.typeGarantieRenteEducation} == \"PROGRESSIVE\")true#end',0,15,27106),(2710605,'Linéaire','Linéaire',NULL,'#if (${garantie.specificite.typeGarantieRenteEducation} == \"LINEAIRE\")true#end',0,16,27106),(2710606,'De 18 à 27 ans, le versement est conditionné à la poursuite d\'études.','De 18 à 27 ans, le versement est conditionné à la poursuite d\'études.',NULL,'#if (${garantie.specificite.typeGarantieRenteEducation} == \"PROGRESSIVE\")true#end',0,17,27106),(2710607,'• Jusqu\'à 27 ans inclus (si poursuite d\'études ou apprentissage), à vie pour les enfants en situation de handicap','• Jusqu\'à 27 ans inclus (si poursuite d\'études ou apprentissage), à vie pour les enfants en situation de handicap','$number.percent($garantie.specificite.lineaireValue)','#if (${garantie.specificite.typeGarantieRenteEducation} == \"LINEAIRE\")true#end',0,18,27106),(2710608,'Présence de minima conventionnel exprimé en PASS, SMIC ou Euros','Présence de minima conventionnel exprimé en PASS, SMIC ou Euros','#if (!$garantie.specificite.minima) NON #else $number.format(\'##.#\', $garantie.specificite.minConventionnel) $garantie.specificite.uniteMinConventionnel #end',NULL,0,19,27106),(2710700,'Allocation  complémentaire orphelin','Allocation  complémentaire orphelin','#set($tauxOrphelin = ${garantie.specificite.tauxRenteOrphelin}*100) $number.format(\'##.##\', $tauxOrphelin) % de la rente éducation',NULL,1,20,27107),(2710800,'Rente de conjoint viagère à formule','Rente de conjoint viagère à formule','#set($tauxViagere = ${garantie.specificite.tauxRenteViagereFormule}*100) (65 - X) × $number.format(\'##.##\', $tauxViagere) %','#if (${garantie.specificite.formuleChoisie} == true)true#end',1,21,27108),(2710801,'Rente de conjoint viagère linéaire','Rente de conjoint viagère linéaire','#set($tauxViagere = ${garantie.specificite.tauxRenteViagereLineaire}*100) $number.format(\'##.##\', $tauxViagere) %','#if (${garantie.specificite.formuleChoisie} == false)true#end',1,22,27108),(2710900,'Rente de conjoint temporaire à formule','Rente de conjoint temporaire à formule','#set($tauxTemporaire = ${garantie.specificite.tauxRenteTemporaireFormule}*100) (X - 25) × $number.format(\'##.##\', $tauxTemporaire) %','#if (${garantie.specificite.formuleChoisie} == true)true#end',1,23,27109),(2710901,'Rente de conjoint temporaire linéaire','Rente de conjoint temporaire linéaire','#set($tauxTemporaire = ${garantie.specificite.tauxRenteTemporaireLineaire}*100) $number.format(\'##.##\', $tauxTemporaire) %','#if (${garantie.specificite.formuleChoisie} == false)true#end',1,24,27109),(2711000,'Allocation orphelin (en % du salaire de référence)','Allocation orphelin (en % du salaire de référence)','#set($tauxOrphelin = ${garantie.specificite.tauxAllocationOrphelin}*100) $number.format(\'##.##\', $tauxOrphelin) %',NULL,1,25,27110),(2711100,'Capital substitutif à la rente de conjoint','Capital substitutif à la rente de conjoint','#set($tauxCapitalSubstitutif = ${garantie.specificite.tauxCapitalSubstitutif}*100) $number.format(\'##.##\', $tauxCapitalSubstitutif) %',NULL,0,26,27111),(2711200,'Exonération des cotisations','Exonération des cotisations','En inclusion',NULL,1,27,27112),(2711300,'Des garanties et services d’assistance','Des garanties et services d’assistance','En inclusion',NULL,1,28,27113);
/*!40000 ALTER TABLE `Prestation` ENABLE KEYS */;
UNLOCK TABLES;

--
-- Table structure for table `Produit`
--

DROP TABLE IF EXISTS `Produit`;
/*!40101 SET @saved_cs_client     = @@character_set_client */;
/*!40101 SET character_set_client = utf8 */;
CREATE TABLE `Produit` (
  `id` int(11) NOT NULL AUTO_INCREMENT,
  `libelle` varchar(250) NOT NULL DEFAULT '',
  `reference` varchar(50) NOT NULL DEFAULT '',
  `numeroOrdre` int(11) NOT NULL DEFAULT '0',
  `typeProduit` varchar(50) NOT NULL DEFAULT '',
  `familleProduit` varchar(50) NOT NULL DEFAULT '',
  `produitadditionnel` tinyint(1) NOT NULL DEFAULT '0',
  `obligatoirePourEntreprise` tinyint(1) NOT NULL DEFAULT '0',
  `effectifMax` int(11) DEFAULT NULL,
  `charteGraphique` varchar(15) NOT NULL DEFAULT '',
  `module_definition_id` int(11) NOT NULL DEFAULT '0',
  `alerteTarificationExterne` varchar(255) DEFAULT NULL,
  `questionnaireRECExige` tinyint(1) NOT NULL DEFAULT '0',
  `libelleModule` varchar(50) NOT NULL,
  `nomChampBadh` varchar(20) DEFAULT NULL,
  `typeQuestionnaireREC` varchar(50) DEFAULT NULL,
  PRIMARY KEY (`id`),
  KEY `FKMODULEDEFINITION` (`module_definition_id`),
  CONSTRAINT `FKMODULEDEFINITION` FOREIGN KEY (`module_definition_id`) REFERENCES `ModuleDefinition` (`id`)
) ENGINE=InnoDB AUTO_INCREMENT=275 DEFAULT CHARSET=utf8;
/*!40101 SET character_set_client = @saved_cs_client */;

--
-- Dumping data for table `Produit`
--

LOCK TABLES `Produit` WRITE;
/*!40000 ALTER TABLE `Produit` DISABLE KEYS */;
INSERT INTO `Produit` (`id`, `libelle`, `reference`, `numeroOrdre`, `typeProduit`, `familleProduit`, `produitadditionnel`, `obligatoirePourEntreprise`, `effectifMax`, `charteGraphique`, `module_definition_id`, `alerteTarificationExterne`, `questionnaireRECExige`, `libelleModule`, `nomChampBadh`, `typeQuestionnaireREC`) VALUES (1,'Prévoyance Collective TPE','EQ',1,'STANDARD','EQUILIBRE',0,0,NULL,'UNPMF',14,NULL,1,'Offre Standard','PREV','NOC'),(2,'Prévoyance Collective TPE 1.50','EQ150',2,'STANDARD','EQUILIBRE150',0,0,NULL,'UNPMF',14,NULL,1,'Offre Standard','PREV','NOC'),(3,'Prévoyance Collective PME','EN',3,'STANDARD','ENERGIE',0,0,NULL,'UNPMF',14,NULL,1,'Offre Standard','PREV','NOC'),(102,'Régime conventionnel','CCN3307',102,'CCN','CCN_CONVENTIONNELLE',0,0,NULL,'MUTEX',17,NULL,0,'Offre recommandée','CONV',NULL),(103,'Garantie additionnelle Décès-IAD','CCN3307A',103,'CCN','CCN_ADDITIONNELLE',1,0,NULL,'MUTEX',17,NULL,0,'Offre recommandée','AD',NULL),(104,'Régime conventionnel','CCN3051',104,'CCN','CCN_CONVENTIONNELLE',0,0,NULL,'MUTEX',17,NULL,0,'Offre recommandée','CONV',NULL),(105,'Garantie additionnelle Décès-IAD','CCN3051A',105,'CCN','CCN_ADDITIONNELLE',1,0,NULL,'MUTEX',17,NULL,0,'Offre recommandée','AD',NULL),(110,'Régime conventionnel','CCN3241',110,'CCN','CCN_CONVENTIONNELLE',0,0,NULL,'MUTEX',17,NULL,0,'Offre recommandée','CONV',NULL),(111,'Garantie additionnelle Décès-IAD','CCN3241A',111,'CCN','CCN_ADDITIONNELLE',1,0,NULL,'MUTEX',17,NULL,0,'Offre recommandée','AD',NULL),(112,'Mensualisation CCN 3001','MENSU3001',112,'MENSU_RELAIS_CCN','MENSU',0,0,NULL,'MUTEX',15,NULL,0,'Offre mensualisation','MENSU',NULL),(113,'Mensualisation CCN 3002','MENSU3002',113,'MENSU_RELAIS_CCN','MENSU',0,0,NULL,'MUTEX',15,NULL,0,'Offre mensualisation','MENSU',NULL),(114,'Mensualisation CCN 3004','MENSU3004',114,'MENSU_RELAIS_CCN','MENSU',0,0,NULL,'MUTEX',15,NULL,0,'Offre mensualisation','MENSU',NULL),(115,'Mensualisation CCN 3005','MENSU3005IDCC2409',115,'MENSU_RELAIS_CCN','MENSU',0,0,NULL,'MUTEX',15,NULL,0,'Offre mensualisation','MENSU',NULL),(116,'Mensualisation CCN 3005','MENSU3005IDCC2614',116,'MENSU_RELAIS_CCN','MENSU',0,0,NULL,'MUTEX',15,NULL,0,'Offre mensualisation','MENSU',NULL),(117,'Mensualisation CCN 3005','MENSU3005IDCC1702',117,'MENSU_RELAIS_CCN','MENSU',0,0,NULL,'MUTEX',15,NULL,0,'Offre mensualisation','MENSU',NULL),(118,'Mensualisation CCN 3015','MENSU3015',118,'MENSU_RELAIS_CCN','MENSU',0,0,NULL,'MUTEX',15,NULL,0,'Offre mensualisation','MENSU',NULL),(119,'Mensualisation CCN 3018','MENSU3018',119,'MENSU_RELAIS_CCN','MENSU',0,0,NULL,'MUTEX',15,NULL,0,'Offre mensualisation','MENSU',NULL),(120,'Mensualisation CCN 3020','MENSU3020',120,'MENSU_RELAIS_CCN','MENSU',0,0,NULL,'MUTEX',15,NULL,0,'Offre mensualisation','MENSU',NULL),(121,'Mensualisation CCN 3022','MENSU3022',121,'MENSU_RELAIS_CCN','MENSU',0,0,NULL,'MUTEX',15,NULL,0,'Offre mensualisation','MENSU',NULL),(122,'Mensualisation CCN 3026','MENSU3026',122,'MENSU_RELAIS_CCN','MENSU',0,0,NULL,'MUTEX',15,NULL,0,'Offre mensualisation','MENSU',NULL),(123,'Mensualisation CCN 3027','MENSU3027',123,'MENSU_RELAIS_CCN','MENSU',0,0,NULL,'MUTEX',15,NULL,0,'Offre mensualisation','MENSU',NULL),(124,'Mensualisation CCN 3033','MENSU3033',124,'MENSU_RELAIS_CCN','MENSU',0,0,NULL,'MUTEX',15,NULL,0,'Offre mensualisation','MENSU',NULL),(125,'Mensualisation CCN 3034','MENSU3034',125,'MENSU_RELAIS_CCN','MENSU',0,0,NULL,'MUTEX',15,NULL,0,'Offre mensualisation','MENSU',NULL),(126,'Mensualisation CCN 3037','MENSU3037',126,'MENSU_RELAIS_CCN','MENSU',0,0,NULL,'MUTEX',15,NULL,0,'Offre mensualisation','MENSU',NULL),(127,'Mensualisation CCN 3042','MENSU3042',127,'MENSU_RELAIS_CCN','MENSU',0,0,NULL,'MUTEX',15,NULL,0,'Offre mensualisation','MENSU',NULL),(128,'Mensualisation CCN 3046','MENSU3046',128,'MENSU_RELAIS_CCN','MENSU',0,0,NULL,'MUTEX',15,NULL,0,'Offre mensualisation','MENSU',NULL),(129,'Mensualisation CCN 3047','MENSU3047',129,'MENSU_RELAIS_CCN','MENSU',0,0,NULL,'MUTEX',15,NULL,0,'Offre mensualisation','MENSU',NULL),(130,'Mensualisation CCN 3050','MENSU3050',130,'MENSU_RELAIS_CCN','MENSU',0,0,NULL,'MUTEX',15,NULL,0,'Offre mensualisation','MENSU',NULL),(131,'Mensualisation CCN 3051','MENSU3051',131,'MENSU_RELAIS_CCN','MENSU',0,0,NULL,'MUTEX',15,NULL,0,'Offre mensualisation','MENSU',NULL),(132,'Mensualisation CCN 3065','MENSU3065',132,'MENSU_RELAIS_CCN','MENSU',0,0,NULL,'MUTEX',15,NULL,0,'Offre mensualisation','MENSU',NULL),(133,'Mensualisation CCN 3066','MENSU3066',133,'MENSU_RELAIS_CCN','MENSU',0,0,NULL,'MUTEX',15,NULL,0,'Offre mensualisation','MENSU',NULL),(134,'Mensualisation CCN 3067','MENSU3067',134,'MENSU_RELAIS_CCN','MENSU',0,0,NULL,'MUTEX',15,NULL,0,'Offre mensualisation','MENSU',NULL),(135,'Mensualisation CCN 3073','MENSU3073',135,'MENSU_RELAIS_CCN','MENSU',0,0,NULL,'MUTEX',15,NULL,0,'Offre mensualisation','MENSU',NULL),(136,'Mensualisation CCN 3078','MENSU3078',136,'MENSU_RELAIS_CCN','MENSU',0,0,NULL,'MUTEX',15,NULL,0,'Offre mensualisation','MENSU',NULL),(137,'Mensualisation CCN 3079','MENSU3079',137,'MENSU_RELAIS_CCN','MENSU',0,0,NULL,'MUTEX',15,NULL,0,'Offre mensualisation','MENSU',NULL),(138,'Mensualisation CCN 3081','MENSU3081',138,'MENSU_RELAIS_CCN','MENSU',0,0,NULL,'MUTEX',15,NULL,0,'Offre mensualisation','MENSU',NULL),(139,'Mensualisation CCN 3082','MENSU3082',139,'MENSU_RELAIS_CCN','MENSU',0,0,NULL,'MUTEX',15,NULL,0,'Offre mensualisation','MENSU',NULL),(140,'Mensualisation CCN 3084','MENSU3084',140,'MENSU_RELAIS_CCN','MENSU',0,0,NULL,'MUTEX',15,NULL,0,'Offre mensualisation','MENSU',NULL),(141,'Mensualisation CCN 3085','MENSU3085',141,'MENSU_RELAIS_CCN','MENSU',0,0,NULL,'MUTEX',15,NULL,0,'Offre mensualisation','MENSU',NULL),(142,'Mensualisation CCN 3090','MENSU3090',142,'MENSU_RELAIS_CCN','MENSU',0,0,NULL,'MUTEX',15,NULL,0,'Offre mensualisation','MENSU',NULL),(143,'Mensualisation CCN 3099','MENSU3099',143,'MENSU_RELAIS_CCN','MENSU',0,0,NULL,'MUTEX',15,NULL,0,'Offre mensualisation','MENSU',NULL),(144,'Mensualisation CCN 3100','MENSU3100',144,'MENSU_RELAIS_CCN','MENSU',0,0,NULL,'MUTEX',15,NULL,0,'Offre mensualisation','MENSU',NULL),(145,'Mensualisation CCN 3102','MENSU3102',145,'MENSU_RELAIS_CCN','MENSU',0,0,NULL,'MUTEX',15,NULL,0,'Offre mensualisation','MENSU',NULL),(146,'Mensualisation CCN 3103','MENSU3103',146,'MENSU_RELAIS_CCN','MENSU',0,0,NULL,'MUTEX',15,NULL,0,'Offre mensualisation','MENSU',NULL),(147,'Mensualisation CCN 3106','MENSU3106',147,'MENSU_RELAIS_CCN','MENSU',0,0,NULL,'MUTEX',15,NULL,0,'Offre mensualisation','MENSU',NULL),(149,'Mensualisation CCN 3111','MENSU3111',149,'MENSU_RELAIS_CCN','MENSU',0,0,NULL,'MUTEX',15,NULL,0,'Offre mensualisation','MENSU',NULL),(150,'Mensualisation CCN 3113','MENSU3113',150,'MENSU_RELAIS_CCN','MENSU',0,0,NULL,'MUTEX',15,NULL,0,'Offre mensualisation','MENSU',NULL),(151,'Mensualisation CCN 3120','MENSU3120',151,'MENSU_RELAIS_CCN','MENSU',0,0,NULL,'MUTEX',15,NULL,0,'Offre mensualisation','MENSU',NULL),(152,'Mensualisation CCN 3124','MENSU3124',152,'MENSU_RELAIS_CCN','MENSU',0,0,NULL,'MUTEX',15,NULL,0,'Offre mensualisation','MENSU',NULL),(153,'Mensualisation CCN 3125','MENSU3125',153,'MENSU_RELAIS_CCN','MENSU',0,0,NULL,'MUTEX',15,NULL,0,'Offre mensualisation','MENSU',NULL),(154,'Mensualisation CCN 3136','MENSU3136',154,'MENSU_RELAIS_CCN','MENSU',0,0,NULL,'MUTEX',15,NULL,0,'Offre mensualisation','MENSU',NULL),(155,'Mensualisation CCN 3137','MENSU3137',155,'MENSU_RELAIS_CCN','MENSU',0,0,NULL,'MUTEX',15,NULL,0,'Offre mensualisation','MENSU',NULL),(156,'Mensualisation CCN 3139','MENSU3139',156,'MENSU_RELAIS_CCN','MENSU',0,0,NULL,'MUTEX',15,NULL,0,'Offre mensualisation','MENSU',NULL),(157,'Mensualisation CCN 3140','MENSU3140',157,'MENSU_RELAIS_CCN','MENSU',0,0,NULL,'MUTEX',15,NULL,0,'Offre mensualisation','MENSU',NULL),(158,'Mensualisation CCN 3141','MENSU3141',158,'MENSU_RELAIS_CCN','MENSU',0,0,NULL,'MUTEX',15,NULL,0,'Offre mensualisation','MENSU',NULL),(159,'Mensualisation CCN 3142','MENSU3142',159,'MENSU_RELAIS_CCN','MENSU',0,0,NULL,'MUTEX',15,NULL,0,'Offre mensualisation','MENSU',NULL),(160,'Mensualisation CCN 3144','MENSU3144',160,'MENSU_RELAIS_CCN','MENSU',0,0,NULL,'MUTEX',15,NULL,0,'Offre mensualisation','MENSU',NULL),(161,'Mensualisation CCN 3145','MENSU3145',161,'MENSU_RELAIS_CCN','MENSU',0,0,NULL,'MUTEX',15,NULL,0,'Offre mensualisation','MENSU',NULL),(162,'Mensualisation CCN 3152','MENSU3152',162,'MENSU_RELAIS_CCN','MENSU',0,0,NULL,'MUTEX',15,NULL,0,'Offre mensualisation','MENSU',NULL),(163,'Mensualisation CCN 3153','MENSU3153',163,'MENSU_RELAIS_CCN','MENSU',0,0,NULL,'MUTEX',15,NULL,0,'Offre mensualisation','MENSU',NULL),(164,'Mensualisation CCN 3157','MENSU3157',164,'MENSU_RELAIS_CCN','MENSU',0,0,NULL,'MUTEX',15,NULL,0,'Offre mensualisation','MENSU',NULL),(165,'Mensualisation CCN 3159','MENSU3159',165,'MENSU_RELAIS_CCN','MENSU',0,0,NULL,'MUTEX',15,NULL,0,'Offre mensualisation','MENSU',NULL),(166,'Mensualisation CCN 3161','MENSU3161',166,'MENSU_RELAIS_CCN','MENSU',0,0,NULL,'MUTEX',15,NULL,0,'Offre mensualisation','MENSU',NULL),(167,'Mensualisation CCN 3163','MENSU3163',167,'MENSU_RELAIS_CCN','MENSU',0,0,NULL,'MUTEX',15,NULL,0,'Offre mensualisation','MENSU',NULL),(168,'Mensualisation CCN 3165','MENSU3165',168,'MENSU_RELAIS_CCN','MENSU',0,0,NULL,'MUTEX',15,NULL,0,'Offre mensualisation','MENSU',NULL),(169,'Mensualisation CCN 3169','MENSU3169',169,'MENSU_RELAIS_CCN','MENSU',0,0,NULL,'MUTEX',15,NULL,0,'Offre mensualisation','MENSU',NULL),(170,'Mensualisation CCN 3170','MENSU3170',170,'MENSU_RELAIS_CCN','MENSU',0,0,NULL,'MUTEX',15,NULL,0,'Offre mensualisation','MENSU',NULL),(171,'Mensualisation CCN 3171','MENSU3171',171,'MENSU_RELAIS_CCN','MENSU',0,0,NULL,'MUTEX',15,NULL,0,'Offre mensualisation','MENSU',NULL),(172,'Mensualisation CCN 3172','MENSU3172',172,'MENSU_RELAIS_CCN','MENSU',0,0,NULL,'MUTEX',15,NULL,0,'Offre mensualisation','MENSU',NULL),(173,'Mensualisation CCN 3175','MENSU3175',173,'MENSU_RELAIS_CCN','MENSU',0,0,NULL,'MUTEX',15,NULL,0,'Offre mensualisation','MENSU',NULL),(174,'Mensualisation CCN 3177','MENSU3177',174,'MENSU_RELAIS_CCN','MENSU',0,0,NULL,'MUTEX',15,NULL,0,'Offre mensualisation','MENSU',NULL),(175,'Mensualisation CCN 3178','MENSU3178',175,'MENSU_RELAIS_CCN','MENSU',0,0,NULL,'MUTEX',15,NULL,0,'Offre mensualisation','MENSU',NULL),(176,'Mensualisation CCN 3183','MENSU3183',176,'MENSU_RELAIS_CCN','MENSU',0,0,NULL,'MUTEX',15,NULL,0,'Offre mensualisation','MENSU',NULL),(177,'Mensualisation CCN 3187','MENSU3187',177,'MENSU_RELAIS_CCN','MENSU',0,0,NULL,'MUTEX',15,NULL,0,'Offre mensualisation','MENSU',NULL),(178,'Mensualisation CCN 3193','MENSU3193',178,'MENSU_RELAIS_CCN','MENSU',0,0,NULL,'MUTEX',15,NULL,0,'Offre mensualisation','MENSU',NULL),(179,'Mensualisation CCN 3212','MENSU3212',179,'MENSU_RELAIS_CCN','MENSU',0,0,NULL,'MUTEX',15,NULL,0,'Offre mensualisation','MENSU',NULL),(180,'Mensualisation CCN 3216','MENSU3216',180,'MENSU_RELAIS_CCN','MENSU',0,0,NULL,'MUTEX',15,NULL,0,'Offre mensualisation','MENSU',NULL),(181,'Mensualisation CCN 3220','MENSU3220',181,'MENSU_RELAIS_CCN','MENSU',0,0,NULL,'MUTEX',15,NULL,0,'Offre mensualisation','MENSU',NULL),(182,'Mensualisation CCN 3221','MENSU3221',182,'MENSU_RELAIS_CCN','MENSU',0,0,NULL,'MUTEX',15,NULL,0,'Offre mensualisation','MENSU',NULL),(183,'Mensualisation CCN 3228','MENSU3228',183,'MENSU_RELAIS_CCN','MENSU',0,0,NULL,'MUTEX',15,NULL,0,'Offre mensualisation','MENSU',NULL),(184,'Mensualisation CCN 3232','MENSU3232',184,'MENSU_RELAIS_CCN','MENSU',0,0,NULL,'MUTEX',15,NULL,0,'Offre mensualisation','MENSU',NULL),(185,'Mensualisation CCN 3238','MENSU3238',185,'MENSU_RELAIS_CCN','MENSU',0,0,NULL,'MUTEX',15,NULL,0,'Offre mensualisation','MENSU',NULL),(186,'Mensualisation CCN 3241','MENSU3241',186,'MENSU_RELAIS_CCN','MENSU',0,0,NULL,'MUTEX',15,NULL,0,'Offre mensualisation','MENSU',NULL),(187,'Mensualisation CCN 3245','MENSU3245',187,'MENSU_RELAIS_CCN','MENSU',0,0,NULL,'MUTEX',15,NULL,0,'Offre mensualisation','MENSU',NULL),(188,'Mensualisation CCN 3247','MENSU3247',188,'MENSU_RELAIS_CCN','MENSU',0,0,NULL,'MUTEX',15,NULL,0,'Offre mensualisation','MENSU',NULL),(189,'Mensualisation CCN 3248','MENSU3248',189,'MENSU_RELAIS_CCN','MENSU',0,0,NULL,'MUTEX',15,NULL,0,'Offre mensualisation','MENSU',NULL),(190,'Mensualisation CCN 3249','MENSU3249',190,'MENSU_RELAIS_CCN','MENSU',0,0,NULL,'MUTEX',15,NULL,0,'Offre mensualisation','MENSU',NULL),(191,'Mensualisation CCN 3251','MENSU3251',191,'MENSU_RELAIS_CCN','MENSU',0,0,NULL,'MUTEX',15,NULL,0,'Offre mensualisation','MENSU',NULL),(192,'Mensualisation CCN 3253','MENSU3253',192,'MENSU_RELAIS_CCN','MENSU',0,0,NULL,'MUTEX',15,NULL,0,'Offre mensualisation','MENSU',NULL),(193,'Mensualisation CCN 3255','MENSU3255',193,'MENSU_RELAIS_CCN','MENSU',0,0,NULL,'MUTEX',15,NULL,0,'Offre mensualisation','MENSU',NULL),(194,'Mensualisation CCN 3260','MENSU3260',194,'MENSU_RELAIS_CCN','MENSU',0,0,NULL,'MUTEX',15,NULL,0,'Offre mensualisation','MENSU',NULL),(195,'Mensualisation CCN 3272','MENSU3272',195,'MENSU_RELAIS_CCN','MENSU',0,0,NULL,'MUTEX',15,NULL,0,'Offre mensualisation','MENSU',NULL),(196,'Mensualisation CCN 3280','MENSU3280',196,'MENSU_RELAIS_CCN','MENSU',0,0,NULL,'MUTEX',15,NULL,0,'Offre mensualisation','MENSU',NULL),(197,'Mensualisation CCN 3286','MENSU3286',197,'MENSU_RELAIS_CCN','MENSU',0,0,NULL,'MUTEX',15,NULL,0,'Offre mensualisation','MENSU',NULL),(198,'Mensualisation CCN 3287','MENSU3287',198,'MENSU_RELAIS_CCN','MENSU',0,0,NULL,'MUTEX',15,NULL,0,'Offre mensualisation','MENSU',NULL),(199,'Mensualisation CCN 3291','MENSU3291',199,'MENSU_RELAIS_CCN','MENSU',0,0,NULL,'MUTEX',15,NULL,0,'Offre mensualisation','MENSU',NULL),(200,'Mensualisation CCN 3294','MENSU3294',200,'MENSU_RELAIS_CCN','MENSU',0,0,NULL,'MUTEX',15,NULL,0,'Offre mensualisation','MENSU',NULL),(201,'Mensualisation CCN 3301','MENSU3301',201,'MENSU_RELAIS_CCN','MENSU',0,0,NULL,'MUTEX',15,NULL,0,'Offre mensualisation','MENSU',NULL),(202,'Mensualisation CCN 3302','MENSU3302',202,'MENSU_RELAIS_CCN','MENSU',0,0,NULL,'MUTEX',15,NULL,0,'Offre mensualisation','MENSU',NULL),(203,'Mensualisation CCN 3309','MENSU3309',203,'MENSU_RELAIS_CCN','MENSU',0,0,NULL,'MUTEX',15,NULL,0,'Offre mensualisation','MENSU',NULL),(204,'Mensualisation CCN 3322','MENSU3322',204,'MENSU_RELAIS_CCN','MENSU',0,0,NULL,'MUTEX',15,NULL,0,'Offre mensualisation','MENSU',NULL),(205,'Mensualisation CCN 3604','MENSU3604',205,'MENSU_RELAIS_CCN','MENSU',0,0,NULL,'MUTEX',15,NULL,0,'Offre mensualisation','MENSU',NULL),(206,'Mensualisation CCN 3607','MENSU3607',206,'MENSU_RELAIS_CCN','MENSU',0,0,NULL,'MUTEX',15,NULL,0,'Offre mensualisation','MENSU',NULL),(207,'Mensualisation CCN 3608','MENSU3608',207,'MENSU_RELAIS_CCN','MENSU',0,0,NULL,'MUTEX',15,NULL,0,'Offre mensualisation','MENSU',NULL),(208,'Mensualisation CCN 3614','MENSU3614',208,'MENSU_RELAIS_CCN','MENSU',0,0,NULL,'MUTEX',15,NULL,0,'Offre mensualisation','MENSU',NULL),(209,'Mensualisation CCN 3616','MENSU3616',209,'MENSU_RELAIS_CCN','MENSU',0,0,NULL,'MUTEX',15,NULL,0,'Offre mensualisation','MENSU',NULL),(210,'Mensualisation CCN 3109','MENSU3109',210,'MENSU_RELAIS_CCN','MENSU',0,0,NULL,'MUTEX',15,NULL,0,'Offre mensualisation','MENSU',NULL),(211,'Mensualisation CCN 3086','MENSU3086',211,'MENSU_RELAIS_CCN','MENSU',0,0,NULL,'MUTEX',15,NULL,0,'Offre mensualisation','MENSU',NULL),(212,'Accord National de Mensualisation','MENSUAN',212,'MENSU_RELAIS_AN','MENSU',0,0,NULL,'MUTEX',16,'Veuillez vérifier qu’aucun régime obligatoire n’est mis en place. L’accord national de mensualisation ne peut assurer que partiellement l’obligation de l’employeur',0,'Accord national de mensualisation','MENSU',NULL),(213,'Complément Relais CCN 3066','RELAIS3066',213,'MENSU_RELAIS_CCN','RELAIS',0,0,NULL,'MUTEX',15,NULL,0,'Complément relais',NULL,NULL),(214,'Complément Relais CCN 3106','RELAIS3106',214,'MENSU_RELAIS_CCN','RELAIS',0,0,NULL,'MUTEX',15,NULL,0,'Complément relais',NULL,NULL),(215,'Complément Relais CCN 3125','RELAIS3125',215,'MENSU_RELAIS_CCN','RELAIS',0,0,NULL,'MUTEX',15,NULL,0,'Complément relais',NULL,NULL),(216,'Complément Relais CCN 3157','RELAIS3157',216,'MENSU_RELAIS_CCN','RELAIS',0,0,NULL,'MUTEX',15,NULL,0,'Complément relais',NULL,NULL),(217,'Complément Relais CCN 3165','RELAIS3165',217,'MENSU_RELAIS_CCN','RELAIS',0,0,NULL,'MUTEX',15,NULL,0,'Complément relais',NULL,NULL),(218,'Complément Relais CCN 3228','RELAIS3228',218,'MENSU_RELAIS_CCN','RELAIS',0,0,NULL,'MUTEX',15,NULL,0,'Complément relais',NULL,NULL),(219,'Complément Relais CCN 3109','RELAIS3109',219,'MENSU_RELAIS_CCN','RELAIS',0,0,NULL,'MUTEX',15,NULL,0,'Complément relais',NULL,NULL),(220,'Complément Relais','RELAISAN',220,'MENSU_RELAIS_AN','RELAIS',0,0,NULL,'MUTEX',16,'Veuillez vérifier qu’aucun régime obligatoire n’est mis en place. L’accord national de mensualisation ne peut assurer que partiellement l’obligation de l’employeur',0,'Complément relais',NULL,NULL),(221,'Offre prévoyance','EXT_PREV',221,'TARIFICATION_EXTERNE','PREVOYANCE_CONVENTIONNELLE',0,0,NULL,'MUTEX',13,'Mutex ne propose pas d\'offre en prévoyance',0,'Pas d\'offre prévoyance','PREV',NULL),(222,'L\'offre prévoyance disponible sur mutexetvous','EXT_PREV_MEV44',222,'TARIFICATION_EXTERNE','CCN',0,0,NULL,'MUTEX',13,'Notre offre prévoyance est uniquement disponible sur mutexetvous',0,'Offre recommandée','PREV',NULL),(223,'L\'offre prévoyance disponible sur mutexetvous','EXT_PREV_MEV42',223,'TARIFICATION_EXTERNE','CCN',0,0,NULL,'MUTEX',13,'Notre offre prévoyance est uniquement disponible sur mutexetvous',0,'Offre libre','PREV',NULL),(224,'L\'offre prévoyance disponible sur chorum.fr','EXT_PREV_CHORUM46',224,'TARIFICATION_EXTERNE','CCN',0,0,NULL,'MUTEX',13,'L\'offre prévoyance est uniquement disponible sur chorum.fr',0,'Offre libre','PREV',NULL),(225,'L\'offre prévoyance disponible sur chorum.fr','EXT_PREV_CHORUM48',225,'TARIFICATION_EXTERNE','CCN',0,0,NULL,'MUTEX',13,'L\'offre prévoyance est uniquement disponible sur chorum.fr',0,'Offre recommandée','PREV',NULL),(226,'Offre mensualisation disponible sur chorum.fr','EXT_MENSU_CHORUM',226,'TARIFICATION_EXTERNE','MENSU',0,0,NULL,'MUTEX',15,'L\'offre mensualisation est uniquement disponible sur chorum.fr',0,'Offre mensualisation','MENSU',NULL),(227,'Mensualisation CCN 3305','MENSU3305',227,'MENSU_RELAIS_CCN','MENSU',0,0,NULL,'MUTEX',15,NULL,0,'Offre mensualisation','MENSU',NULL),(228,'Mensualisation CCN 3155','MENSU3155',228,'MENSU_RELAIS_CCN','MENSU',0,0,NULL,'MUTEX',15,NULL,0,'Offre mensualisation','MENSU',NULL),(229,'Mensualisation CCN 3044','MENSU3044',229,'MENSU_RELAIS_CCN','MENSU',0,0,NULL,'MUTEX',15,NULL,0,'Offre mensualisation','MENSU',NULL),(230,'Mensualisation CCN 3108 UIC','MENSU3108UIC',230,'MENSU_RELAIS_CCN','MENSU',0,0,NULL,'MUTEX',15,NULL,0,'Offre mensualisation','MENSU',NULL),(231,'Mensualisation CCN 3108 NON UIC','MENSU3108NONUIC',231,'MENSU_RELAIS_CCN','MENSU',0,0,NULL,'MUTEX',15,NULL,0,'Offre mensualisation','MENSU',NULL),(232,'Mensualisation CCN 3246','MENSU3246',232,'MENSU_RELAIS_CCN','MENSU',0,0,NULL,'MUTEX',15,NULL,0,'Offre mensualisation','MENSU',NULL),(233,'Mensualisation CCN 3328','MENSU3328',233,'MENSU_RELAIS_CCN','MENSU',0,0,NULL,'MUTEX',15,NULL,0,'Offre mensualisation','MENSU',NULL),(234,'Régime de base','CCN3018RB',234,'CCN','CCN_CONVENTIONNELLE',0,0,99,'MUTEX',17,NULL,0,'Offre Libre','BASE',NULL),(235,'Régime amélioré 1','CCN3018RA1',235,'CCN','CCN_CONVENTIONNELLE',0,0,99,'MUTEX',17,NULL,0,'Offre Libre','AM1',NULL),(236,'Régime amélioré 2','CCN3018RA2',236,'CCN','CCN_CONVENTIONNELLE',0,0,99,'MUTEX',17,NULL,0,'Offre Libre','AM2',NULL),(237,'Prévoyance essentielle','CCN3090PE',237,'CCN','CCN_CONVENTIONNELLE',0,0,99,'MUTEX',17,NULL,0,'Offre Libre','PREVESS',NULL),(238,'Prévoyance confort','CCN3090PC',238,'CCN','CCN_CONVENTIONNELLE',0,0,99,'MUTEX',17,NULL,0,'Offre Libre','PREVCONF',NULL),(239,'Régime de base','CCN3065RB',239,'CCN','CCN_CONVENTIONNELLE',0,0,99,'MUTEX',17,NULL,0,'Offre Libre','BASE',NULL),(240,'Régime de base','CCN3196RB',240,'CCN','CCN_CONVENTIONNELLE',0,0,299,'MUTEX',17,NULL,1,'Offre Libre','BASE','PREVENTION_SECURITE'),(241,'Régime de base','CCN3175RB',241,'CCN','CCN_CONVENTIONNELLE',0,0,99,'MUTEX',17,NULL,0,'Offre Libre','BASE',NULL),(242,'Régime de prévoyance','CCN3108UICRP',242,'CCN','CCN_CONVENTIONNELLE',0,0,99,'MUTEX',17,NULL,0,'Offre Libre','PREV',NULL),(243,'Régime de prévoyance','CCN3108NONUICRP',243,'CCN','CCN_CONVENTIONNELLE',0,0,99,'MUTEX',17,NULL,0,'Offre Libre','PREV',NULL),(244,'Garantie Décès-IAD accidentel','CCN3108NONUICA',244,'CCN','CCN_CONVENTIONNELLE',0,0,99,'MUTEX',17,NULL,0,'Offre Libre','OPT',NULL),(245,'Régime de base','CCN3066RB',245,'CCN','CCN_CONVENTIONNELLE',0,0,NULL,'MUTEX',17,NULL,0,'Offre recommandée','BASE',NULL),(246,'Option capital décès amélioré','CCN3066OCDCA',246,'CCN','CCN_CONVENTIONNELLE',0,0,NULL,'MUTEX',17,NULL,0,'Offre recommandée','CONVAM',NULL),(247,'Option Arrêt de travail amélioré','CCN3066OATA',247,'CCN','CCN_CONVENTIONNELLE',0,0,NULL,'MUTEX',17,NULL,0,'Offre recommandée','CONVAM',NULL),(248,'Régime conventionnel','CCN3246RC',248,'CCN','CCN_CONVENTIONNELLE',0,0,NULL,'MUTEX',17,NULL,0,'Offre recommandée ESS','CONV',NULL),(249,'Option Capital décès additionnel','CCN3246OKDCA',249,'CCN','CCN_CONVENTIONNELLE',0,0,NULL,'MUTEX',17,NULL,0,'Offre recommandée ESS','AD',NULL),(250,'Régime conventionnel','CCN3151RC',250,'CCN','CCN_CONVENTIONNELLE',0,0,NULL,'MUTEX',17,NULL,0,'Offre recommandée ESS','CONV',NULL),(251,'Régime conventionnel','CCN3381RC',251,'CCN','CCN_CONVENTIONNELLE',0,0,NULL,'MUTEX',17,NULL,0,'Offre recommandée ESS','CONV',NULL),(252,'Maintien de  salaire inclus dans Régime conventionnel','CCN3381RCMS',252,'CCN','CCN_CONVENTIONNELLE',0,0,NULL,'MUTEX',17,NULL,0,'Offre recommandée ESS','CONV',NULL),(253,'Option A Cadres (capital décès additionnel)','CCN3381OAC',253,'CCN','CCN_CONVENTIONNELLE',0,0,NULL,'MUTEX',17,NULL,0,'Offre recommandée ESS','AD',NULL),(254,'Option B Cadres  (capital décès additionnel + rente de conjoint)','CCN3381OBC',254,'CCN','CCN_CONVENTIONNELLE',0,0,NULL,'MUTEX',17,NULL,0,'Offre recommandée ESS','AD',NULL),(255,'Mensualisation CCN 3196','MENSU3196',255,'MENSU_RELAIS_CCN','MENSU',0,0,NULL,'MUTEX',15,NULL,0,'Offre mensualisation','MENSU',NULL),(256,'Régime conventionnel','CCN3328RC',256,'CCN','CCN_CONVENTIONNELLE',0,0,NULL,'MUTEX',17,NULL,0,'Offre recommandée ESS','CONV',NULL),(257,'Option capital décès additionnel','CCN3328OCDA',257,'CCN','CCN_CONVENTIONNELLE',0,0,NULL,'MUTEX',17,NULL,0,'Offre recommandée ESS','AD',NULL),(258,'Régime conventionnel','CCN3044RCV',258,'CCN','CCN_CONVENTIONNELLE',0,0,99,'MUTEX',17,NULL,0,'Offre Libre','CONV',NULL),(259,'Régime amélioré','CCN3044RA',259,'CCN','CCN_CONVENTIONNELLE',0,0,99,'MUTEX',17,NULL,0,'Offre Libre','CONVAM',NULL),(260,'Régime confort','CCN3044RCF',260,'CCN','CCN_CONVENTIONNELLE',0,0,99,'MUTEX',17,NULL,0,'Offre Libre','CONF',NULL),(261,'Garantie décès optionnelle','CCN3044GDCO',261,'CCN','CCN_CONVENTIONNELLE',0,0,99,'MUTEX',17,NULL,0,'Offre Libre','ADI',NULL),(262,'Régime conventionnel','CCN3292RCV',262,'CCN','CCN_CONVENTIONNELLE',0,0,99,'MUTEX',17,NULL,1,'Offre Libre','CONV','HCR'),(263,'Offre additionnelle cadres','CCN3292OAC',263,'CCN','CCN_CONVENTIONNELLE',0,0,99,'MUTEX',17,NULL,0,'Offre Libre','AD',NULL),(264,'Offre conventionnelle ','CCN3085OC',264,'CCN','CCN_CONVENTIONNELLE',0,0,75,'MUTEX',17,NULL,1,'Offre Libre','CONV','TRANSPORTS_ROUTIERS'),(265,'Offre complément 1 ','CCN3085OC1',265,'CCN','CCN_CONVENTIONNELLE',0,0,75,'MUTEX',17,NULL,1,'Offre Libre','COMP1','TRANSPORTS_ROUTIERS'),(266,'Offre complément 2 ','CCN3085OC2',266,'CCN','CCN_CONVENTIONNELLE',0,0,75,'MUTEX',17,NULL,1,'Offre Libre','COMP2','TRANSPORTS_ROUTIERS'),(267,'Offre tout inclus ','CCN3085OTI',267,'CCN','CCN_CONVENTIONNELLE',0,0,75,'MUTEX',17,NULL,1,'Offre Libre','INCLUS','TRANSPORTS_ROUTIERS'),(270,'Prévoyance Collective TPE additionnelle','EQ_ADD',270,'STANDARD','EQUILIBRE',0,0,NULL,'UNPMF',18,NULL,1,'Offre Standard additionnelle','PREV','NOC'),(271,'Prévoyance Collective PME additionnelle','EN_ADD',271,'STANDARD','ENERGIE',0,0,NULL,'UNPMF',18,NULL,1,'Offre Standard additionnelle','PREV','NOC'),(272,'Offre mensualisation','EXT_MENSU',272,'TARIFICATION_EXTERNE','MENSU',0,0,NULL,'MUTEX',15,'Mutex ne propose pas d\'offre en mensualisation',0,'Pas d\'offre de mensualisation',NULL,NULL),(273,'Offre additionnelle cadres','CCN3292OAC1',273,'CCN','CCN_CONVENTIONNELLE',0,0,99,'MUTEX',17,NULL,0,'Offre Libre','AD',NULL),(274,'Régime conventionnel','CCN3301RC',274,'CCN','CCN_CONVENTIONNELLE',0,0,NULL,'MUTEX',17,NULL,0,'Offre recommandée','CONV',NULL);
/*!40000 ALTER TABLE `Produit` ENABLE KEYS */;
UNLOCK TABLES;

--
-- Table structure for table `ProduitCategorieObjectiveLink`
--

DROP TABLE IF EXISTS `ProduitCategorieObjectiveLink`;
/*!40101 SET @saved_cs_client     = @@character_set_client */;
/*!40101 SET character_set_client = utf8 */;
CREATE TABLE `ProduitCategorieObjectiveLink` (
  `categorieObjective_identifiant` int(11) NOT NULL,
  `produit_id` int(11) NOT NULL,
  PRIMARY KEY (`categorieObjective_identifiant`,`produit_id`),
  KEY `categorieObjective_identifiant` (`categorieObjective_identifiant`),
  KEY `produit_id` (`produit_id`),
  CONSTRAINT `FK__categorieobjective` FOREIGN KEY (`categorieObjective_identifiant`) REFERENCES `CategorieObjective` (`identifiant`),
  CONSTRAINT `FK__produit` FOREIGN KEY (`produit_id`) REFERENCES `Produit` (`id`)
) ENGINE=InnoDB DEFAULT CHARSET=utf8;
/*!40101 SET character_set_client = @saved_cs_client */;

--
-- Dumping data for table `ProduitCategorieObjectiveLink`
--

LOCK TABLES `ProduitCategorieObjectiveLink` WRITE;
/*!40000 ALTER TABLE `ProduitCategorieObjectiveLink` DISABLE KEYS */;
INSERT INTO `ProduitCategorieObjectiveLink` (`categorieObjective_identifiant`, `produit_id`) VALUES (1,1),(1,3),(1,270),(1,271),(2,1),(2,2),(2,3),(2,270),(2,271),(3,1),(3,3),(3,270),(3,271),(4,1),(4,3),(4,270),(4,271);
/*!40000 ALTER TABLE `ProduitCategorieObjectiveLink` ENABLE KEYS */;
UNLOCK TABLES;

--
-- Table structure for table `ProduitTypeCollegeLink`
--

DROP TABLE IF EXISTS `ProduitTypeCollegeLink`;
/*!40101 SET @saved_cs_client     = @@character_set_client */;
/*!40101 SET character_set_client = utf8 */;
CREATE TABLE `ProduitTypeCollegeLink` (
  `Produit_id` int(11) NOT NULL DEFAULT '0',
  `typeCollege_identifiant` int(11) NOT NULL DEFAULT '0',
  `effectifMax` int(11) DEFAULT NULL,
  PRIMARY KEY (`Produit_id`,`typeCollege_identifiant`),
  KEY `FK62B81CE539E3E68` (`Produit_id`),
  KEY `FK62B81CEB7080894` (`typeCollege_identifiant`),
  CONSTRAINT `FK62B81CE539E3E68` FOREIGN KEY (`Produit_id`) REFERENCES `Produit` (`id`),
  CONSTRAINT `FK62B81CEB7080894` FOREIGN KEY (`typeCollege_identifiant`) REFERENCES `TypeCollege` (`identifiant`)
) ENGINE=InnoDB DEFAULT CHARSET=utf8;
/*!40101 SET character_set_client = @saved_cs_client */;

--
-- Dumping data for table `ProduitTypeCollegeLink`
--

LOCK TABLES `ProduitTypeCollegeLink` WRITE;
/*!40000 ALTER TABLE `ProduitTypeCollegeLink` DISABLE KEYS */;
INSERT INTO `ProduitTypeCollegeLink` (`Produit_id`, `typeCollege_identifiant`, `effectifMax`) VALUES (1,1,NULL),(1,2,NULL),(1,30,99),(2,1,NULL),(3,1,NULL),(3,2,NULL),(3,30,99),(102,94,NULL),(102,95,NULL),(102,96,NULL),(103,94,NULL),(104,2,NULL),(104,57,NULL),(105,2,NULL),(105,57,NULL),(110,99,NULL),(110,100,NULL),(111,99,NULL),(112,31,NULL),(113,32,NULL),(114,1,NULL),(114,33,NULL),(114,34,NULL),(115,35,NULL),(116,32,NULL),(117,36,NULL),(118,31,NULL),(119,35,NULL),(119,37,NULL),(120,31,NULL),(121,1,NULL),(121,38,NULL),(122,35,NULL),(122,39,NULL),(122,40,NULL),(123,41,NULL),(123,42,NULL),(124,1,NULL),(124,38,NULL),(125,1,NULL),(125,43,NULL),(126,44,NULL),(127,1,NULL),(127,37,NULL),(127,40,NULL),(128,1,NULL),(128,37,NULL),(128,40,NULL),(129,45,NULL),(130,46,NULL),(130,47,NULL),(131,48,NULL),(132,1,NULL),(132,49,NULL),(132,50,NULL),(133,51,NULL),(133,52,NULL),(133,53,NULL),(134,40,NULL),(134,54,NULL),(134,55,NULL),(135,48,NULL),(136,44,NULL),(137,33,NULL),(137,56,NULL),(138,32,NULL),(138,57,NULL),(138,58,NULL),(139,1,NULL),(139,49,NULL),(139,55,NULL),(140,1,NULL),(140,33,NULL),(140,49,NULL),(141,33,NULL),(141,35,NULL),(141,59,NULL),(141,60,NULL),(142,31,NULL),(143,1,NULL),(143,33,NULL),(143,61,NULL),(144,45,NULL),(145,35,NULL),(145,62,NULL),(145,63,NULL),(146,55,NULL),(146,56,NULL),(147,1,NULL),(147,37,NULL),(147,40,NULL),(149,35,NULL),(149,47,NULL),(150,1,NULL),(150,40,NULL),(150,49,NULL),(150,69,NULL),(151,1,NULL),(151,70,NULL),(152,63,NULL),(152,71,NULL),(153,35,NULL),(153,47,NULL),(154,72,NULL),(155,40,NULL),(155,55,NULL),(155,73,NULL),(156,1,NULL),(156,37,NULL),(156,40,NULL),(157,40,NULL),(157,55,NULL),(157,74,NULL),(158,33,NULL),(158,75,NULL),(159,1,NULL),(159,55,NULL),(160,76,NULL),(161,77,NULL),(162,1,NULL),(162,38,NULL),(163,1,NULL),(163,78,NULL),(164,35,NULL),(164,37,NULL),(164,58,NULL),(165,31,NULL),(166,48,NULL),(167,1,NULL),(167,37,NULL),(167,79,NULL),(168,80,NULL),(169,81,NULL),(170,41,NULL),(170,82,NULL),(171,47,NULL),(172,31,NULL),(173,48,NULL),(174,1,NULL),(174,33,NULL),(174,83,NULL),(175,1,NULL),(175,34,NULL),(175,84,NULL),(176,85,NULL),(177,1,NULL),(177,37,NULL),(177,40,NULL),(178,86,NULL),(178,87,NULL),(179,31,NULL),(180,48,NULL),(181,31,NULL),(182,31,NULL),(183,80,NULL),(184,1,NULL),(184,55,NULL),(184,62,NULL),(185,1,NULL),(185,37,NULL),(185,58,NULL),(186,57,NULL),(186,70,NULL),(187,45,NULL),(188,31,NULL),(189,31,NULL),(190,88,NULL),(191,89,NULL),(192,31,NULL),(193,31,NULL),(194,31,NULL),(195,1,NULL),(195,38,NULL),(196,1,NULL),(196,90,NULL),(197,1,NULL),(197,38,NULL),(198,34,NULL),(198,35,NULL),(198,63,NULL),(199,1,NULL),(199,55,NULL),(200,35,NULL),(200,47,NULL),(201,91,NULL),(201,92,NULL),(202,31,NULL),(203,2,NULL),(203,57,NULL),(204,35,NULL),(205,1,NULL),(205,38,NULL),(206,33,NULL),(206,71,NULL),(207,33,NULL),(207,93,NULL),(208,44,NULL),(209,31,NULL),(210,35,NULL),(210,37,NULL),(210,58,NULL),(211,1,NULL),(211,37,NULL),(211,40,NULL),(212,48,NULL),(213,51,NULL),(213,52,NULL),(213,53,NULL),(214,1,NULL),(214,37,NULL),(214,40,NULL),(215,35,NULL),(215,47,NULL),(216,35,NULL),(216,37,NULL),(216,58,NULL),(217,80,NULL),(218,80,NULL),(219,35,NULL),(219,37,NULL),(219,58,NULL),(220,48,NULL),(227,1,NULL),(227,34,NULL),(227,63,NULL),(228,1,NULL),(228,97,NULL),(228,98,NULL),(229,33,NULL),(229,34,NULL),(229,35,NULL),(230,48,NULL),(231,101,NULL),(231,102,NULL),(231,103,NULL),(231,104,NULL),(232,105,NULL),(233,105,NULL),(234,106,NULL),(234,107,NULL),(235,106,NULL),(235,107,NULL),(236,106,NULL),(236,107,NULL),(237,108,NULL),(237,109,NULL),(238,108,NULL),(238,109,NULL),(239,108,NULL),(239,109,NULL),(240,110,NULL),(240,111,NULL),(241,112,NULL),(241,113,NULL),(242,114,NULL),(242,115,NULL),(243,114,NULL),(244,114,NULL),(245,116,NULL),(245,117,NULL),(246,117,NULL),(247,117,NULL),(248,2,NULL),(248,118,NULL),(249,2,NULL),(249,118,NULL),(250,2,NULL),(250,119,NULL),(251,105,NULL),(252,105,NULL),(253,105,NULL),(254,105,NULL),(255,1,NULL),(255,49,NULL),(255,120,NULL),(256,2,NULL),(256,118,NULL),(257,2,NULL),(257,118,NULL),(258,121,NULL),(258,122,NULL),(259,122,NULL),(260,122,NULL),(261,121,NULL),(262,105,NULL),(263,105,NULL),(264,2,NULL),(265,2,NULL),(266,2,NULL),(267,2,NULL),(270,1,NULL),(270,2,NULL),(270,30,99),(271,1,NULL),(271,2,NULL),(271,30,99),(273,105,NULL),(274,91,NULL),(274,92,NULL);
/*!40000 ALTER TABLE `ProduitTypeCollegeLink` ENABLE KEYS */;
UNLOCK TABLES;

--
-- Table structure for table `Produit_Exclusion`
--

DROP TABLE IF EXISTS `Produit_Exclusion`;
/*!40101 SET @saved_cs_client     = @@character_set_client */;
/*!40101 SET character_set_client = utf8 */;
CREATE TABLE `Produit_Exclusion` (
  `produit_id` int(11) NOT NULL,
  `produitExcluded_id` int(11) NOT NULL,
  PRIMARY KEY (`produit_id`,`produitExcluded_id`)
) ENGINE=MyISAM DEFAULT CHARSET=utf8;
/*!40101 SET character_set_client = @saved_cs_client */;

--
-- Dumping data for table `Produit_Exclusion`
--

LOCK TABLES `Produit_Exclusion` WRITE;
/*!40000 ALTER TABLE `Produit_Exclusion` DISABLE KEYS */;
INSERT INTO `Produit_Exclusion` (`produit_id`, `produitExcluded_id`) VALUES (234,235),(234,236),(235,234),(235,236),(236,234),(236,235),(237,238),(238,237),(258,259),(258,260),(259,258),(259,260),(260,258),(260,259),(264,267),(265,266),(265,267),(266,265),(266,267),(267,264),(267,265),(267,266);
/*!40000 ALTER TABLE `Produit_Exclusion` ENABLE KEYS */;
UNLOCK TABLES;

--
-- Table structure for table `Produit_FragmentEdition`
--

DROP TABLE IF EXISTS `Produit_FragmentEdition`;
/*!40101 SET @saved_cs_client     = @@character_set_client */;
/*!40101 SET character_set_client = utf8 */;
CREATE TABLE `Produit_FragmentEdition` (
  `produit_id` int(11) NOT NULL,
  `fragmentedition_id` int(11) NOT NULL,
  PRIMARY KEY (`produit_id`,`fragmentedition_id`),
  KEY `fk_fragmentedition_id` (`fragmentedition_id`),
  CONSTRAINT `fk_fragmentedition_id` FOREIGN KEY (`fragmentedition_id`) REFERENCES `FragmentEdition` (`id`),
  CONSTRAINT `fk_produit_id` FOREIGN KEY (`produit_id`) REFERENCES `Produit` (`id`)
) ENGINE=InnoDB DEFAULT CHARSET=utf8;
/*!40101 SET character_set_client = @saved_cs_client */;

--
-- Dumping data for table `Produit_FragmentEdition`
--

LOCK TABLES `Produit_FragmentEdition` WRITE;
/*!40000 ALTER TABLE `Produit_FragmentEdition` DISABLE KEYS */;
INSERT INTO `Produit_FragmentEdition` (`produit_id`, `fragmentedition_id`) VALUES (1,2),(2,2),(3,2),(1,4),(2,4),(3,4),(270,4),(271,4),(1,5),(2,5),(3,5),(270,5),(271,5),(1,6),(2,6),(3,6),(104,6),(110,6),(111,6),(112,6),(113,6),(114,6),(115,6),(116,6),(117,6),(118,6),(119,6),(120,6),(121,6),(122,6),(123,6),(124,6),(125,6),(126,6),(127,6),(128,6),(129,6),(130,6),(131,6),(132,6),(133,6),(134,6),(135,6),(136,6),(137,6),(138,6),(139,6),(140,6),(141,6),(142,6),(143,6),(144,6),(145,6),(146,6),(149,6),(150,6),(151,6),(152,6),(153,6),(154,6),(155,6),(156,6),(157,6),(158,6),(160,6),(161,6),(162,6),(163,6),(164,6),(165,6),(166,6),(167,6),(168,6),(169,6),(170,6),(171,6),(172,6),(173,6),(174,6),(175,6),(176,6),(177,6),(178,6),(179,6),(180,6),(181,6),(182,6),(183,6),(184,6),(185,6),(186,6),(187,6),(188,6),(189,6),(190,6),(191,6),(192,6),(193,6),(194,6),(195,6),(196,6),(197,6),(198,6),(199,6),(200,6),(201,6),(202,6),(203,6),(204,6),(205,6),(206,6),(207,6),(208,6),(209,6),(210,6),(211,6),(212,6),(213,6),(215,6),(216,6),(217,6),(218,6),(219,6),(220,6),(227,6),(228,6),(229,6),(230,6),(231,6),(234,6),(235,6),(236,6),(237,6),(238,6),(239,6),(240,6),(241,6),(242,6),(243,6),(245,6),(255,6),(258,6),(259,6),(260,6),(262,6),(264,6),(265,6),(266,6),(267,6),(270,6),(271,6),(274,6),(2,7),(270,7),(2,8),(270,8),(112,10),(112,11),(113,11),(114,11),(115,11),(116,11),(117,11),(118,11),(119,11),(120,11),(121,11),(122,11),(123,11),(124,11),(125,11),(126,11),(127,11),(128,11),(129,11),(130,11),(131,11),(132,11),(133,11),(134,11),(135,11),(136,11),(137,11),(138,11),(139,11),(140,11),(141,11),(142,11),(143,11),(144,11),(145,11),(146,11),(149,11),(150,11),(151,11),(152,11),(153,11),(154,11),(155,11),(156,11),(157,11),(158,11),(160,11),(161,11),(162,11),(163,11),(164,11),(165,11),(166,11),(167,11),(168,11),(169,11),(170,11),(171,11),(172,11),(173,11),(174,11),(175,11),(176,11),(177,11),(178,11),(179,11),(180,11),(181,11),(182,11),(183,11),(184,11),(185,11),(186,11),(187,11),(188,11),(189,11),(190,11),(191,11),(192,11),(193,11),(194,11),(195,11),(196,11),(197,11),(198,11),(199,11),(200,11),(202,11),(203,11),(204,11),(205,11),(206,11),(207,11),(208,11),(209,11),(210,11),(211,11),(212,11),(213,11),(215,11),(216,11),(217,11),(218,11),(219,11),(220,11),(227,11),(228,11),(229,11),(255,11),(112,12),(113,12),(114,12),(115,12),(116,12),(117,12),(118,12),(119,12),(120,12),(121,12),(122,12),(123,12),(124,12),(125,12),(126,12),(127,12),(128,12),(129,12),(130,12),(131,12),(132,12),(133,12),(134,12),(135,12),(136,12),(137,12),(138,12),(139,12),(140,12),(141,12),(142,12),(143,12),(144,12),(145,12),(146,12),(149,12),(150,12),(151,12),(152,12),(153,12),(154,12),(155,12),(156,12),(157,12),(158,12),(160,12),(161,12),(162,12),(163,12),(164,12),(165,12),(166,12),(167,12),(168,12),(169,12),(170,12),(171,12),(172,12),(173,12),(174,12),(175,12),(176,12),(177,12),(178,12),(179,12),(180,12),(181,12),(182,12),(183,12),(184,12),(185,12),(186,12),(187,12),(188,12),(189,12),(190,12),(191,12),(192,12),(193,12),(194,12),(195,12),(196,12),(197,12),(198,12),(199,12),(200,12),(201,12),(202,12),(203,12),(204,12),(205,12),(206,12),(207,12),(208,12),(209,12),(210,12),(211,12),(212,12),(213,12),(215,12),(216,12),(217,12),(218,12),(219,12),(220,12),(227,12),(228,12),(229,12),(230,12),(231,12),(232,12),(233,12),(234,12),(235,12),(236,12),(239,12),(240,12),(241,12),(242,12),(243,12),(255,12),(262,12),(264,12),(265,12),(266,12),(267,12),(113,14),(114,15),(115,16),(116,17),(117,18),(118,19),(119,20),(120,21),(121,22),(122,23),(123,24),(124,25),(125,26),(126,27),(127,28),(128,29),(129,30),(130,31),(131,32),(132,33),(133,34),(213,34),(134,35),(135,36),(136,37),(137,38),(138,39),(139,40),(140,41),(141,42),(142,43),(143,44),(144,45),(145,46),(146,47),(149,50),(150,51),(151,52),(152,53),(153,54),(215,54),(154,55),(155,56),(156,57),(157,58),(157,59),(158,60),(158,61),(160,63),(161,64),(162,65),(163,66),(164,67),(216,67),(165,68),(166,69),(167,70),(168,71),(217,71),(169,72),(170,73),(171,74),(172,75),(173,76),(174,77),(175,78),(176,79),(177,80),(178,81),(179,82),(180,83),(181,84),(182,85),(183,86),(218,86),(184,87),(185,88),(186,89),(187,90),(188,91),(189,92),(190,93),(191,94),(192,95),(193,96),(194,97),(195,98),(196,99),(197,100),(198,101),(199,102),(200,103),(201,104),(202,105),(203,106),(204,107),(205,108),(206,109),(207,110),(208,111),(209,112),(210,113),(219,113),(211,114),(104,117),(110,117),(111,117),(230,117),(231,117),(234,117),(235,117),(236,117),(237,117),(238,117),(239,117),(240,117),(241,117),(242,117),(245,117),(258,117),(259,117),(260,117),(262,117),(264,117),(265,117),(266,117),(267,117),(274,117),(104,118),(104,119),(105,120),(110,121),(110,122),(111,123),(227,124),(228,125),(229,126),(212,127),(220,127),(230,128),(230,129),(242,129),(231,130),(231,131),(243,131),(232,132),(232,133),(248,133),(232,134),(233,134),(248,134),(250,134),(251,134),(256,134),(232,135),(233,135),(248,135),(250,135),(251,135),(256,135),(233,136),(233,137),(256,137),(234,139),(235,139),(236,139),(234,140),(234,141),(235,142),(235,143),(236,144),(236,145),(237,146),(238,146),(237,147),(238,147),(239,148),(239,149),(239,150),(240,151),(240,152),(240,153),(241,154),(241,155),(241,156),(242,157),(242,158),(242,159),(243,160),(244,161),(245,162),(245,163),(245,164),(246,165),(247,165),(248,166),(248,167),(250,168),(250,169),(251,170),(251,171),(251,172),(255,173),(250,174),(256,176),(256,177),(258,178),(259,178),(260,178),(258,179),(259,179),(260,179),(262,180),(262,181),(273,182),(1,183),(3,183),(270,183),(271,183),(2,184),(112,185),(113,185),(114,185),(115,185),(116,185),(117,185),(118,185),(119,185),(120,185),(121,185),(122,185),(123,185),(124,185),(125,185),(126,185),(127,185),(128,185),(129,185),(130,185),(131,185),(132,185),(133,185),(134,185),(135,185),(136,185),(137,185),(138,185),(139,185),(140,185),(141,185),(142,185),(143,185),(144,185),(145,185),(146,185),(149,185),(150,185),(151,185),(152,185),(153,185),(154,185),(155,185),(156,185),(157,185),(158,185),(160,185),(161,185),(162,185),(163,185),(164,185),(165,185),(166,185),(167,185),(168,185),(169,185),(170,185),(171,185),(172,185),(173,185),(174,185),(175,185),(176,185),(177,185),(178,185),(179,185),(180,185),(181,185),(182,185),(183,185),(184,185),(185,185),(186,185),(187,185),(188,185),(189,185),(190,185),(191,185),(192,185),(193,185),(194,185),(195,185),(196,185),(197,185),(198,185),(199,185),(200,185),(201,185),(202,185),(203,185),(204,185),(205,185),(206,185),(207,185),(208,185),(209,185),(210,185),(211,185),(212,185),(213,185),(215,185),(216,185),(217,185),(218,185),(219,185),(220,185),(227,185),(228,185),(229,185),(230,185),(231,185),(232,185),(233,185),(255,185),(112,186),(113,186),(114,186),(115,186),(116,186),(117,186),(118,186),(119,186),(120,186),(121,186),(122,186),(123,186),(124,186),(125,186),(126,186),(127,186),(128,186),(129,186),(130,186),(131,186),(132,186),(133,186),(134,186),(135,186),(136,186),(137,186),(138,186),(139,186),(140,186),(141,186),(142,186),(143,186),(144,186),(145,186),(146,186),(149,186),(150,186),(151,186),(152,186),(153,186),(154,186),(155,186),(156,186),(157,186),(158,186),(160,186),(161,186),(162,186),(163,186),(164,186),(165,186),(166,186),(167,186),(168,186),(169,186),(170,186),(171,186),(172,186),(173,186),(174,186),(175,186),(176,186),(177,186),(178,186),(179,186),(180,186),(181,186),(182,186),(183,186),(184,186),(185,186),(186,186),(187,186),(188,186),(189,186),(190,186),(191,186),(192,186),(193,186),(194,186),(195,186),(196,186),(197,186),(198,186),(199,186),(200,186),(201,186),(202,186),(203,186),(204,186),(205,186),(206,186),(207,186),(208,186),(209,186),(211,186),(212,186),(213,186),(215,186),(216,186),(217,186),(218,186),(220,186),(227,186),(228,186),(229,186),(230,186),(231,186),(232,186),(233,186),(255,186),(104,187),(110,187),(111,187),(234,187),(235,187),(236,187),(237,187),(238,187),(239,187),(240,187),(241,187),(242,187),(243,187),(245,187),(248,187),(250,187),(251,187),(256,187),(258,187),(259,187),(260,187),(262,187),(264,187),(265,187),(266,187),(267,187),(274,187),(104,194),(105,195),(110,196),(111,197),(234,198),(235,198),(236,198),(237,199),(238,199),(239,200),(240,201),(241,202),(242,203),(243,204),(248,205),(248,206),(250,207),(251,208),(251,209),(256,210),(256,211),(257,212),(258,213),(259,213),(260,213),(262,214),(264,215),(265,215),(266,215),(267,215),(264,216),(265,216),(266,216),(267,216),(264,217),(265,218),(266,219),(267,220),(105,221),(111,221),(249,221),(257,221),(105,222),(105,223),(111,224),(245,225),(245,226),(246,227),(247,227),(249,228),(249,229),(250,230),(256,231),(257,232),(257,233),(1,237),(3,237),(271,237),(1,238),(2,238),(3,238),(270,238),(271,238),(1,239),(2,239),(3,239),(270,239),(271,239),(2,240),(270,240),(270,241),(271,241),(201,242),(274,243),(274,244),(274,245),(274,246);
/*!40000 ALTER TABLE `Produit_FragmentEdition` ENABLE KEYS */;
UNLOCK TABLES;

--
-- Table structure for table `Produit_Inclusion`
--

DROP TABLE IF EXISTS `Produit_Inclusion`;
/*!40101 SET @saved_cs_client     = @@character_set_client */;
/*!40101 SET character_set_client = utf8 */;
CREATE TABLE `Produit_Inclusion` (
  `produit_id` int(11) NOT NULL,
  `produitIncluded_id` int(11) NOT NULL,
  PRIMARY KEY (`produit_id`,`produitIncluded_id`)
) ENGINE=MyISAM DEFAULT CHARSET=utf8;
/*!40101 SET character_set_client = @saved_cs_client */;

--
-- Dumping data for table `Produit_Inclusion`
--

LOCK TABLES `Produit_Inclusion` WRITE;
/*!40000 ALTER TABLE `Produit_Inclusion` DISABLE KEYS */;
INSERT INTO `Produit_Inclusion` (`produit_id`, `produitIncluded_id`) VALUES (251,252),(261,258),(273,262);
/*!40000 ALTER TABLE `Produit_Inclusion` ENABLE KEYS */;
UNLOCK TABLES;

--
-- Table structure for table `Produit_TemplateEditionMeta`
--

DROP TABLE IF EXISTS `Produit_TemplateEditionMeta`;
/*!40101 SET @saved_cs_client     = @@character_set_client */;
/*!40101 SET character_set_client = utf8 */;
CREATE TABLE `Produit_TemplateEditionMeta` (
  `Produit_id` int(11) NOT NULL DEFAULT '0',
  `TemplatesEditionMeta_id` int(11) NOT NULL DEFAULT '0',
  PRIMARY KEY (`Produit_id`,`TemplatesEditionMeta_id`),
  KEY `FKPRODUITIDTEMPLATEEDITIONMETA` (`Produit_id`),
  KEY `FKTEMPLATEEDITIONMETAPRODUIT` (`TemplatesEditionMeta_id`),
  CONSTRAINT `FKPRODUITIDTEMPLATEEDITIONMETA` FOREIGN KEY (`Produit_id`) REFERENCES `Produit` (`id`),
  CONSTRAINT `FKTEMPLATEEDITIONMETAPRODUIT` FOREIGN KEY (`TemplatesEditionMeta_id`) REFERENCES `TemplateEditionMeta` (`id`)
) ENGINE=InnoDB DEFAULT CHARSET=utf8;
/*!40101 SET character_set_client = @saved_cs_client */;

--
-- Dumping data for table `Produit_TemplateEditionMeta`
--

LOCK TABLES `Produit_TemplateEditionMeta` WRITE;
/*!40000 ALTER TABLE `Produit_TemplateEditionMeta` DISABLE KEYS */;
/*!40000 ALTER TABLE `Produit_TemplateEditionMeta` ENABLE KEYS */;
UNLOCK TABLES;

--
-- Table structure for table `ResultatGarantieProduit`
--

DROP TABLE IF EXISTS `ResultatGarantieProduit`;
/*!40101 SET @saved_cs_client     = @@character_set_client */;
/*!40101 SET character_set_client = utf8 */;
CREATE TABLE `ResultatGarantieProduit` (
  `id` int(11) NOT NULL AUTO_INCREMENT,
  `tauxA` decimal(19,2) DEFAULT NULL,
  `tauxB` decimal(19,2) DEFAULT NULL,
  `tauxC` decimal(19,2) DEFAULT NULL,
  `budget` decimal(19,2) DEFAULT NULL,
  `garantie_id` int(11) DEFAULT NULL,
  `specificitesGarantie_id` int(11) DEFAULT NULL,
  `choixProduit_identifiant` int(11) NOT NULL DEFAULT '0',
  PRIMARY KEY (`id`),
  KEY `FK628B726EFCB875E` (`choixProduit_identifiant`),
  KEY `FK628B726EFFF2F3AA` (`specificitesGarantie_id`),
  KEY `FK628B726EAB06864C` (`garantie_id`),
  CONSTRAINT `FK628B726EAB06864C` FOREIGN KEY (`garantie_id`) REFERENCES `Garantie` (`id`),
  CONSTRAINT `FK628B726EFCB875E` FOREIGN KEY (`choixProduit_identifiant`) REFERENCES `ChoixProduit` (`identifiant`),
  CONSTRAINT `FK628B726EFFF2F3AA` FOREIGN KEY (`specificitesGarantie_id`) REFERENCES `SpecificitesGarantie` (`id`)
) ENGINE=InnoDB AUTO_INCREMENT=223 DEFAULT CHARSET=utf8;
/*!40101 SET character_set_client = @saved_cs_client */;

--
-- Dumping data for table `ResultatGarantieProduit`
--

LOCK TABLES `ResultatGarantieProduit` WRITE;
/*!40000 ALTER TABLE `ResultatGarantieProduit` DISABLE KEYS */;
INSERT INTO `ResultatGarantieProduit` (`id`, `tauxA`, `tauxB`, `tauxC`, `budget`, `garantie_id`, `specificitesGarantie_id`, `choixProduit_identifiant`) VALUES (1,0.31,0.31,0.31,1033.33,27001,1,1),(2,0.00,0.00,0.00,0.00,27012,NULL,1),(3,0.01,0.00,0.00,8.10,27013,NULL,1),(4,0.00,0.00,0.00,0.00,26400,NULL,2),(5,0.20,0.20,0.00,100.00,26401,NULL,2),(6,0.50,0.50,0.00,250.00,26402,NULL,2),(7,0.90,1.77,0.00,360.00,14100,2,3),(8,1.35,2.25,0.00,540.00,14100,3,4),(9,0.74,1.25,0.00,1819.53,14100,4,5),(10,1.35,2.25,0.00,1135.27,14100,5,6),(11,0.00,0.00,0.00,0.00,23606,NULL,7),(12,0.00,0.00,0.00,0.00,23607,NULL,7),(13,0.86,0.86,0.86,430.00,23608,NULL,7),(14,0.26,0.26,0.26,130.00,23609,NULL,7),(15,0.63,1.41,1.41,388.91,23610,NULL,7),(16,0.00,0.00,0.00,0.00,23611,NULL,7),(17,0.10,0.00,0.00,34.44,27001,6,8),(18,0.00,0.00,0.00,0.00,27012,NULL,8),(19,0.01,0.00,0.00,3.44,27013,NULL,8),(20,0.23,0.23,0.23,920.00,23400,NULL,9),(21,0.00,0.00,0.00,0.00,23401,NULL,9),(22,0.19,0.19,0.19,760.00,23402,NULL,9),(23,0.32,0.71,0.71,2207.83,23403,NULL,9),(24,0.00,0.00,0.00,0.00,23404,NULL,9),(25,0.23,0.23,0.23,920.00,23405,NULL,10),(26,0.00,0.00,0.00,0.00,23406,NULL,10),(27,0.19,0.19,0.19,760.00,23407,NULL,10),(28,0.32,0.71,0.71,2207.83,23408,NULL,10),(29,0.00,0.00,0.00,0.00,23409,NULL,10),(30,0.09,0.00,0.00,27.00,27001,7,11),(31,0.00,0.00,0.00,0.00,27012,NULL,11),(32,0.01,0.00,0.00,3.00,27013,NULL,11),(33,0.11,0.00,0.00,33.00,27001,8,12),(34,0.00,0.00,0.00,0.00,27012,NULL,12),(35,0.01,0.00,0.00,3.00,27013,NULL,12),(36,4.27,4.27,0.00,170800.00,27101,9,13),(37,0.00,0.00,0.00,0.00,27102,NULL,13),(38,0.00,0.00,0.00,0.00,27103,NULL,13),(39,0.00,0.00,0.00,0.00,27104,NULL,13),(40,0.19,0.19,0.00,7600.00,27106,10,13),(41,0.21,0.21,0.00,8400.00,27108,11,13),(42,0.00,0.00,0.00,0.00,27112,NULL,13),(43,0.01,0.00,0.00,182.36,27113,NULL,13),(44,0.00,0.00,0.00,0.00,27001,12,14),(45,0.39,0.00,0.00,13.00,27003,NULL,14),(46,0.00,0.00,0.00,0.00,27012,NULL,14),(47,0.01,0.00,0.00,0.33,27013,NULL,14),(48,0.72,1.82,1.82,40.00,21200,13,15),(49,0.30,0.30,0.00,150.00,25100,NULL,16),(50,0.08,0.08,0.00,40.00,25101,NULL,16),(51,0.00,0.00,0.00,0.00,25102,NULL,16),(52,2.93,2.93,0.00,1465.00,25103,NULL,16),(53,0.01,0.01,0.00,5.00,25104,NULL,16),(54,0.02,0.02,0.00,10.00,25105,NULL,16),(55,1.36,1.36,0.00,680.00,25200,NULL,17),(56,0.40,0.00,0.00,200.00,25300,NULL,18),(57,0.25,0.00,0.00,125.00,25400,NULL,19),(58,0.15,0.00,0.00,75.00,25401,NULL,19),(59,0.21,0.21,0.00,1050.00,27001,14,20),(60,0.00,0.00,0.00,0.00,27012,NULL,20),(61,0.01,0.00,0.00,20.26,27013,NULL,20),(62,0.00,0.00,0.00,0.00,26200,NULL,21),(63,0.00,0.00,0.00,0.00,26201,NULL,21),(64,0.30,0.00,0.00,121.57,26202,NULL,21),(65,0.00,0.00,0.00,0.00,26203,NULL,21),(66,0.20,0.00,0.00,81.05,26204,NULL,21),(67,0.01,0.00,0.00,4.05,26205,NULL,21),(68,0.00,0.00,0.00,0.00,26206,NULL,21),(69,0.29,0.00,0.00,117.52,26207,NULL,21),(70,0.00,0.00,0.00,0.00,26208,NULL,21),(71,0.21,0.48,0.00,178.59,27300,NULL,22),(72,0.00,0.00,0.00,0.00,27301,NULL,22),(73,0.00,0.00,0.00,0.00,27302,NULL,22),(74,0.00,0.00,0.00,0.00,27303,NULL,22),(75,0.00,0.33,0.00,64.27,27304,NULL,22),(76,0.04,0.05,0.00,25.95,27305,NULL,22),(77,0.00,0.00,0.00,0.00,27306,NULL,22),(78,0.00,0.00,0.00,0.00,27307,NULL,22),(79,0.45,1.44,0.00,462.81,27308,NULL,22),(80,0.18,0.00,0.00,90.00,27001,15,23),(81,0.00,0.00,0.00,0.00,27012,NULL,23),(82,0.01,0.00,0.00,5.00,27013,NULL,23),(83,0.00,0.00,0.00,0.00,14,16,24),(84,0.00,0.00,0.00,0.00,18,NULL,24),(85,0.11,0.11,0.00,550.07,17,NULL,24),(86,0.00,0.00,0.00,0.00,19,NULL,24),(87,0.00,0.00,0.00,0.00,16,NULL,24),(88,0.00,0.00,0.00,0.00,15,17,24),(89,0.02,0.02,0.00,100.01,26314,18,24),(90,0.05,0.05,0.00,250.03,26315,19,24),(91,0.00,0.00,0.00,0.00,26316,20,24),(92,0.00,0.00,0.00,0.00,26317,21,24),(93,0.00,0.00,0.00,0.00,20,22,24),(94,0.00,0.00,0.00,0.00,22,23,24),(95,0.21,0.56,0.00,2091.17,23,24,24),(96,0.00,0.00,0.00,0.00,24,NULL,24),(97,0.01,0.00,0.00,20.26,25,NULL,24),(98,0.00,0.00,0.00,0.00,14,25,25),(99,0.00,0.00,0.00,0.00,18,NULL,25),(100,0.15,0.15,0.00,750.09,17,NULL,25),(101,0.00,0.00,0.00,0.00,19,NULL,25),(102,0.00,0.00,0.00,0.00,16,NULL,25),(103,0.10,0.10,0.00,500.06,26315,26,25),(104,0.00,0.00,0.00,0.00,26316,27,25),(105,0.00,0.00,0.00,0.00,26317,28,25),(106,0.00,0.00,0.00,0.00,26318,29,25),(107,0.00,0.00,0.00,0.00,21,30,25),(108,0.00,0.00,0.00,0.00,38,31,25),(109,0.41,1.08,0.00,4043.09,39,32,25),(110,0.00,0.00,0.00,0.00,24,NULL,25),(111,0.01,0.00,0.00,20.26,25,NULL,25),(112,0.00,0.00,0.00,0.00,26400,NULL,26),(113,0.20,0.20,0.00,111.11,26401,NULL,26),(114,0.50,0.50,0.00,277.78,26402,NULL,26),(115,0.00,0.00,0.00,0.00,27001,33,27),(116,0.00,0.00,0.00,0.00,27002,NULL,27),(117,0.42,0.42,0.00,2333.33,27003,NULL,27),(118,0.00,0.00,0.00,0.00,27004,NULL,27),(119,0.00,0.00,0.00,0.00,27005,NULL,27),(120,0.00,0.00,0.00,0.00,27006,34,27),(121,0.02,0.02,0.00,111.11,27007,35,27),(122,0.24,0.24,0.00,1333.33,27008,36,27),(123,0.00,0.00,0.00,0.00,27009,37,27),(124,0.00,0.00,0.00,0.00,27010,38,27),(125,0.00,0.00,0.00,0.00,27011,39,27),(126,0.00,0.00,0.00,0.00,27012,NULL,27),(127,0.01,0.00,0.00,20.26,27013,NULL,27),(128,0.66,0.12,0.00,1760.81,24800,NULL,28),(129,0.09,0.09,0.00,500.00,24801,NULL,28),(130,0.00,0.00,0.00,0.00,24802,NULL,28),(131,0.75,0.75,0.00,4166.66,24803,NULL,28),(132,1.10,2.00,0.00,9287.52,23200,NULL,29),(133,0.13,0.00,0.00,52.00,14,40,30),(134,0.00,0.00,0.00,0.00,15,41,30),(135,0.44,0.00,0.00,176.00,26314,42,30),(136,0.00,0.00,0.00,0.00,20,43,30),(137,0.00,0.00,0.00,0.00,22,44,30),(138,0.31,0.00,0.00,124.00,23,45,30),(139,0.00,0.00,0.00,0.00,24,NULL,30),(140,0.01,0.00,0.00,4.00,25,NULL,30),(141,0.25,0.25,0.00,150.00,14,46,31),(142,0.00,0.00,0.00,0.00,15,47,31),(143,0.08,0.08,0.00,48.00,26314,48,31),(144,0.00,0.00,0.00,0.00,21,49,31),(145,0.00,0.00,0.00,0.00,38,50,31),(146,0.76,2.03,0.00,703.35,39,51,31),(147,0.00,0.00,0.00,0.00,24,NULL,31),(148,0.01,0.00,0.00,4.05,25,NULL,31),(149,0.90,1.77,0.00,630.68,14100,52,32),(150,1.35,2.25,0.00,885.27,14100,53,33),(151,0.74,1.25,0.00,487.77,14100,54,34),(152,1.35,2.25,0.00,74.99,14100,55,35),(153,0.43,0.00,0.00,172.00,14,56,36),(154,0.03,0.00,0.00,12.00,15,57,36),(155,0.00,0.00,0.00,0.00,26316,58,36),(156,0.00,0.00,0.00,0.00,21,59,36),(157,0.00,0.00,0.00,0.00,38,60,36),(158,0.67,0.00,0.00,268.00,39,61,36),(159,0.00,0.00,0.00,0.00,24,NULL,36),(160,0.01,0.00,0.00,4.00,25,NULL,36),(161,0.77,0.43,0.43,378.58,27400,NULL,37),(162,0.00,0.00,0.00,0.00,27401,NULL,37),(163,0.00,0.00,0.00,0.00,27402,NULL,37),(164,0.00,0.00,0.00,0.00,27403,NULL,37),(165,0.00,0.00,0.00,0.00,27404,NULL,37),(166,0.09,0.09,0.09,50.40,27405,NULL,37),(167,0.21,0.21,0.21,117.60,27406,NULL,37),(168,0.03,0.03,0.03,16.80,27407,NULL,37),(169,0.52,0.86,0.86,343.82,27408,NULL,37),(170,0.00,0.00,0.00,0.00,27409,NULL,37),(171,0.00,0.00,0.00,0.00,27410,NULL,38),(172,0.00,0.00,0.00,0.00,27411,NULL,38),(173,0.00,0.00,0.00,0.00,27412,NULL,38),(174,0.00,0.00,0.00,0.00,27413,NULL,38),(175,0.19,0.19,0.00,114.00,27414,NULL,38),(176,0.03,0.03,0.00,18.00,27415,NULL,38),(177,0.09,0.09,0.00,54.00,27416,NULL,38),(178,0.02,0.02,0.00,12.00,27417,NULL,38),(179,0.91,0.91,0.00,546.00,27418,NULL,38),(180,0.00,0.00,0.00,0.00,27419,NULL,38),(181,0.15,0.00,0.00,60.00,27001,62,39),(182,0.01,0.00,0.00,4.00,27009,63,39),(183,0.00,0.00,0.00,0.00,27012,NULL,39),(184,0.01,0.00,0.00,4.00,27013,NULL,39),(185,0.00,0.00,0.00,0.00,25600,NULL,40),(186,0.16,0.16,0.00,80.00,25601,NULL,40),(187,0.06,0.06,0.00,30.00,25602,NULL,40),(188,0.00,0.00,0.00,0.00,25603,NULL,40),(189,0.51,0.51,0.00,255.00,25604,NULL,40),(190,0.00,0.00,0.00,0.00,25605,NULL,40),(191,0.77,0.00,0.00,312.03,25700,NULL,41),(192,0.00,0.00,0.00,0.00,25701,NULL,41),(193,0.13,0.13,0.00,65.00,25606,NULL,42),(194,0.00,0.00,0.00,0.00,25607,NULL,42),(195,0.05,0.05,0.00,25.00,25608,NULL,42),(196,0.40,0.40,0.00,200.00,25609,NULL,42),(197,0.00,0.00,0.00,0.00,25610,NULL,42),(198,0.00,0.00,0.00,0.00,25611,NULL,42),(199,0.81,0.00,0.00,405.00,25702,NULL,43),(200,0.00,0.00,0.00,0.00,25703,NULL,43),(201,0.00,0.00,0.00,0.00,14,64,44),(202,0.00,0.00,0.00,0.00,18,NULL,44),(203,0.42,0.42,0.00,2333.33,17,NULL,44),(204,0.00,0.00,0.00,0.00,19,NULL,44),(205,0.00,0.00,0.00,0.00,16,NULL,44),(206,0.00,0.00,0.00,0.00,21,65,44),(207,0.00,0.00,0.00,0.00,38,66,44),(208,0.57,1.45,0.00,6272.49,39,67,44),(209,0.00,0.00,0.00,0.00,24,NULL,44),(210,0.01,0.00,0.00,20.26,25,NULL,44),(211,0.86,0.86,0.86,2580.00,23600,NULL,45),(212,0.00,0.00,0.00,0.00,23601,NULL,45),(213,0.00,0.00,0.00,0.00,23602,NULL,45),(214,0.26,0.26,0.26,780.00,23603,NULL,45),(215,0.63,1.41,1.41,1890.00,23604,NULL,45),(216,0.00,0.00,0.00,0.00,23605,NULL,45),(217,0.00,0.00,0.00,0.00,23606,NULL,46),(218,0.00,0.00,0.00,0.00,23607,NULL,46),(219,0.86,0.86,0.86,2580.00,23608,NULL,46),(220,0.26,0.26,0.26,780.00,23609,NULL,46),(221,0.63,1.41,1.41,1890.00,23610,NULL,46),(222,0.00,0.00,0.00,0.00,23611,NULL,46);
/*!40000 ALTER TABLE `ResultatGarantieProduit` ENABLE KEYS */;
UNLOCK TABLES;

--
-- Table structure for table `RisquesEnCours`
--

DROP TABLE IF EXISTS `RisquesEnCours`;
/*!40101 SET @saved_cs_client     = @@character_set_client */;
/*!40101 SET character_set_client = utf8 */;
CREATE TABLE `RisquesEnCours` (
  `id` int(11) NOT NULL AUTO_INCREMENT,
  `nb_sinistres_en_cours` int(11) DEFAULT NULL,
  `nb_sinistres_en_cours_inf_90_jours` int(11) DEFAULT NULL,
  `sinistres_en_cours_sup_90_jours` tinyint(1) DEFAULT NULL,
  `reprise_contrat_concurrence` tinyint(1) DEFAULT NULL,
  `reprise_contrat_concurrence_conditions_identiques` tinyint(1) DEFAULT NULL,
  `arrets_travail_sup_90_jours_depuis_3_ans` tinyint(1) DEFAULT NULL,
  `code_preconisation` varchar(255) NOT NULL,
  `taux_surcotisation` decimal(19,2) DEFAULT NULL,
  `typeQuestionnaireREC` varchar(50) DEFAULT NULL,
  `nb_sinistres_en_cours_sup_90_jours` int(11) DEFAULT NULL,
  PRIMARY KEY (`id`)
) ENGINE=InnoDB AUTO_INCREMENT=17 DEFAULT CHARSET=utf8;
/*!40101 SET character_set_client = @saved_cs_client */;

--
-- Dumping data for table `RisquesEnCours`
--

LOCK TABLES `RisquesEnCours` WRITE;
/*!40000 ALTER TABLE `RisquesEnCours` DISABLE KEYS */;
INSERT INTO `RisquesEnCours` (`id`, `nb_sinistres_en_cours`, `nb_sinistres_en_cours_inf_90_jours`, `sinistres_en_cours_sup_90_jours`, `reprise_contrat_concurrence`, `reprise_contrat_concurrence_conditions_identiques`, `arrets_travail_sup_90_jours_depuis_3_ans`, `code_preconisation`, `taux_surcotisation`, `typeQuestionnaireREC`, `nb_sinistres_en_cours_sup_90_jours`) VALUES (1,0,NULL,NULL,NULL,NULL,1,'TARIF_DAS_SANS_SINISTRES_HORS_FM',NULL,'NOC',NULL),(2,1,NULL,NULL,1,1,NULL,'TARIF_DAS_HORS_REC',NULL,'TRANSPORTS_ROUTIERS',1),(3,0,NULL,NULL,NULL,NULL,1,'TARIF_DAS_SANS_SINISTRES_HORS_FM',NULL,'NOC',NULL),(4,1,NULL,NULL,NULL,NULL,NULL,'TARIF_DEF_AVEC_SINISTRES_SANS_SURCOTE',0.00,'NOC',NULL),(5,5,1,NULL,1,1,NULL,'TARIF_DEF_AVEC_SINISTRES_SANS_SURCOTE',0.00,'NOC',NULL),(6,0,NULL,NULL,NULL,NULL,1,'TARIF_DAS_SANS_SINISTRES_HORS_FM',NULL,'NOC',NULL),(7,1,NULL,NULL,NULL,NULL,1,'TARIF_DAS_AVEC_SINISTRES_HORS_FM',NULL,'NOC',NULL),(8,0,NULL,NULL,NULL,NULL,NULL,'TARIF_DEF_SANS_SINISTRES_SANS_SURCOTE',0.00,'HCR',NULL),(9,1,NULL,NULL,NULL,NULL,0,'TARIF_DEF_AVEC_SINISTRES_SANS_SURCOTE_AVEC_MENTION_SANS_FM',0.00,'NOC',NULL),(10,3,NULL,NULL,NULL,NULL,NULL,'TARIF_DEF_AVEC_SINISTRES_SANS_SURCOTE',0.00,'NOC',NULL),(11,0,NULL,NULL,NULL,NULL,NULL,'TARIF_DEF_SANS_SINISTRES_SANS_SURCOTE',0.00,'TRANSPORTS_ROUTIERS',NULL),(12,0,NULL,NULL,NULL,NULL,0,'TARIF_DEF_SANS_SINISTRES_SANS_SURCOTE_AVEC_MENTION_SANS_FM',0.00,'NOC',NULL),(13,1,NULL,NULL,NULL,NULL,1,'TARIF_DAS_AVEC_SINISTRES_HORS_FM',NULL,'NOC',NULL),(14,0,NULL,NULL,NULL,NULL,0,'TARIF_DEF_SANS_SINISTRES_SANS_SURCOTE_AVEC_MENTION_SANS_FM',0.00,'NOC',NULL),(15,0,NULL,NULL,NULL,NULL,0,'TARIF_DEF_SANS_SINISTRES_SANS_SURCOTE_AVEC_MENTION_SANS_FM',0.00,'NOC',NULL),(16,0,NULL,NULL,NULL,NULL,0,'TARIF_DEF_SANS_SINISTRES_SANS_SURCOTE_AVEC_MENTION_SANS_FM',0.00,'NOC',NULL);
/*!40000 ALTER TABLE `RisquesEnCours` ENABLE KEYS */;
UNLOCK TABLES;

--
-- Table structure for table `RoleConseiller`
--

DROP TABLE IF EXISTS `RoleConseiller`;
/*!40101 SET @saved_cs_client     = @@character_set_client */;
/*!40101 SET character_set_client = utf8 */;
CREATE TABLE `RoleConseiller` (
  `id` int(11) NOT NULL AUTO_INCREMENT,
  `role` varchar(50) NOT NULL DEFAULT '',
  `conseiller_identifiant` int(11) DEFAULT NULL,
  PRIMARY KEY (`id`),
  KEY `FK126D287883B5722` (`conseiller_identifiant`),
  CONSTRAINT `FK126D287883B5722` FOREIGN KEY (`conseiller_identifiant`) REFERENCES `Conseiller` (`identifiant`)
) ENGINE=InnoDB AUTO_INCREMENT=2 DEFAULT CHARSET=utf8;
/*!40101 SET character_set_client = @saved_cs_client */;

--
-- Dumping data for table `RoleConseiller`
--

LOCK TABLES `RoleConseiller` WRITE;
/*!40000 ALTER TABLE `RoleConseiller` DISABLE KEYS */;
INSERT INTO `RoleConseiller` (`id`, `role`, `conseiller_identifiant`) VALUES (1,'ADMINISTRATEUR',1);
/*!40000 ALTER TABLE `RoleConseiller` ENABLE KEYS */;
UNLOCK TABLES;

--
-- Table structure for table `Rubrique`
--

DROP TABLE IF EXISTS `Rubrique`;
/*!40101 SET @saved_cs_client     = @@character_set_client */;
/*!40101 SET character_set_client = utf8 */;
CREATE TABLE `Rubrique` (
  `id` int(11) NOT NULL AUTO_INCREMENT,
  `libelle` varchar(250) NOT NULL DEFAULT '',
  `visible` tinyint(1) NOT NULL DEFAULT '1',
  `numero_ordre` int(11) NOT NULL,
  `tooltip` text,
  PRIMARY KEY (`id`)
) ENGINE=InnoDB AUTO_INCREMENT=30 DEFAULT CHARSET=utf8;
/*!40101 SET character_set_client = @saved_cs_client */;

--
-- Dumping data for table `Rubrique`
--

LOCK TABLES `Rubrique` WRITE;
/*!40000 ALTER TABLE `Rubrique` DISABLE KEYS */;
INSERT INTO `Rubrique` (`id`, `libelle`, `visible`, `numero_ordre`, `tooltip`) VALUES (1,'Décès toutes causes',0,1,NULL),(2,'Garanties décès complémentaires',1,2,NULL),(3,'Garanties Incapacité temporaire et totale et invalidité',1,5,'Les garanties Indemnités journalières – Invalidité –Incapacité Permanente Professionnelle sont indissociables.<br />\nToutefois le montant retenu pour les indemnités journalières peut être différent de celui de l’invalidité 2ème et 3ème catégorie et l’IPP >=66%'),(4,'Garanties d\'assistance',0,6,NULL),(5,'Maintien de salaire',0,1,NULL),(6,'CCN FHP',0,1,NULL),(7,'Produit Additionnel FHP',0,1,NULL),(8,'CCN BJOP',0,1,NULL),(9,'Produit Additionnel BJOP',0,1,NULL),(10,'CCN Habillement (commerce de détail)',0,1,NULL),(11,'Produit Additionnel Habillement (commerce de détail)',0,1,NULL),(12,'CCN Bureaux d\'études techniques (SYNTEC)',0,1,NULL),(13,'CCN Immobilier',0,1,NULL),(14,'CCN Maisons à Succursales (habillement)',0,1,NULL),(15,'CCN Prévention et Sécurité',0,1,NULL),(16,'CCN Organismes de tourisme',0,1,NULL),(17,'CCN Chimie : industries (entreprises adhérentes à l\'UIC)',0,1,NULL),(18,'CCN Chimie : industries (entreprises non adhérentes à l\'UIC)',0,1,NULL),(19,'CCN Plasturgie',0,1,NULL),(20,'CCN Animation',0,1,NULL),(21,'CCN Tourisme social et familial',0,1,NULL),(22,'CCN Branche aide à domicile (BAD)',0,1,NULL),(23,'CCN Sport',0,1,NULL),(24,'CCN Commerces de gros',0,1,NULL),(25,'Hôtels, cafés, restaurants',0,1,NULL),(26,'Garanties Rente Education',1,3,NULL),(27,'Garanties Rente de conjoint',1,4,'2 types de rentes de conjoint possibles<br />\nRente à formule : le calcul dépend de l\'âge de l\'assuré à son décès<br />\nRente linéaire : le montant est identique quel que soit l\'âge de l\'assuré à son décès'),(28,'Transports routiers',0,1,NULL),(29,'Prestataires de service',0,1,NULL);
/*!40000 ALTER TABLE `Rubrique` ENABLE KEYS */;
UNLOCK TABLES;

--
-- Table structure for table `SpecificitesCollege`
--

DROP TABLE IF EXISTS `SpecificitesCollege`;
/*!40101 SET @saved_cs_client     = @@character_set_client */;
/*!40101 SET character_set_client = utf8 */;
CREATE TABLE `SpecificitesCollege` (
  `type` varchar(31) NOT NULL DEFAULT '',
  `identifiant` int(11) NOT NULL AUTO_INCREMENT,
  `nbFemmes` int(11) DEFAULT NULL,
  `nbTotalEAC` int(11) DEFAULT NULL,
  `nbCVDSansEAC` int(11) DEFAULT NULL,
  `nbMCPSansEAC` int(11) DEFAULT NULL,
  `nbCVDAvecEAC` int(11) DEFAULT NULL,
  `nbMCPAvecEAC` int(11) DEFAULT NULL,
  PRIMARY KEY (`identifiant`)
) ENGINE=InnoDB AUTO_INCREMENT=17 DEFAULT CHARSET=utf8;
/*!40101 SET character_set_client = @saved_cs_client */;

--
-- Dumping data for table `SpecificitesCollege`
--

LOCK TABLES `SpecificitesCollege` WRITE;
/*!40000 ALTER TABLE `SpecificitesCollege` DISABLE KEYS */;
INSERT INTO `SpecificitesCollege` (`type`, `identifiant`, `nbFemmes`, `nbTotalEAC`, `nbCVDSansEAC`, `nbMCPSansEAC`, `nbCVDAvecEAC`, `nbMCPAvecEAC`) VALUES ('TPE',1,NULL,0,0,0,0,0),('TPE',2,NULL,0,0,0,0,0),('TPE',3,NULL,0,0,0,0,0),('TPE',4,NULL,0,0,0,0,0),('PME',5,3,50,10,10,10,15),('TPE',6,NULL,0,0,0,0,0),('TPE',7,NULL,0,0,0,0,0),('TPE',8,NULL,0,0,0,0,0),('TPE',9,NULL,0,0,0,0,0),('TPE',10,NULL,0,0,0,0,0),('TPE',11,NULL,0,0,0,0,0),('TPE',12,NULL,0,0,0,0,0),('TPE',13,NULL,0,0,0,0,0),('TPE',14,NULL,0,0,0,0,0),('TPE',15,NULL,0,0,0,0,0),('TPE',16,NULL,0,0,0,0,0);
/*!40000 ALTER TABLE `SpecificitesCollege` ENABLE KEYS */;
UNLOCK TABLES;

--
-- Table structure for table `SpecificitesGarantie`
--

DROP TABLE IF EXISTS `SpecificitesGarantie`;
/*!40101 SET @saved_cs_client     = @@character_set_client */;
/*!40101 SET character_set_client = utf8 */;
CREATE TABLE `SpecificitesGarantie` (
  `id` int(11) NOT NULL AUTO_INCREMENT,
  `type` varchar(31) NOT NULL DEFAULT '',
  `tauxMCP` decimal(10,5) DEFAULT NULL,
  `tauxCVD` decimal(10,5) DEFAULT NULL,
  `tauxMajorationEAC` decimal(10,5) DEFAULT NULL,
  `assimilationCVD` tinyint(1) DEFAULT NULL,
  `chargesSocialesPatronales` int(11) DEFAULT NULL,
  `chargesSocialesSalariales` int(11) DEFAULT NULL,
  `tauxPrestation` decimal(10,5) DEFAULT NULL,
  `tauxIJ` decimal(10,5) DEFAULT NULL,
  `tauxPrestationRelais` int(11) DEFAULT NULL,
  `optionHospi` tinyint(1) DEFAULT NULL,
  `franchise` int(11) DEFAULT NULL,
  `typeGarantieRenteEducation` varchar(50) DEFAULT NULL,
  `tauxRELineaire` decimal(10,5) DEFAULT NULL,
  `tauxREProgressivePalier1` decimal(10,5) DEFAULT NULL,
  `ageLimREProgressivePalier1` int(11) DEFAULT NULL,
  `tauxREProgressivePalier2` decimal(10,5) DEFAULT NULL,
  `ageLimREProgressivePalier2` int(11) DEFAULT NULL,
  `tauxREProgressivePalier3` decimal(10,5) DEFAULT NULL,
  `ageLimREProgressivePalier3` int(11) DEFAULT NULL,
  `orphelinRESelected` tinyint(1) DEFAULT NULL,
  `tauxRCViagere` decimal(10,5) DEFAULT NULL,
  `tauxRCTemporaire` decimal(10,5) DEFAULT NULL,
  `formuleChoisie` tinyint(1) DEFAULT NULL,
  `allocationOrphelinChoisie` tinyint(1) DEFAULT NULL,
  `tauxAllocationOrphelin` decimal(10,5) DEFAULT NULL,
  `capitalSubstitutifChoisi` tinyint(1) DEFAULT NULL,
  `tauxCapitalSubstitutif` decimal(10,5) DEFAULT NULL,
  `ageReferenceRC` int(11) DEFAULT NULL,
  `typeFranchiseIJ` varchar(50) DEFAULT NULL,
  `renteInvalidite1ereCategorieIPT` decimal(10,5) DEFAULT NULL,
  `renteInvalidite2emeEt3emeCategorieIPT` decimal(10,5) DEFAULT NULL,
  `incapaciteSupOuEgaleA66IPP` decimal(10,5) DEFAULT NULL,
  `typeIncapacite33a66IPP` varchar(45) DEFAULT NULL,
  `minConventionnel` decimal(10,5) DEFAULT NULL,
  `uniteMinConventionnel` varchar(30) DEFAULT NULL,
  PRIMARY KEY (`id`)
) ENGINE=InnoDB AUTO_INCREMENT=68 DEFAULT CHARSET=utf8;
/*!40101 SET character_set_client = @saved_cs_client */;

--
-- Dumping data for table `SpecificitesGarantie`
--

LOCK TABLES `SpecificitesGarantie` WRITE;
/*!40000 ALTER TABLE `SpecificitesGarantie` DISABLE KEYS */;
INSERT INTO `SpecificitesGarantie` (`id`, `type`, `tauxMCP`, `tauxCVD`, `tauxMajorationEAC`, `assimilationCVD`, `chargesSocialesPatronales`, `chargesSocialesSalariales`, `tauxPrestation`, `tauxIJ`, `tauxPrestationRelais`, `optionHospi`, `franchise`, `typeGarantieRenteEducation`, `tauxRELineaire`, `tauxREProgressivePalier1`, `ageLimREProgressivePalier1`, `tauxREProgressivePalier2`, `ageLimREProgressivePalier2`, `tauxREProgressivePalier3`, `ageLimREProgressivePalier3`, `orphelinRESelected`, `tauxRCViagere`, `tauxRCTemporaire`, `formuleChoisie`, `allocationOrphelinChoisie`, `tauxAllocationOrphelin`, `capitalSubstitutifChoisi`, `tauxCapitalSubstitutif`, `ageReferenceRC`, `typeFranchiseIJ`, `renteInvalidite1ereCategorieIPT`, `renteInvalidite2emeEt3emeCategorieIPT`, `incapaciteSupOuEgaleA66IPP`, `typeIncapacite33a66IPP`, `minConventionnel`, `uniteMinConventionnel`) VALUES (1,'DCIAD',0.75000,0.75000,0.00000,0,NULL,NULL,NULL,NULL,NULL,NULL,NULL,NULL,NULL,NULL,NULL,NULL,NULL,NULL,NULL,NULL,NULL,NULL,NULL,NULL,NULL,NULL,NULL,NULL,NULL,NULL,NULL,NULL,NULL,NULL,NULL),(2,'MENSU',NULL,NULL,NULL,NULL,0,0,NULL,NULL,NULL,NULL,NULL,NULL,NULL,NULL,NULL,NULL,NULL,NULL,NULL,NULL,NULL,NULL,NULL,NULL,NULL,NULL,NULL,NULL,NULL,NULL,NULL,NULL,NULL,NULL,NULL),(3,'MENSU',NULL,NULL,NULL,NULL,0,0,NULL,NULL,NULL,NULL,NULL,NULL,NULL,NULL,NULL,NULL,NULL,NULL,NULL,NULL,NULL,NULL,NULL,NULL,NULL,NULL,NULL,NULL,NULL,NULL,NULL,NULL,NULL,NULL,NULL),(4,'MENSU',NULL,NULL,NULL,NULL,0,0,NULL,NULL,NULL,NULL,NULL,NULL,NULL,NULL,NULL,NULL,NULL,NULL,NULL,NULL,NULL,NULL,NULL,NULL,NULL,NULL,NULL,NULL,NULL,NULL,NULL,NULL,NULL,NULL,NULL),(5,'MENSU',NULL,NULL,NULL,NULL,0,0,NULL,NULL,NULL,NULL,NULL,NULL,NULL,NULL,NULL,NULL,NULL,NULL,NULL,NULL,NULL,NULL,NULL,NULL,NULL,NULL,NULL,NULL,NULL,NULL,NULL,NULL,NULL,NULL,NULL),(6,'DCIAD',0.75000,0.75000,0.00000,0,NULL,NULL,NULL,NULL,NULL,NULL,NULL,NULL,NULL,NULL,NULL,NULL,NULL,NULL,NULL,NULL,NULL,NULL,NULL,NULL,NULL,NULL,NULL,NULL,NULL,NULL,NULL,NULL,NULL,NULL,NULL),(7,'DCIAD',0.75000,0.75000,0.00000,0,NULL,NULL,NULL,NULL,NULL,NULL,NULL,NULL,NULL,NULL,NULL,NULL,NULL,NULL,NULL,NULL,NULL,NULL,NULL,NULL,NULL,NULL,NULL,NULL,NULL,NULL,NULL,NULL,NULL,NULL,NULL),(8,'DCIAD',0.75000,0.75000,0.00000,0,NULL,NULL,NULL,NULL,NULL,NULL,NULL,NULL,NULL,NULL,NULL,NULL,NULL,NULL,NULL,NULL,NULL,NULL,NULL,NULL,NULL,NULL,NULL,NULL,NULL,NULL,NULL,NULL,NULL,NULL,NULL),(9,'DCIAD',3.00000,2.00000,1.00000,1,NULL,NULL,NULL,NULL,NULL,NULL,NULL,NULL,NULL,NULL,NULL,NULL,NULL,NULL,NULL,NULL,NULL,NULL,NULL,NULL,NULL,NULL,NULL,NULL,NULL,NULL,NULL,NULL,NULL,NULL,NULL),(10,'RE',NULL,NULL,NULL,NULL,NULL,NULL,NULL,NULL,NULL,NULL,NULL,'PROGRESSIVE',NULL,0.05000,10,0.10000,17,0.15000,27,NULL,NULL,NULL,NULL,NULL,NULL,NULL,NULL,NULL,NULL,NULL,NULL,NULL,NULL,NULL,NULL),(11,'RC_V',NULL,NULL,NULL,NULL,NULL,NULL,NULL,NULL,NULL,NULL,NULL,NULL,NULL,NULL,NULL,NULL,NULL,NULL,NULL,NULL,0.01000,NULL,0,NULL,NULL,NULL,NULL,65,NULL,NULL,NULL,NULL,NULL,NULL,NULL),(12,'DCIAD',0.75000,0.75000,0.00000,0,NULL,NULL,NULL,NULL,NULL,NULL,NULL,NULL,NULL,NULL,NULL,NULL,NULL,NULL,NULL,NULL,NULL,NULL,NULL,NULL,NULL,NULL,NULL,NULL,NULL,NULL,NULL,NULL,NULL,NULL,NULL),(13,'MENSU',NULL,NULL,NULL,NULL,0,0,NULL,NULL,NULL,NULL,NULL,NULL,NULL,NULL,NULL,NULL,NULL,NULL,NULL,NULL,NULL,NULL,NULL,NULL,NULL,NULL,NULL,NULL,NULL,NULL,NULL,NULL,NULL,NULL,NULL),(14,'DCIAD',0.75000,0.75000,0.00000,0,NULL,NULL,NULL,NULL,NULL,NULL,NULL,NULL,NULL,NULL,NULL,NULL,NULL,NULL,NULL,NULL,NULL,NULL,NULL,NULL,NULL,NULL,NULL,NULL,NULL,NULL,NULL,NULL,NULL,NULL,NULL),(15,'DCIAD',0.75000,0.75000,0.00000,0,NULL,NULL,NULL,NULL,NULL,NULL,NULL,NULL,NULL,NULL,NULL,NULL,NULL,NULL,NULL,NULL,NULL,NULL,NULL,NULL,NULL,NULL,NULL,NULL,NULL,NULL,NULL,NULL,NULL,NULL,NULL),(16,'DCIAD',0.75000,0.75000,0.00000,0,NULL,NULL,NULL,NULL,NULL,NULL,NULL,NULL,NULL,NULL,NULL,NULL,NULL,NULL,NULL,NULL,NULL,NULL,NULL,NULL,NULL,NULL,NULL,NULL,NULL,NULL,NULL,NULL,NULL,NULL,NULL),(17,'RE',NULL,NULL,NULL,NULL,NULL,NULL,NULL,NULL,NULL,NULL,NULL,'PROGRESSIVE',NULL,0.02000,5,0.02000,6,0.02000,27,NULL,NULL,NULL,NULL,NULL,NULL,NULL,NULL,NULL,NULL,NULL,NULL,NULL,NULL,NULL,NULL),(18,'RE_RO',NULL,NULL,NULL,NULL,NULL,NULL,0.10000,NULL,NULL,NULL,NULL,NULL,NULL,NULL,NULL,NULL,NULL,NULL,NULL,NULL,NULL,NULL,NULL,NULL,NULL,NULL,NULL,NULL,NULL,NULL,NULL,NULL,NULL,NULL,NULL),(19,'RC_V',NULL,NULL,NULL,NULL,NULL,NULL,NULL,NULL,NULL,NULL,NULL,NULL,NULL,NULL,NULL,NULL,NULL,NULL,NULL,NULL,0.01000,NULL,0,NULL,NULL,NULL,NULL,65,NULL,NULL,NULL,NULL,NULL,NULL,NULL),(20,'RC_T',NULL,NULL,NULL,NULL,NULL,NULL,NULL,NULL,NULL,NULL,NULL,NULL,NULL,NULL,NULL,NULL,NULL,NULL,NULL,NULL,NULL,0.01000,0,NULL,NULL,NULL,NULL,55,NULL,NULL,NULL,NULL,NULL,NULL,NULL),(21,'RC_AO',NULL,NULL,NULL,NULL,NULL,NULL,NULL,NULL,NULL,NULL,NULL,NULL,NULL,NULL,NULL,NULL,NULL,NULL,NULL,NULL,NULL,NULL,NULL,NULL,0.10000,NULL,NULL,NULL,NULL,NULL,NULL,NULL,NULL,NULL,NULL),(22,'IJ_C',NULL,NULL,NULL,NULL,NULL,NULL,NULL,0.70000,NULL,0,180,NULL,NULL,NULL,NULL,NULL,NULL,NULL,NULL,NULL,NULL,NULL,NULL,NULL,NULL,NULL,NULL,NULL,'CONTINUE',NULL,NULL,NULL,NULL,NULL,NULL),(23,'IPT_C',NULL,NULL,NULL,NULL,NULL,NULL,NULL,NULL,NULL,NULL,NULL,NULL,NULL,NULL,NULL,NULL,NULL,NULL,NULL,NULL,NULL,NULL,NULL,NULL,NULL,NULL,NULL,NULL,NULL,0.42000,0.70000,NULL,NULL,NULL,NULL),(24,'IPP_C',NULL,NULL,NULL,NULL,NULL,NULL,NULL,NULL,NULL,NULL,NULL,NULL,NULL,NULL,NULL,NULL,NULL,NULL,NULL,NULL,NULL,NULL,NULL,NULL,NULL,NULL,NULL,NULL,NULL,NULL,NULL,0.70000,'FORMULE',NULL,NULL),(25,'DCIAD',0.75000,0.75000,0.00000,0,NULL,NULL,NULL,NULL,NULL,NULL,NULL,NULL,NULL,NULL,NULL,NULL,NULL,NULL,NULL,NULL,NULL,NULL,NULL,NULL,NULL,NULL,NULL,NULL,NULL,NULL,NULL,NULL,NULL,NULL,NULL),(26,'RC_V',NULL,NULL,NULL,NULL,NULL,NULL,NULL,NULL,NULL,NULL,NULL,NULL,NULL,NULL,NULL,NULL,NULL,NULL,NULL,NULL,0.01000,NULL,0,NULL,NULL,NULL,NULL,65,NULL,NULL,NULL,NULL,NULL,NULL,NULL),(27,'RC_T',NULL,NULL,NULL,NULL,NULL,NULL,NULL,NULL,NULL,NULL,NULL,NULL,NULL,NULL,NULL,NULL,NULL,NULL,NULL,NULL,NULL,0.01000,0,NULL,NULL,NULL,NULL,55,NULL,NULL,NULL,NULL,NULL,NULL,NULL),(28,'RC_AO',NULL,NULL,NULL,NULL,NULL,NULL,NULL,NULL,NULL,NULL,NULL,NULL,NULL,NULL,NULL,NULL,NULL,NULL,NULL,NULL,NULL,NULL,NULL,NULL,0.10000,NULL,NULL,NULL,NULL,NULL,NULL,NULL,NULL,NULL,NULL),(29,'RC_CS',NULL,NULL,NULL,NULL,NULL,NULL,NULL,NULL,NULL,NULL,NULL,NULL,NULL,NULL,NULL,NULL,NULL,NULL,NULL,NULL,NULL,NULL,NULL,NULL,NULL,NULL,0.10000,NULL,NULL,NULL,NULL,NULL,NULL,NULL,NULL),(30,'IJ_NC',NULL,NULL,NULL,NULL,NULL,NULL,NULL,0.70000,NULL,0,180,NULL,NULL,NULL,NULL,NULL,NULL,NULL,NULL,NULL,NULL,NULL,NULL,NULL,NULL,NULL,NULL,NULL,'CONTINUE',NULL,NULL,NULL,NULL,NULL,NULL),(31,'IPT_NC',NULL,NULL,NULL,NULL,NULL,NULL,NULL,NULL,NULL,NULL,NULL,NULL,NULL,NULL,NULL,NULL,NULL,NULL,NULL,NULL,NULL,NULL,NULL,NULL,NULL,NULL,NULL,NULL,NULL,0.42000,0.70000,NULL,NULL,NULL,NULL),(32,'IPP_NC',NULL,NULL,NULL,NULL,NULL,NULL,NULL,NULL,NULL,NULL,NULL,NULL,NULL,NULL,NULL,NULL,NULL,NULL,NULL,NULL,NULL,NULL,NULL,NULL,NULL,NULL,NULL,NULL,NULL,NULL,NULL,0.70000,'FORMULE',NULL,NULL),(33,'DCIAD',0.75000,0.75000,0.00000,0,NULL,NULL,NULL,NULL,NULL,NULL,NULL,NULL,NULL,NULL,NULL,NULL,NULL,NULL,NULL,NULL,NULL,NULL,NULL,NULL,NULL,NULL,NULL,NULL,NULL,NULL,NULL,NULL,NULL,NULL,NULL),(34,'RE',NULL,NULL,NULL,NULL,NULL,NULL,NULL,NULL,NULL,NULL,NULL,'LINEAIRE',0.02000,NULL,NULL,NULL,NULL,NULL,NULL,NULL,NULL,NULL,NULL,NULL,NULL,NULL,NULL,NULL,NULL,NULL,NULL,NULL,NULL,NULL,NULL),(35,'RE_RO',NULL,NULL,NULL,NULL,NULL,NULL,0.10000,NULL,NULL,NULL,NULL,NULL,NULL,NULL,NULL,NULL,NULL,NULL,NULL,NULL,NULL,NULL,NULL,NULL,NULL,NULL,NULL,NULL,NULL,NULL,NULL,NULL,NULL,NULL,NULL),(36,'RC_V',NULL,NULL,NULL,NULL,NULL,NULL,NULL,NULL,NULL,NULL,NULL,NULL,NULL,NULL,NULL,NULL,NULL,NULL,NULL,NULL,0.01000,NULL,0,NULL,NULL,NULL,NULL,65,NULL,NULL,NULL,NULL,NULL,NULL,NULL),(37,'RC_T',NULL,NULL,NULL,NULL,NULL,NULL,NULL,NULL,NULL,NULL,NULL,NULL,NULL,NULL,NULL,NULL,NULL,NULL,NULL,NULL,NULL,0.01000,0,NULL,NULL,NULL,NULL,55,NULL,NULL,NULL,NULL,NULL,NULL,NULL),(38,'RC_AO',NULL,NULL,NULL,NULL,NULL,NULL,NULL,NULL,NULL,NULL,NULL,NULL,NULL,NULL,NULL,NULL,NULL,NULL,NULL,NULL,NULL,NULL,NULL,NULL,0.80000,NULL,NULL,NULL,NULL,NULL,NULL,NULL,NULL,NULL,NULL),(39,'RC_CS',NULL,NULL,NULL,NULL,NULL,NULL,NULL,NULL,NULL,NULL,NULL,NULL,NULL,NULL,NULL,NULL,NULL,NULL,NULL,NULL,NULL,NULL,NULL,NULL,NULL,NULL,0.10000,NULL,NULL,NULL,NULL,NULL,NULL,NULL,NULL),(40,'DCIAD',1.00000,1.00000,0.01000,0,NULL,NULL,NULL,NULL,NULL,NULL,NULL,NULL,NULL,NULL,NULL,NULL,NULL,NULL,NULL,NULL,NULL,NULL,NULL,NULL,NULL,NULL,NULL,NULL,NULL,NULL,NULL,NULL,NULL,NULL,NULL),(41,'RE',NULL,NULL,NULL,NULL,NULL,NULL,NULL,NULL,NULL,NULL,NULL,'PROGRESSIVE',NULL,0.20000,16,0.25000,25,0.25000,27,NULL,NULL,NULL,NULL,NULL,NULL,NULL,NULL,NULL,NULL,NULL,NULL,NULL,NULL,NULL,NULL),(42,'RE_RO',NULL,NULL,NULL,NULL,NULL,NULL,1.00000,NULL,NULL,NULL,NULL,NULL,NULL,NULL,NULL,NULL,NULL,NULL,NULL,NULL,NULL,NULL,NULL,NULL,NULL,NULL,NULL,NULL,NULL,NULL,NULL,NULL,NULL,NULL,NULL),(43,'IJ_C',NULL,NULL,NULL,NULL,NULL,NULL,NULL,0.75000,NULL,0,45,NULL,NULL,NULL,NULL,NULL,NULL,NULL,NULL,NULL,NULL,NULL,NULL,NULL,NULL,NULL,NULL,NULL,'CONTINUE',NULL,NULL,NULL,NULL,NULL,NULL),(44,'IPT_C',NULL,NULL,NULL,NULL,NULL,NULL,NULL,NULL,NULL,NULL,NULL,NULL,NULL,NULL,NULL,NULL,NULL,NULL,NULL,NULL,NULL,NULL,NULL,NULL,NULL,NULL,NULL,NULL,NULL,0.42000,0.70000,NULL,NULL,NULL,NULL),(45,'IPP_C',NULL,NULL,NULL,NULL,NULL,NULL,NULL,NULL,NULL,NULL,NULL,NULL,NULL,NULL,NULL,NULL,NULL,NULL,NULL,NULL,NULL,NULL,NULL,NULL,NULL,NULL,NULL,NULL,NULL,NULL,NULL,0.70000,'FORMULE',NULL,NULL),(46,'DCIAD',1.00000,1.00000,0.01000,0,NULL,NULL,NULL,NULL,NULL,NULL,NULL,NULL,NULL,NULL,NULL,NULL,NULL,NULL,NULL,NULL,NULL,NULL,NULL,NULL,NULL,NULL,NULL,NULL,NULL,NULL,NULL,NULL,NULL,NULL,NULL),(47,'RE',NULL,NULL,NULL,NULL,NULL,NULL,NULL,NULL,NULL,NULL,NULL,'PROGRESSIVE',NULL,0.20000,16,0.25000,25,0.25000,27,NULL,NULL,NULL,NULL,NULL,NULL,NULL,NULL,NULL,NULL,NULL,NULL,NULL,NULL,NULL,NULL),(48,'RE_RO',NULL,NULL,NULL,NULL,NULL,NULL,1.00000,NULL,NULL,NULL,NULL,NULL,NULL,NULL,NULL,NULL,NULL,NULL,NULL,NULL,NULL,NULL,NULL,NULL,NULL,NULL,NULL,NULL,NULL,NULL,NULL,NULL,NULL,NULL,NULL),(49,'IJ_NC',NULL,NULL,NULL,NULL,NULL,NULL,NULL,0.75000,NULL,0,45,NULL,NULL,NULL,NULL,NULL,NULL,NULL,NULL,NULL,NULL,NULL,NULL,NULL,NULL,NULL,NULL,NULL,'CONTINUE',NULL,NULL,NULL,NULL,NULL,NULL),(50,'IPT_NC',NULL,NULL,NULL,NULL,NULL,NULL,NULL,NULL,NULL,NULL,NULL,NULL,NULL,NULL,NULL,NULL,NULL,NULL,NULL,NULL,NULL,NULL,NULL,NULL,NULL,NULL,NULL,NULL,NULL,0.42000,0.70000,NULL,NULL,NULL,NULL),(51,'IPP_NC',NULL,NULL,NULL,NULL,NULL,NULL,NULL,NULL,NULL,NULL,NULL,NULL,NULL,NULL,NULL,NULL,NULL,NULL,NULL,NULL,NULL,NULL,NULL,NULL,NULL,NULL,NULL,NULL,NULL,NULL,NULL,0.70000,'FORMULE',NULL,NULL),(52,'MENSU',NULL,NULL,NULL,NULL,0,0,NULL,NULL,NULL,NULL,NULL,NULL,NULL,NULL,NULL,NULL,NULL,NULL,NULL,NULL,NULL,NULL,NULL,NULL,NULL,NULL,NULL,NULL,NULL,NULL,NULL,NULL,NULL,NULL,NULL),(53,'MENSU',NULL,NULL,NULL,NULL,0,0,NULL,NULL,NULL,NULL,NULL,NULL,NULL,NULL,NULL,NULL,NULL,NULL,NULL,NULL,NULL,NULL,NULL,NULL,NULL,NULL,NULL,NULL,NULL,NULL,NULL,NULL,NULL,NULL,NULL),(54,'MENSU',NULL,NULL,NULL,NULL,0,0,NULL,NULL,NULL,NULL,NULL,NULL,NULL,NULL,NULL,NULL,NULL,NULL,NULL,NULL,NULL,NULL,NULL,NULL,NULL,NULL,NULL,NULL,NULL,NULL,NULL,NULL,NULL,NULL,NULL),(55,'MENSU',NULL,NULL,NULL,NULL,0,0,NULL,NULL,NULL,NULL,NULL,NULL,NULL,NULL,NULL,NULL,NULL,NULL,NULL,NULL,NULL,NULL,NULL,NULL,NULL,NULL,NULL,NULL,NULL,NULL,NULL,NULL,NULL,NULL,NULL),(56,'DCIAD',0.75000,0.75000,0.00000,0,NULL,NULL,NULL,NULL,NULL,NULL,NULL,NULL,NULL,NULL,NULL,NULL,NULL,NULL,NULL,NULL,NULL,NULL,NULL,NULL,NULL,NULL,NULL,NULL,NULL,NULL,NULL,NULL,NULL,NULL,NULL),(57,'RE',NULL,NULL,NULL,NULL,NULL,NULL,NULL,NULL,NULL,NULL,NULL,'PROGRESSIVE',NULL,0.02000,7,0.02000,17,0.02000,27,NULL,NULL,NULL,NULL,NULL,NULL,NULL,NULL,NULL,NULL,NULL,NULL,NULL,NULL,NULL,NULL),(58,'RC_T',NULL,NULL,NULL,NULL,NULL,NULL,NULL,NULL,NULL,NULL,NULL,NULL,NULL,NULL,NULL,NULL,NULL,NULL,NULL,NULL,NULL,0.01000,0,NULL,NULL,NULL,NULL,55,NULL,NULL,NULL,NULL,NULL,NULL,NULL),(59,'IJ_NC',NULL,NULL,NULL,NULL,NULL,NULL,NULL,0.70000,NULL,0,180,NULL,NULL,NULL,NULL,NULL,NULL,NULL,NULL,NULL,NULL,NULL,NULL,NULL,NULL,NULL,NULL,NULL,'CONTINUE',NULL,NULL,NULL,NULL,NULL,NULL),(60,'IPT_NC',NULL,NULL,NULL,NULL,NULL,NULL,NULL,NULL,NULL,NULL,NULL,NULL,NULL,NULL,NULL,NULL,NULL,NULL,NULL,NULL,NULL,NULL,NULL,NULL,NULL,NULL,NULL,NULL,NULL,0.42000,0.70000,NULL,NULL,NULL,NULL),(61,'IPP_NC',NULL,NULL,NULL,NULL,NULL,NULL,NULL,NULL,NULL,NULL,NULL,NULL,NULL,NULL,NULL,NULL,NULL,NULL,NULL,NULL,NULL,NULL,NULL,NULL,NULL,NULL,NULL,NULL,NULL,NULL,NULL,0.70000,'FORMULE',NULL,NULL),(62,'DCIAD',0.75000,0.75000,0.00000,0,NULL,NULL,NULL,NULL,NULL,NULL,NULL,NULL,NULL,NULL,NULL,NULL,NULL,NULL,NULL,NULL,NULL,NULL,NULL,NULL,NULL,NULL,NULL,NULL,NULL,NULL,NULL,NULL,NULL,NULL,NULL),(63,'RC_T',NULL,NULL,NULL,NULL,NULL,NULL,NULL,NULL,NULL,NULL,NULL,NULL,NULL,NULL,NULL,NULL,NULL,NULL,NULL,NULL,NULL,0.01000,0,NULL,NULL,NULL,NULL,55,NULL,NULL,NULL,NULL,NULL,NULL,NULL),(64,'DCIAD',0.75000,0.79000,0.00000,0,NULL,NULL,NULL,NULL,NULL,NULL,NULL,NULL,NULL,NULL,NULL,NULL,NULL,NULL,NULL,NULL,NULL,NULL,NULL,NULL,NULL,NULL,NULL,NULL,NULL,NULL,NULL,NULL,NULL,NULL,NULL),(65,'IJ_NC',NULL,NULL,NULL,NULL,NULL,NULL,NULL,0.70000,NULL,0,180,NULL,NULL,NULL,NULL,NULL,NULL,NULL,NULL,NULL,NULL,NULL,NULL,NULL,NULL,NULL,NULL,NULL,'CONTINUE',NULL,NULL,NULL,NULL,NULL,NULL),(66,'IPT_NC',NULL,NULL,NULL,NULL,NULL,NULL,NULL,NULL,NULL,NULL,NULL,NULL,NULL,NULL,NULL,NULL,NULL,NULL,NULL,NULL,NULL,NULL,NULL,NULL,NULL,NULL,NULL,NULL,NULL,0.42000,0.70000,NULL,NULL,NULL,NULL),(67,'IPP_NC',NULL,NULL,NULL,NULL,NULL,NULL,NULL,NULL,NULL,NULL,NULL,NULL,NULL,NULL,NULL,NULL,NULL,NULL,NULL,NULL,NULL,NULL,NULL,NULL,NULL,NULL,NULL,NULL,NULL,NULL,NULL,0.70000,'FORMULE',NULL,NULL);
/*!40000 ALTER TABLE `SpecificitesGarantie` ENABLE KEYS */;
UNLOCK TABLES;

--
-- Table structure for table `SpecificitesGarantiePredefinie`
--

DROP TABLE IF EXISTS `SpecificitesGarantiePredefinie`;
/*!40101 SET @saved_cs_client     = @@character_set_client */;
/*!40101 SET character_set_client = utf8 */;
CREATE TABLE `SpecificitesGarantiePredefinie` (
  `id` int(11) NOT NULL AUTO_INCREMENT,
  `garantie_id` int(11) NOT NULL,
  `packGaranties_id` int(11) NOT NULL,
  `tauxPrestation` decimal(10,5) DEFAULT NULL,
  `tauxMajorationEAC` decimal(10,5) DEFAULT NULL,
  `tauxIJ` decimal(10,5) DEFAULT NULL,
  `typeFranchiseIJ` varchar(50) DEFAULT NULL,
  `franchise` int(11) DEFAULT NULL,
  `optionHospi` tinyint(1) DEFAULT NULL,
  PRIMARY KEY (`id`),
  UNIQUE KEY `packgaranties_garantie_unique` (`packGaranties_id`,`garantie_id`),
  KEY `garantie_id` (`garantie_id`),
  CONSTRAINT `SpecificitesGarantiePredefinie_ibfk_1` FOREIGN KEY (`garantie_id`) REFERENCES `Garantie` (`id`),
  CONSTRAINT `SpecificitesGarantiePredefinie_ibfk_2` FOREIGN KEY (`packGaranties_id`) REFERENCES `PackGaranties` (`id`)
) ENGINE=InnoDB AUTO_INCREMENT=84 DEFAULT CHARSET=utf8;
/*!40101 SET character_set_client = @saved_cs_client */;

--
-- Dumping data for table `SpecificitesGarantiePredefinie`
--

LOCK TABLES `SpecificitesGarantiePredefinie` WRITE;
/*!40000 ALTER TABLE `SpecificitesGarantiePredefinie` DISABLE KEYS */;
INSERT INTO `SpecificitesGarantiePredefinie` (`id`, `garantie_id`, `packGaranties_id`, `tauxPrestation`, `tauxMajorationEAC`, `tauxIJ`, `typeFranchiseIJ`, `franchise`, `optionHospi`) VALUES (10,26,1,4.00000,0.50000,NULL,NULL,NULL,NULL),(13,31,1,NULL,NULL,0.90000,'CONTINUE',30,0),(20,26,2,3.25000,0.50000,NULL,NULL,NULL,NULL),(23,31,2,NULL,NULL,0.90000,'CONTINUE',60,1),(30,26,3,3.75000,0.50000,NULL,NULL,NULL,NULL),(33,31,3,NULL,NULL,0.90000,'CONTINUE',30,0),(40,26,4,3.00000,0.50000,NULL,NULL,NULL,NULL),(43,31,4,NULL,NULL,0.90000,'CONTINUE',60,1),(50,26,5,3.00000,0.50000,NULL,NULL,NULL,NULL),(53,31,5,NULL,NULL,0.90000,'CONTINUE',60,0),(60,26,6,2.25000,0.50000,NULL,NULL,NULL,NULL),(63,31,6,NULL,NULL,0.90000,'CONTINUE',60,1),(70,26,7,1.25000,0.50000,NULL,NULL,NULL,NULL),(73,31,7,NULL,NULL,0.80000,'CONTINUE',90,0),(80,26,8,1.00000,0.25000,NULL,NULL,NULL,NULL),(83,31,8,NULL,NULL,0.75000,'CONTINUE',90,1);
/*!40000 ALTER TABLE `SpecificitesGarantiePredefinie` ENABLE KEYS */;
UNLOCK TABLES;

--
-- Table structure for table `TempPatchDocumentaire`
--

DROP TABLE IF EXISTS `TempPatchDocumentaire`;
/*!40101 SET @saved_cs_client     = @@character_set_client */;
/*!40101 SET character_set_client = utf8 */;
CREATE TABLE `TempPatchDocumentaire` (
  `ID` int(11) NOT NULL AUTO_INCREMENT,
  `CATEGORIE` varchar(255) DEFAULT NULL,
  `INTEGER1` int(11) DEFAULT NULL,
  `INTEGER2` int(11) DEFAULT NULL,
  `NUM1` decimal(11,2) DEFAULT NULL,
  `NUM2` decimal(11,2) DEFAULT NULL,
  `DATE1` date DEFAULT NULL,
  `DATE2` date DEFAULT NULL,
  `DT1` datetime DEFAULT NULL,
  `DT2` datetime DEFAULT NULL,
  `STR1` varchar(255) DEFAULT NULL,
  `STR2` varchar(255) DEFAULT NULL,
  PRIMARY KEY (`ID`)
) ENGINE=InnoDB AUTO_INCREMENT=3 DEFAULT CHARSET=utf8;
/*!40101 SET character_set_client = @saved_cs_client */;

--
-- Dumping data for table `TempPatchDocumentaire`
--

LOCK TABLES `TempPatchDocumentaire` WRITE;
/*!40000 ALTER TABLE `TempPatchDocumentaire` DISABLE KEYS */;
INSERT INTO `TempPatchDocumentaire` (`ID`, `CATEGORIE`, `INTEGER1`, `INTEGER2`, `NUM1`, `NUM2`, `DATE1`, `DATE2`, `DT1`, `DT2`, `STR1`, `STR2`) VALUES (1,'v50_suppr_produits',148,NULL,NULL,NULL,NULL,NULL,NULL,NULL,NULL,NULL),(2,'v50_suppr_conventions',79,NULL,NULL,NULL,NULL,NULL,NULL,NULL,NULL,NULL);
/*!40000 ALTER TABLE `TempPatchDocumentaire` ENABLE KEYS */;
UNLOCK TABLES;

--
-- Table structure for table `TemplateEditionMeta`
--

DROP TABLE IF EXISTS `TemplateEditionMeta`;
/*!40101 SET @saved_cs_client     = @@character_set_client */;
/*!40101 SET character_set_client = utf8 */;
CREATE TABLE `TemplateEditionMeta` (
  `id` int(11) NOT NULL AUTO_INCREMENT,
  `libelle` varchar(255) NOT NULL DEFAULT '',
  `fileName` varchar(255) NOT NULL DEFAULT '',
  `libellePourAffichage` varchar(50) NOT NULL DEFAULT 'Edition',
  `priorite` int(11) NOT NULL DEFAULT '1',
  `numeroPatch` int(11) DEFAULT NULL,
  PRIMARY KEY (`id`)
) ENGINE=InnoDB DEFAULT CHARSET=utf8;
/*!40101 SET character_set_client = @saved_cs_client */;

--
-- Dumping data for table `TemplateEditionMeta`
--

LOCK TABLES `TemplateEditionMeta` WRITE;
/*!40000 ALTER TABLE `TemplateEditionMeta` DISABLE KEYS */;
/*!40000 ALTER TABLE `TemplateEditionMeta` ENABLE KEYS */;
UNLOCK TABLES;

--
-- Table structure for table `Tmp_garanties_ccn`
--

DROP TABLE IF EXISTS `Tmp_garanties_ccn`;
/*!40101 SET @saved_cs_client     = @@character_set_client */;
/*!40101 SET character_set_client = utf8 */;
CREATE TABLE `Tmp_garanties_ccn` (
  `clef` varchar(50) NOT NULL,
  `ccn` varchar(255) DEFAULT NULL,
  `idcc` int(11) DEFAULT NULL,
  `college` varchar(255) DEFAULT NULL,
  `ij1_ta` decimal(10,5) DEFAULT NULL,
  `ij1_tb` decimal(10,5) DEFAULT NULL,
  `ij1_tc` decimal(10,5) DEFAULT NULL,
  `ij1_ss_incluse` tinyint(1) DEFAULT NULL,
  `ij1_sal_ref` varchar(255) DEFAULT NULL,
  `ij1_typ_fra` varchar(255) DEFAULT NULL,
  `ij1_nb_j_fra` int(11) DEFAULT NULL,
  `ij1_opt_rac_fra` tinyint(1) DEFAULT NULL,
  `dc1_ass` tinyint(1) DEFAULT NULL,
  `dc1_cvd` decimal(10,5) DEFAULT NULL,
  `dc1_mse` decimal(10,5) DEFAULT NULL,
  `dc1_eac` decimal(10,5) DEFAULT NULL,
  `dc1_lim_ind` varchar(255) DEFAULT NULL,
  `dc1_sal_ref` varchar(255) DEFAULT NULL,
  `dc1_min_tau` varchar(45) DEFAULT NULL,
  `dc1_min_ref` varchar(50) DEFAULT NULL,
  `dc2` decimal(10,5) DEFAULT NULL,
  `dc3` decimal(10,5) DEFAULT NULL,
  `dc4` decimal(10,5) DEFAULT NULL,
  `dc5` decimal(10,5) DEFAULT NULL,
  `dc6` decimal(10,5) DEFAULT NULL,
  `dc7` decimal(10,5) DEFAULT NULL,
  `dc7_sal_ref` varchar(50) DEFAULT NULL,
  `dc8` decimal(10,5) DEFAULT NULL,
  `dc8_sal_ref` varchar(50) DEFAULT NULL,
  `dc9` decimal(10,5) DEFAULT NULL,
  `dc9_sal_ref` varchar(50) DEFAULT NULL,
  `rc_typ` varchar(50) DEFAULT NULL,
  `rc1` decimal(10,5) DEFAULT NULL,
  `rc1_age_ref` int(11) DEFAULT NULL,
  `rc1_sal_ref` varchar(50) DEFAULT NULL,
  `rc2` decimal(10,5) DEFAULT NULL,
  `rc2_sal_ref` varchar(50) DEFAULT NULL,
  `rc2_age_fin` int(11) DEFAULT NULL,
  `rc4` decimal(10,5) DEFAULT NULL,
  `rc4_sal_ref` varchar(50) DEFAULT NULL,
  `rc4_age_fin` int(11) DEFAULT NULL,
  `re1_sal_ref` varchar(50) DEFAULT NULL,
  `re1_age_lim_pal_1` int(11) DEFAULT NULL,
  `re1_age_lim_pal_2` int(11) DEFAULT NULL,
  `re1_age_lim_pal_3` int(11) DEFAULT NULL,
  `re1_niv_pal_1` decimal(10,5) DEFAULT NULL,
  `re1_niv_pal_2` decimal(10,5) DEFAULT NULL,
  `re1_niv_pal_3` decimal(10,5) DEFAULT NULL,
  `re1_min_tau` varchar(45) DEFAULT NULL,
  `re1_min_ref` varchar(50) DEFAULT NULL,
  `re2` decimal(10,5) DEFAULT NULL,
  `rco` decimal(10,5) DEFAULT NULL,
  `rco_sal_ref` varchar(50) DEFAULT NULL,
  `ri1_cat1` decimal(10,5) DEFAULT NULL,
  `ri1_cat2_3` decimal(10,5) DEFAULT NULL,
  `ri1_ss_incluse` tinyint(1) DEFAULT NULL,
  `ri1_sal_ref` varchar(50) DEFAULT NULL,
  `ri2_66` decimal(10,5) DEFAULT NULL,
  `ri2_33_65` decimal(10,5) DEFAULT NULL,
  `ri2_typ` varchar(50) DEFAULT NULL,
  `ri2_ss_incluse` tinyint(1) DEFAULT NULL,
  `ri2_sal_ref` varchar(50) DEFAULT NULL,
  `definition_cadre` varchar(255) DEFAULT NULL,
  `tpe_1_5_possible` tinyint(1) DEFAULT NULL,
  `cot_min_sal_ref` varchar(50) DEFAULT NULL,
  `cot_min_dc_ta` decimal(10,5) DEFAULT NULL,
  `cot_min_dc_tb` decimal(10,5) DEFAULT NULL,
  `cot_min_dc_tc` decimal(10,5) DEFAULT NULL,
  `cot_min_at_ta` decimal(10,5) DEFAULT NULL,
  `cot_min_at_tb` decimal(10,5) DEFAULT NULL,
  `cot_min_at_tc` decimal(10,5) DEFAULT NULL,
  `cot_min_tot_ta` decimal(10,5) DEFAULT NULL,
  `cot_min_tot_tb` decimal(10,5) DEFAULT NULL,
  `cot_min_tot_tc` decimal(10,5) DEFAULT NULL,
  `dispo_conv` tinyint(1) DEFAULT NULL,
  PRIMARY KEY (`clef`)
) ENGINE=MyISAM DEFAULT CHARSET=utf8;
/*!40101 SET character_set_client = @saved_cs_client */;

--
-- Dumping data for table `Tmp_garanties_ccn`
--

LOCK TABLES `Tmp_garanties_ccn` WRITE;
/*!40000 ALTER TABLE `Tmp_garanties_ccn` DISABLE KEYS */;
INSERT INTO `Tmp_garanties_ccn` (`clef`, `ccn`, `idcc`, `college`, `ij1_ta`, `ij1_tb`, `ij1_tc`, `ij1_ss_incluse`, `ij1_sal_ref`, `ij1_typ_fra`, `ij1_nb_j_fra`, `ij1_opt_rac_fra`, `dc1_ass`, `dc1_cvd`, `dc1_mse`, `dc1_eac`, `dc1_lim_ind`, `dc1_sal_ref`, `dc1_min_tau`, `dc1_min_ref`, `dc2`, `dc3`, `dc4`, `dc5`, `dc6`, `dc7`, `dc7_sal_ref`, `dc8`, `dc8_sal_ref`, `dc9`, `dc9_sal_ref`, `rc_typ`, `rc1`, `rc1_age_ref`, `rc1_sal_ref`, `rc2`, `rc2_sal_ref`, `rc2_age_fin`, `rc4`, `rc4_sal_ref`, `rc4_age_fin`, `re1_sal_ref`, `re1_age_lim_pal_1`, `re1_age_lim_pal_2`, `re1_age_lim_pal_3`, `re1_niv_pal_1`, `re1_niv_pal_2`, `re1_niv_pal_3`, `re1_min_tau`, `re1_min_ref`, `re2`, `rco`, `rco_sal_ref`, `ri1_cat1`, `ri1_cat2_3`, `ri1_ss_incluse`, `ri1_sal_ref`, `ri2_66`, `ri2_33_65`, `ri2_typ`, `ri2_ss_incluse`, `ri2_sal_ref`, `definition_cadre`, `tpe_1_5_possible`, `cot_min_sal_ref`, `cot_min_dc_ta`, `cot_min_dc_tb`, `cot_min_dc_tc`, `cot_min_at_ta`, `cot_min_at_tb`, `cot_min_at_tc`, `cot_min_tot_ta`, `cot_min_tot_tb`, `cot_min_tot_tc`, `dispo_conv`) VALUES ('45/Cadre','Caoutchouc',45,'C',NULL,NULL,NULL,NULL,NULL,NULL,NULL,NULL,NULL,NULL,NULL,NULL,NULL,NULL,NULL,NULL,NULL,NULL,NULL,NULL,NULL,NULL,NULL,NULL,NULL,NULL,NULL,NULL,NULL,NULL,NULL,NULL,NULL,NULL,NULL,NULL,NULL,NULL,NULL,NULL,NULL,NULL,NULL,NULL,NULL,NULL,NULL,NULL,NULL,NULL,NULL,NULL,NULL,NULL,NULL,NULL,NULL,NULL,NULL,1,NULL,NULL,NULL,NULL,NULL,NULL,NULL,NULL,NULL,NULL,0),('45/Non Cadre','Caoutchouc',45,'NC',NULL,NULL,NULL,NULL,NULL,NULL,NULL,NULL,NULL,NULL,NULL,NULL,NULL,NULL,NULL,NULL,NULL,NULL,NULL,NULL,NULL,NULL,NULL,NULL,NULL,NULL,NULL,NULL,NULL,NULL,NULL,NULL,NULL,NULL,NULL,NULL,NULL,NULL,NULL,NULL,NULL,NULL,NULL,NULL,NULL,NULL,NULL,NULL,NULL,NULL,NULL,NULL,NULL,NULL,NULL,NULL,NULL,NULL,NULL,NULL,NULL,NULL,NULL,NULL,NULL,NULL,NULL,NULL,NULL,NULL,0),('45/Ensemble','Caoutchouc',45,'EPSTD',NULL,NULL,NULL,NULL,NULL,NULL,NULL,NULL,NULL,NULL,NULL,NULL,NULL,NULL,NULL,NULL,NULL,NULL,NULL,NULL,NULL,NULL,NULL,NULL,NULL,NULL,NULL,NULL,NULL,NULL,NULL,NULL,NULL,NULL,NULL,NULL,NULL,NULL,NULL,NULL,NULL,NULL,NULL,NULL,NULL,NULL,NULL,NULL,NULL,NULL,NULL,NULL,NULL,NULL,NULL,NULL,NULL,NULL,NULL,NULL,NULL,NULL,NULL,NULL,NULL,NULL,NULL,NULL,NULL,NULL,0),('50/Cadre','Commerces de gros et de détail alimentaires et non alimentaires : Rodez et Sarthe',50,'C',NULL,NULL,NULL,NULL,NULL,NULL,NULL,NULL,NULL,NULL,NULL,NULL,NULL,NULL,NULL,NULL,NULL,NULL,NULL,NULL,NULL,NULL,NULL,NULL,NULL,NULL,NULL,NULL,NULL,NULL,NULL,NULL,NULL,NULL,NULL,NULL,NULL,NULL,NULL,NULL,NULL,NULL,NULL,NULL,NULL,NULL,NULL,NULL,NULL,NULL,NULL,NULL,NULL,NULL,NULL,NULL,NULL,NULL,NULL,1,NULL,NULL,NULL,NULL,NULL,NULL,NULL,NULL,NULL,NULL,0),('50/Non Cadre','Commerces de gros et de détail alimentaires et non alimentaires : Rodez et Sarthe',50,'NC',NULL,NULL,NULL,NULL,NULL,NULL,NULL,NULL,NULL,NULL,NULL,NULL,NULL,NULL,NULL,NULL,NULL,NULL,NULL,NULL,NULL,NULL,NULL,NULL,NULL,NULL,NULL,NULL,NULL,NULL,NULL,NULL,NULL,NULL,NULL,NULL,NULL,NULL,NULL,NULL,NULL,NULL,NULL,NULL,NULL,NULL,NULL,NULL,NULL,NULL,NULL,NULL,NULL,NULL,NULL,NULL,NULL,NULL,NULL,NULL,NULL,NULL,NULL,NULL,NULL,NULL,NULL,NULL,NULL,NULL,0),('50/Ensemble','Commerces de gros et de détail alimentaires et non alimentaires : Rodez et Sarthe',50,'EPSTD',NULL,NULL,NULL,NULL,NULL,NULL,NULL,NULL,NULL,NULL,NULL,NULL,NULL,NULL,NULL,NULL,NULL,NULL,NULL,NULL,NULL,NULL,NULL,NULL,NULL,NULL,NULL,NULL,NULL,NULL,NULL,NULL,NULL,NULL,NULL,NULL,NULL,NULL,NULL,NULL,NULL,NULL,NULL,NULL,NULL,NULL,NULL,NULL,NULL,NULL,NULL,NULL,NULL,NULL,NULL,NULL,NULL,NULL,NULL,NULL,NULL,NULL,NULL,NULL,NULL,NULL,NULL,NULL,NULL,NULL,0),('86/Cadre','Publicité',86,'C',NULL,NULL,NULL,NULL,NULL,NULL,NULL,NULL,NULL,NULL,NULL,NULL,NULL,NULL,NULL,NULL,NULL,NULL,NULL,NULL,NULL,NULL,NULL,NULL,NULL,NULL,NULL,NULL,NULL,NULL,NULL,NULL,NULL,NULL,NULL,NULL,NULL,NULL,NULL,NULL,NULL,NULL,NULL,NULL,NULL,NULL,NULL,NULL,NULL,NULL,NULL,NULL,NULL,NULL,NULL,NULL,NULL,NULL,NULL,1,NULL,NULL,NULL,NULL,NULL,NULL,NULL,NULL,NULL,NULL,0),('86/Non Cadre','Publicité',86,'NC',NULL,NULL,NULL,NULL,NULL,NULL,NULL,NULL,NULL,NULL,NULL,NULL,NULL,NULL,NULL,NULL,NULL,NULL,NULL,NULL,NULL,NULL,NULL,NULL,NULL,NULL,NULL,NULL,NULL,NULL,NULL,NULL,NULL,NULL,NULL,NULL,NULL,NULL,NULL,NULL,NULL,NULL,NULL,NULL,NULL,NULL,NULL,NULL,NULL,NULL,NULL,NULL,NULL,NULL,NULL,NULL,NULL,NULL,NULL,NULL,NULL,NULL,NULL,NULL,NULL,NULL,NULL,NULL,NULL,NULL,0),('86/Ensemble','Publicité',86,'EPSTD',NULL,NULL,NULL,NULL,NULL,NULL,NULL,NULL,NULL,NULL,NULL,NULL,NULL,NULL,NULL,NULL,NULL,NULL,NULL,NULL,NULL,NULL,NULL,NULL,NULL,NULL,NULL,NULL,NULL,NULL,NULL,NULL,NULL,NULL,NULL,NULL,NULL,NULL,NULL,NULL,NULL,NULL,NULL,NULL,NULL,NULL,NULL,NULL,NULL,NULL,NULL,NULL,NULL,NULL,NULL,NULL,NULL,NULL,NULL,NULL,NULL,NULL,NULL,NULL,NULL,NULL,NULL,NULL,NULL,NULL,0),('158/Cadre','Bois et scieries',158,'C',NULL,NULL,NULL,NULL,NULL,NULL,NULL,NULL,NULL,NULL,NULL,NULL,NULL,NULL,NULL,NULL,NULL,NULL,NULL,NULL,NULL,NULL,NULL,NULL,NULL,NULL,NULL,NULL,NULL,NULL,NULL,NULL,NULL,NULL,NULL,NULL,NULL,NULL,NULL,NULL,NULL,NULL,NULL,NULL,NULL,NULL,NULL,NULL,NULL,NULL,NULL,NULL,NULL,NULL,NULL,NULL,NULL,NULL,NULL,1,NULL,NULL,NULL,NULL,NULL,NULL,NULL,NULL,NULL,NULL,0),('158/Non Cadre','Bois et scieries',158,'NC',NULL,NULL,NULL,NULL,NULL,NULL,NULL,NULL,NULL,NULL,NULL,NULL,NULL,NULL,NULL,NULL,NULL,NULL,NULL,NULL,NULL,NULL,NULL,NULL,NULL,NULL,NULL,NULL,NULL,NULL,NULL,NULL,NULL,NULL,NULL,NULL,NULL,NULL,NULL,NULL,NULL,NULL,NULL,NULL,NULL,NULL,NULL,NULL,NULL,NULL,NULL,NULL,NULL,NULL,NULL,NULL,NULL,NULL,NULL,NULL,NULL,NULL,NULL,NULL,NULL,NULL,NULL,NULL,NULL,NULL,0),('158/Ensemble','Bois et scieries',158,'EPSTD',NULL,NULL,NULL,NULL,NULL,NULL,NULL,NULL,NULL,NULL,NULL,NULL,NULL,NULL,NULL,NULL,NULL,NULL,NULL,NULL,NULL,NULL,NULL,NULL,NULL,NULL,NULL,NULL,NULL,NULL,NULL,NULL,NULL,NULL,NULL,NULL,NULL,NULL,NULL,NULL,NULL,NULL,NULL,NULL,NULL,NULL,NULL,NULL,NULL,NULL,NULL,NULL,NULL,NULL,NULL,NULL,NULL,NULL,NULL,NULL,NULL,NULL,NULL,NULL,NULL,NULL,NULL,NULL,NULL,NULL,0),('179/Cadre','Coopératives de consommation : salariés',179,'C',NULL,NULL,NULL,NULL,NULL,NULL,NULL,NULL,NULL,NULL,NULL,NULL,NULL,NULL,NULL,NULL,NULL,NULL,NULL,NULL,NULL,NULL,NULL,NULL,NULL,NULL,NULL,NULL,NULL,NULL,NULL,NULL,NULL,NULL,NULL,NULL,NULL,NULL,NULL,NULL,NULL,NULL,NULL,NULL,NULL,NULL,NULL,NULL,NULL,NULL,NULL,NULL,NULL,NULL,NULL,NULL,NULL,NULL,NULL,1,NULL,NULL,NULL,NULL,NULL,NULL,NULL,NULL,NULL,NULL,1),('179/Non Cadre','Coopératives de consommation : salariés',179,'NC',NULL,NULL,NULL,NULL,NULL,NULL,NULL,NULL,0,0.75000,1.00000,0.25000,NULL,NULL,NULL,NULL,1.00000,NULL,1.00000,NULL,NULL,NULL,NULL,NULL,NULL,NULL,NULL,NULL,NULL,NULL,NULL,NULL,NULL,NULL,NULL,NULL,NULL,NULL,NULL,NULL,NULL,NULL,NULL,NULL,NULL,NULL,NULL,NULL,NULL,NULL,NULL,NULL,NULL,NULL,NULL,NULL,NULL,NULL,NULL,NULL,NULL,NULL,NULL,NULL,NULL,NULL,NULL,NULL,NULL,NULL,1),('179/Ensemble','Coopératives de consommation : salariés',179,'EPSTD',NULL,NULL,NULL,NULL,NULL,NULL,NULL,NULL,0,0.75000,1.00000,0.25000,NULL,NULL,NULL,NULL,1.00000,NULL,1.00000,NULL,NULL,NULL,NULL,NULL,NULL,NULL,NULL,NULL,NULL,NULL,NULL,NULL,NULL,NULL,NULL,NULL,NULL,NULL,NULL,NULL,NULL,NULL,NULL,NULL,NULL,NULL,NULL,NULL,NULL,NULL,NULL,NULL,NULL,NULL,NULL,NULL,NULL,NULL,NULL,NULL,NULL,NULL,NULL,NULL,NULL,NULL,NULL,NULL,NULL,NULL,1),('207/Cadre','Industrie des cuirs et peaux',207,'C',NULL,NULL,NULL,NULL,NULL,NULL,NULL,NULL,NULL,NULL,NULL,NULL,NULL,NULL,NULL,NULL,NULL,NULL,NULL,NULL,NULL,NULL,NULL,NULL,NULL,NULL,NULL,NULL,NULL,NULL,NULL,NULL,NULL,NULL,NULL,NULL,NULL,NULL,NULL,NULL,NULL,NULL,NULL,NULL,NULL,NULL,NULL,NULL,NULL,NULL,NULL,NULL,NULL,NULL,NULL,NULL,NULL,NULL,NULL,1,NULL,NULL,NULL,NULL,NULL,NULL,NULL,NULL,NULL,NULL,0),('207/Non Cadre','Industrie des cuirs et peaux',207,'NC',NULL,NULL,NULL,NULL,NULL,NULL,NULL,NULL,NULL,NULL,NULL,NULL,NULL,NULL,NULL,NULL,NULL,NULL,NULL,NULL,NULL,NULL,NULL,NULL,NULL,NULL,NULL,NULL,NULL,NULL,NULL,NULL,NULL,NULL,NULL,NULL,NULL,NULL,NULL,NULL,NULL,NULL,NULL,NULL,NULL,NULL,NULL,NULL,NULL,NULL,NULL,NULL,NULL,NULL,NULL,NULL,NULL,NULL,NULL,NULL,NULL,NULL,NULL,NULL,NULL,NULL,NULL,NULL,NULL,NULL,0),('207/Ensemble','Industrie des cuirs et peaux',207,'EPSTD',NULL,NULL,NULL,NULL,NULL,NULL,NULL,NULL,NULL,NULL,NULL,NULL,NULL,NULL,NULL,NULL,NULL,NULL,NULL,NULL,NULL,NULL,NULL,NULL,NULL,NULL,NULL,NULL,NULL,NULL,NULL,NULL,NULL,NULL,NULL,NULL,NULL,NULL,NULL,NULL,NULL,NULL,NULL,NULL,NULL,NULL,NULL,NULL,NULL,NULL,NULL,NULL,NULL,NULL,NULL,NULL,NULL,NULL,NULL,NULL,NULL,NULL,NULL,NULL,NULL,NULL,NULL,NULL,NULL,NULL,0),('239/Cadre','Commerces de gros et de détail alimentaires et non alimentaires : Sarthe',239,'C',NULL,NULL,NULL,NULL,NULL,NULL,NULL,NULL,NULL,NULL,NULL,NULL,NULL,NULL,NULL,NULL,NULL,NULL,NULL,NULL,NULL,NULL,NULL,NULL,NULL,NULL,NULL,NULL,NULL,NULL,NULL,NULL,NULL,NULL,NULL,NULL,NULL,NULL,NULL,NULL,NULL,NULL,NULL,NULL,NULL,NULL,NULL,NULL,NULL,NULL,NULL,NULL,NULL,NULL,NULL,NULL,NULL,NULL,NULL,1,NULL,NULL,NULL,NULL,NULL,NULL,NULL,NULL,NULL,NULL,0),('239/Non Cadre','Commerces de gros et de détail alimentaires et non alimentaires : Sarthe',239,'NC',NULL,NULL,NULL,NULL,NULL,NULL,NULL,NULL,NULL,NULL,NULL,NULL,NULL,NULL,NULL,NULL,NULL,NULL,NULL,NULL,NULL,NULL,NULL,NULL,NULL,NULL,NULL,NULL,NULL,NULL,NULL,NULL,NULL,NULL,NULL,NULL,NULL,NULL,NULL,NULL,NULL,NULL,NULL,NULL,NULL,NULL,NULL,NULL,NULL,NULL,NULL,NULL,NULL,NULL,NULL,NULL,NULL,NULL,NULL,NULL,NULL,NULL,NULL,NULL,NULL,NULL,NULL,NULL,NULL,NULL,0),('239/Ensemble','Commerces de gros et de détail alimentaires et non alimentaires : Sarthe',239,'EPSTD',NULL,NULL,NULL,NULL,NULL,NULL,NULL,NULL,NULL,NULL,NULL,NULL,NULL,NULL,NULL,NULL,NULL,NULL,NULL,NULL,NULL,NULL,NULL,NULL,NULL,NULL,NULL,NULL,NULL,NULL,NULL,NULL,NULL,NULL,NULL,NULL,NULL,NULL,NULL,NULL,NULL,NULL,NULL,NULL,NULL,NULL,NULL,NULL,NULL,NULL,NULL,NULL,NULL,NULL,NULL,NULL,NULL,NULL,NULL,NULL,NULL,NULL,NULL,NULL,NULL,NULL,NULL,NULL,NULL,NULL,0),('240/Cadre','Greffes des tribunaux de commerce',240,'C',NULL,NULL,NULL,NULL,NULL,NULL,NULL,NULL,NULL,NULL,NULL,NULL,NULL,NULL,NULL,NULL,NULL,NULL,NULL,NULL,NULL,NULL,NULL,NULL,NULL,NULL,NULL,NULL,NULL,NULL,NULL,NULL,NULL,NULL,NULL,NULL,NULL,NULL,NULL,NULL,NULL,NULL,NULL,NULL,NULL,NULL,NULL,NULL,NULL,NULL,NULL,NULL,NULL,NULL,NULL,NULL,NULL,NULL,NULL,1,NULL,NULL,NULL,NULL,NULL,NULL,NULL,NULL,NULL,NULL,0),('240/Non Cadre','Greffes des tribunaux de commerce',240,'NC',NULL,NULL,NULL,NULL,NULL,NULL,NULL,NULL,NULL,NULL,NULL,NULL,NULL,NULL,NULL,NULL,NULL,NULL,NULL,NULL,NULL,NULL,NULL,NULL,NULL,NULL,NULL,NULL,NULL,NULL,NULL,NULL,NULL,NULL,NULL,NULL,NULL,NULL,NULL,NULL,NULL,NULL,NULL,NULL,NULL,NULL,NULL,NULL,NULL,NULL,NULL,NULL,NULL,NULL,NULL,NULL,NULL,NULL,NULL,NULL,NULL,NULL,NULL,NULL,NULL,NULL,NULL,NULL,NULL,NULL,0),('240/Ensemble','Greffes des tribunaux de commerce',240,'EPSTD',NULL,NULL,NULL,NULL,NULL,NULL,NULL,NULL,NULL,NULL,NULL,NULL,NULL,NULL,NULL,NULL,NULL,NULL,NULL,NULL,NULL,NULL,NULL,NULL,NULL,NULL,NULL,NULL,NULL,NULL,NULL,NULL,NULL,NULL,NULL,NULL,NULL,NULL,NULL,NULL,NULL,NULL,NULL,NULL,NULL,NULL,NULL,NULL,NULL,NULL,NULL,NULL,NULL,NULL,NULL,NULL,NULL,NULL,NULL,NULL,NULL,NULL,NULL,NULL,NULL,NULL,NULL,NULL,NULL,NULL,0),('275/Cadre','TRANSPORT AÉRIEN : PERSONNEL AU SOL',275,'C',NULL,NULL,NULL,NULL,NULL,NULL,NULL,NULL,NULL,NULL,NULL,NULL,NULL,NULL,NULL,NULL,NULL,NULL,NULL,NULL,NULL,NULL,NULL,NULL,NULL,NULL,NULL,NULL,NULL,NULL,NULL,NULL,NULL,NULL,NULL,NULL,NULL,NULL,NULL,NULL,NULL,NULL,NULL,NULL,NULL,NULL,NULL,NULL,NULL,NULL,NULL,NULL,NULL,NULL,NULL,NULL,NULL,NULL,NULL,1,NULL,NULL,NULL,NULL,NULL,NULL,NULL,NULL,NULL,NULL,1),('275/Non Cadre','TRANSPORT AÉRIEN : PERSONNEL AU SOL',275,'NC',NULL,NULL,NULL,NULL,NULL,NULL,NULL,NULL,0,1.30000,1.30000,0.25000,NULL,NULL,NULL,NULL,1.00000,NULL,1.00000,1.00000,NULL,NULL,NULL,NULL,NULL,NULL,NULL,NULL,NULL,NULL,NULL,NULL,NULL,NULL,NULL,NULL,NULL,NULL,NULL,NULL,NULL,NULL,NULL,NULL,NULL,NULL,NULL,NULL,NULL,NULL,NULL,NULL,NULL,NULL,NULL,NULL,NULL,NULL,NULL,NULL,NULL,NULL,NULL,NULL,NULL,NULL,NULL,NULL,NULL,NULL,1),('275/Ensemble','TRANSPORT AÉRIEN : PERSONNEL AU SOL',275,'EPSTD',NULL,NULL,NULL,NULL,NULL,NULL,NULL,NULL,0,1.30000,1.30000,0.25000,NULL,NULL,NULL,NULL,1.00000,NULL,1.00000,1.00000,NULL,NULL,NULL,NULL,NULL,NULL,NULL,NULL,NULL,NULL,NULL,NULL,NULL,NULL,NULL,NULL,NULL,NULL,NULL,NULL,NULL,NULL,NULL,NULL,NULL,NULL,NULL,NULL,NULL,NULL,NULL,NULL,NULL,NULL,NULL,NULL,NULL,NULL,NULL,NULL,NULL,NULL,NULL,NULL,NULL,NULL,NULL,NULL,NULL,NULL,1),('303/Cadre','Couture Région parisienne',303,'C',NULL,NULL,NULL,NULL,NULL,NULL,NULL,NULL,NULL,NULL,NULL,NULL,NULL,NULL,NULL,NULL,NULL,NULL,NULL,NULL,NULL,NULL,NULL,NULL,NULL,NULL,NULL,NULL,NULL,NULL,NULL,NULL,NULL,NULL,NULL,NULL,NULL,NULL,NULL,NULL,NULL,NULL,NULL,NULL,NULL,NULL,NULL,NULL,NULL,NULL,NULL,NULL,NULL,NULL,NULL,NULL,NULL,NULL,NULL,1,NULL,NULL,NULL,NULL,NULL,NULL,NULL,NULL,NULL,NULL,0),('303/Non Cadre','Couture Région parisienne',303,'NC',NULL,NULL,NULL,NULL,NULL,NULL,NULL,NULL,NULL,NULL,NULL,NULL,NULL,NULL,NULL,NULL,NULL,NULL,NULL,NULL,NULL,NULL,NULL,NULL,NULL,NULL,NULL,NULL,NULL,NULL,NULL,NULL,NULL,NULL,NULL,NULL,NULL,NULL,NULL,NULL,NULL,NULL,NULL,NULL,NULL,NULL,NULL,NULL,NULL,NULL,NULL,NULL,NULL,NULL,NULL,NULL,NULL,NULL,NULL,NULL,NULL,NULL,NULL,NULL,NULL,NULL,NULL,NULL,NULL,NULL,0),('303/Ensemble','Couture Région parisienne',303,'EPSTD',NULL,NULL,NULL,NULL,NULL,NULL,NULL,NULL,NULL,NULL,NULL,NULL,NULL,NULL,NULL,NULL,NULL,NULL,NULL,NULL,NULL,NULL,NULL,NULL,NULL,NULL,NULL,NULL,NULL,NULL,NULL,NULL,NULL,NULL,NULL,NULL,NULL,NULL,NULL,NULL,NULL,NULL,NULL,NULL,NULL,NULL,NULL,NULL,NULL,NULL,NULL,NULL,NULL,NULL,NULL,NULL,NULL,NULL,NULL,NULL,NULL,NULL,NULL,NULL,NULL,NULL,NULL,NULL,NULL,NULL,0),('349/Cadre','Tourisme : guides interprètes',349,'C',NULL,NULL,NULL,NULL,NULL,NULL,NULL,NULL,NULL,NULL,NULL,NULL,NULL,NULL,NULL,NULL,NULL,NULL,NULL,NULL,NULL,NULL,NULL,NULL,NULL,NULL,NULL,NULL,NULL,NULL,NULL,NULL,NULL,NULL,NULL,NULL,NULL,NULL,NULL,NULL,NULL,NULL,NULL,NULL,NULL,NULL,NULL,NULL,NULL,NULL,NULL,NULL,NULL,NULL,NULL,NULL,NULL,NULL,NULL,1,NULL,NULL,NULL,NULL,NULL,NULL,NULL,NULL,NULL,NULL,0),('349/Non Cadre','Tourisme : guides interprètes',349,'NC',NULL,NULL,NULL,NULL,NULL,NULL,NULL,NULL,NULL,NULL,NULL,NULL,NULL,NULL,NULL,NULL,NULL,NULL,NULL,NULL,NULL,NULL,NULL,NULL,NULL,NULL,NULL,NULL,NULL,NULL,NULL,NULL,NULL,NULL,NULL,NULL,NULL,NULL,NULL,NULL,NULL,NULL,NULL,NULL,NULL,NULL,NULL,NULL,NULL,NULL,NULL,NULL,NULL,NULL,NULL,NULL,NULL,NULL,NULL,NULL,NULL,NULL,NULL,NULL,NULL,NULL,NULL,NULL,NULL,NULL,0),('349/Ensemble','Tourisme : guides interprètes',349,'EPSTD',NULL,NULL,NULL,NULL,NULL,NULL,NULL,NULL,NULL,NULL,NULL,NULL,NULL,NULL,NULL,NULL,NULL,NULL,NULL,NULL,NULL,NULL,NULL,NULL,NULL,NULL,NULL,NULL,NULL,NULL,NULL,NULL,NULL,NULL,NULL,NULL,NULL,NULL,NULL,NULL,NULL,NULL,NULL,NULL,NULL,NULL,NULL,NULL,NULL,NULL,NULL,NULL,NULL,NULL,NULL,NULL,NULL,NULL,NULL,NULL,NULL,NULL,NULL,NULL,NULL,NULL,NULL,NULL,NULL,NULL,0),('354/Cadre','Ganterie de peau',354,'C',NULL,NULL,NULL,NULL,NULL,NULL,NULL,NULL,NULL,NULL,NULL,NULL,NULL,NULL,NULL,NULL,NULL,NULL,NULL,NULL,NULL,NULL,NULL,NULL,NULL,NULL,NULL,NULL,NULL,NULL,NULL,NULL,NULL,NULL,NULL,NULL,NULL,NULL,NULL,NULL,NULL,NULL,NULL,NULL,NULL,NULL,NULL,NULL,NULL,NULL,NULL,NULL,NULL,NULL,NULL,NULL,NULL,NULL,NULL,1,NULL,NULL,NULL,NULL,NULL,NULL,NULL,NULL,NULL,NULL,0),('354/Non Cadre','Ganterie de peau',354,'NC',NULL,NULL,NULL,NULL,NULL,NULL,NULL,NULL,NULL,NULL,NULL,NULL,NULL,NULL,NULL,NULL,NULL,NULL,NULL,NULL,NULL,NULL,NULL,NULL,NULL,NULL,NULL,NULL,NULL,NULL,NULL,NULL,NULL,NULL,NULL,NULL,NULL,NULL,NULL,NULL,NULL,NULL,NULL,NULL,NULL,NULL,NULL,NULL,NULL,NULL,NULL,NULL,NULL,NULL,NULL,NULL,NULL,NULL,NULL,NULL,NULL,NULL,NULL,NULL,NULL,NULL,NULL,NULL,NULL,NULL,0),('354/Ensemble','Ganterie de peau',354,'EPSTD',NULL,NULL,NULL,NULL,NULL,NULL,NULL,NULL,NULL,NULL,NULL,NULL,NULL,NULL,NULL,NULL,NULL,NULL,NULL,NULL,NULL,NULL,NULL,NULL,NULL,NULL,NULL,NULL,NULL,NULL,NULL,NULL,NULL,NULL,NULL,NULL,NULL,NULL,NULL,NULL,NULL,NULL,NULL,NULL,NULL,NULL,NULL,NULL,NULL,NULL,NULL,NULL,NULL,NULL,NULL,NULL,NULL,NULL,NULL,NULL,NULL,NULL,NULL,NULL,NULL,NULL,NULL,NULL,NULL,NULL,0),('412/Cadre','Agences de voyages-guides accompagnateurs',412,'C',NULL,NULL,NULL,NULL,NULL,NULL,NULL,NULL,NULL,NULL,NULL,NULL,NULL,NULL,NULL,NULL,NULL,NULL,NULL,NULL,NULL,NULL,NULL,NULL,NULL,NULL,NULL,NULL,NULL,NULL,NULL,NULL,NULL,NULL,NULL,NULL,NULL,NULL,NULL,NULL,NULL,NULL,NULL,NULL,NULL,NULL,NULL,NULL,NULL,NULL,NULL,NULL,NULL,NULL,NULL,NULL,NULL,NULL,NULL,1,NULL,NULL,NULL,NULL,NULL,NULL,NULL,NULL,NULL,NULL,0),('412/Non Cadre','Agences de voyages-guides accompagnateurs',412,'NC',NULL,NULL,NULL,NULL,NULL,NULL,NULL,NULL,NULL,NULL,NULL,NULL,NULL,NULL,NULL,NULL,NULL,NULL,NULL,NULL,NULL,NULL,NULL,NULL,NULL,NULL,NULL,NULL,NULL,NULL,NULL,NULL,NULL,NULL,NULL,NULL,NULL,NULL,NULL,NULL,NULL,NULL,NULL,NULL,NULL,NULL,NULL,NULL,NULL,NULL,NULL,NULL,NULL,NULL,NULL,NULL,NULL,NULL,NULL,NULL,NULL,NULL,NULL,NULL,NULL,NULL,NULL,NULL,NULL,NULL,0),('412/Ensemble','Agences de voyages-guides accompagnateurs',412,'EPSTD',NULL,NULL,NULL,NULL,NULL,NULL,NULL,NULL,NULL,NULL,NULL,NULL,NULL,NULL,NULL,NULL,NULL,NULL,NULL,NULL,NULL,NULL,NULL,NULL,NULL,NULL,NULL,NULL,NULL,NULL,NULL,NULL,NULL,NULL,NULL,NULL,NULL,NULL,NULL,NULL,NULL,NULL,NULL,NULL,NULL,NULL,NULL,NULL,NULL,NULL,NULL,NULL,NULL,NULL,NULL,NULL,NULL,NULL,NULL,NULL,NULL,NULL,NULL,NULL,NULL,NULL,NULL,NULL,NULL,NULL,0),('418/Cadre','Chemiserie sur mesure',418,'C',NULL,NULL,NULL,NULL,NULL,NULL,NULL,NULL,NULL,NULL,NULL,NULL,NULL,NULL,NULL,NULL,NULL,NULL,NULL,NULL,NULL,NULL,NULL,NULL,NULL,NULL,NULL,NULL,NULL,NULL,NULL,NULL,NULL,NULL,NULL,NULL,NULL,NULL,NULL,NULL,NULL,NULL,NULL,NULL,NULL,NULL,NULL,NULL,NULL,NULL,NULL,NULL,NULL,NULL,NULL,NULL,NULL,NULL,NULL,1,NULL,NULL,NULL,NULL,NULL,NULL,NULL,NULL,NULL,NULL,0),('418/Non Cadre','Chemiserie sur mesure',418,'NC',NULL,NULL,NULL,NULL,NULL,NULL,NULL,NULL,NULL,NULL,NULL,NULL,NULL,NULL,NULL,NULL,NULL,NULL,NULL,NULL,NULL,NULL,NULL,NULL,NULL,NULL,NULL,NULL,NULL,NULL,NULL,NULL,NULL,NULL,NULL,NULL,NULL,NULL,NULL,NULL,NULL,NULL,NULL,NULL,NULL,NULL,NULL,NULL,NULL,NULL,NULL,NULL,NULL,NULL,NULL,NULL,NULL,NULL,NULL,NULL,NULL,NULL,NULL,NULL,NULL,NULL,NULL,NULL,NULL,NULL,0),('418/Ensemble','Chemiserie sur mesure',418,'EPSTD',NULL,NULL,NULL,NULL,NULL,NULL,NULL,NULL,NULL,NULL,NULL,NULL,NULL,NULL,NULL,NULL,NULL,NULL,NULL,NULL,NULL,NULL,NULL,NULL,NULL,NULL,NULL,NULL,NULL,NULL,NULL,NULL,NULL,NULL,NULL,NULL,NULL,NULL,NULL,NULL,NULL,NULL,NULL,NULL,NULL,NULL,NULL,NULL,NULL,NULL,NULL,NULL,NULL,NULL,NULL,NULL,NULL,NULL,NULL,NULL,NULL,NULL,NULL,NULL,NULL,NULL,NULL,NULL,NULL,NULL,0),('454/Cadre','Remontées mécaniques',454,'C',NULL,NULL,NULL,NULL,NULL,NULL,NULL,NULL,1,1.00000,1.25000,0.00000,NULL,NULL,NULL,NULL,NULL,NULL,NULL,1.00000,NULL,NULL,NULL,NULL,NULL,NULL,NULL,'LIN',NULL,NULL,NULL,0.03000,NULL,NULL,NULL,NULL,NULL,NULL,11,17,25,0.05000,0.10000,0.15000,NULL,NULL,NULL,NULL,NULL,NULL,NULL,NULL,NULL,NULL,NULL,NULL,NULL,NULL,'Salarié affilié à l\'AGIRC',NULL,NULL,NULL,NULL,NULL,NULL,NULL,NULL,NULL,NULL,NULL,1),('454/Non Cadre','Remontées mécaniques',454,'NC',0.80000,0.80000,0.00000,NULL,NULL,'CONTINUE',120,0,1,1.00000,1.25000,0.00000,NULL,NULL,NULL,NULL,NULL,NULL,NULL,1.00000,NULL,NULL,NULL,NULL,NULL,NULL,NULL,'LIN',NULL,NULL,NULL,0.03000,NULL,NULL,NULL,NULL,NULL,NULL,11,17,25,0.05000,0.10000,0.15000,NULL,NULL,NULL,NULL,NULL,0.45000,0.75000,NULL,NULL,0.75000,0.45000,'FIXE',NULL,NULL,'Salarié non affilié à l\'AGIRC',NULL,NULL,NULL,NULL,NULL,NULL,NULL,NULL,NULL,NULL,NULL,1),('454/Ensemble','Remontées mécaniques',454,'EPSTD',0.80000,0.80000,0.80000,NULL,NULL,'CONTINUE',120,0,1,1.00000,1.25000,0.00000,NULL,NULL,NULL,NULL,NULL,NULL,NULL,1.00000,NULL,NULL,NULL,NULL,NULL,NULL,NULL,'LIN',NULL,NULL,NULL,0.03000,NULL,NULL,NULL,NULL,NULL,NULL,11,17,25,0.05000,0.10000,0.15000,NULL,NULL,NULL,NULL,NULL,0.45000,0.75000,NULL,NULL,0.75000,0.45000,'FIXE',NULL,NULL,NULL,NULL,NULL,NULL,NULL,NULL,NULL,NULL,NULL,NULL,NULL,NULL,1),('468/Cadre','Succursales du commerce de détail en chaussure',468,'C',NULL,NULL,NULL,NULL,NULL,NULL,NULL,NULL,NULL,NULL,NULL,NULL,NULL,NULL,NULL,NULL,NULL,NULL,NULL,NULL,NULL,NULL,NULL,NULL,NULL,NULL,NULL,NULL,NULL,NULL,NULL,NULL,NULL,NULL,NULL,NULL,NULL,NULL,NULL,NULL,NULL,NULL,NULL,NULL,NULL,NULL,NULL,NULL,NULL,NULL,NULL,NULL,NULL,NULL,NULL,NULL,NULL,NULL,NULL,1,NULL,NULL,NULL,NULL,NULL,NULL,NULL,NULL,NULL,NULL,0),('468/Non Cadre','Succursales du commerce de détail en chaussure',468,'NC',NULL,NULL,NULL,NULL,NULL,NULL,NULL,NULL,NULL,NULL,NULL,NULL,NULL,NULL,NULL,NULL,NULL,NULL,NULL,NULL,NULL,NULL,NULL,NULL,NULL,NULL,NULL,NULL,NULL,NULL,NULL,NULL,NULL,NULL,NULL,NULL,NULL,NULL,NULL,NULL,NULL,NULL,NULL,NULL,NULL,NULL,NULL,NULL,NULL,NULL,NULL,NULL,NULL,NULL,NULL,NULL,NULL,NULL,NULL,NULL,NULL,NULL,NULL,NULL,NULL,NULL,NULL,NULL,NULL,NULL,0),('468/Ensemble','Succursales du commerce de détail en chaussure',468,'EPSTD',NULL,NULL,NULL,NULL,NULL,NULL,NULL,NULL,NULL,NULL,NULL,NULL,NULL,NULL,NULL,NULL,NULL,NULL,NULL,NULL,NULL,NULL,NULL,NULL,NULL,NULL,NULL,NULL,NULL,NULL,NULL,NULL,NULL,NULL,NULL,NULL,NULL,NULL,NULL,NULL,NULL,NULL,NULL,NULL,NULL,NULL,NULL,NULL,NULL,NULL,NULL,NULL,NULL,NULL,NULL,NULL,NULL,NULL,NULL,NULL,NULL,NULL,NULL,NULL,NULL,NULL,NULL,NULL,NULL,NULL,0),('478/Cadre','Sociétés financières',478,'C',NULL,NULL,NULL,NULL,NULL,NULL,NULL,NULL,NULL,NULL,NULL,NULL,NULL,NULL,NULL,NULL,NULL,NULL,NULL,NULL,NULL,NULL,NULL,NULL,NULL,NULL,NULL,NULL,NULL,NULL,NULL,NULL,NULL,NULL,NULL,NULL,NULL,NULL,NULL,NULL,NULL,NULL,NULL,NULL,NULL,NULL,NULL,NULL,NULL,NULL,NULL,NULL,NULL,NULL,NULL,NULL,NULL,NULL,NULL,1,NULL,NULL,NULL,NULL,NULL,NULL,NULL,NULL,NULL,NULL,0),('478/Non Cadre','Sociétés financières',478,'NC',NULL,NULL,NULL,NULL,NULL,NULL,NULL,NULL,NULL,NULL,NULL,NULL,NULL,NULL,NULL,NULL,NULL,NULL,NULL,NULL,NULL,NULL,NULL,NULL,NULL,NULL,NULL,NULL,NULL,NULL,NULL,NULL,NULL,NULL,NULL,NULL,NULL,NULL,NULL,NULL,NULL,NULL,NULL,NULL,NULL,NULL,NULL,NULL,NULL,NULL,NULL,NULL,NULL,NULL,NULL,NULL,NULL,NULL,NULL,NULL,NULL,NULL,NULL,NULL,NULL,NULL,NULL,NULL,NULL,NULL,0),('478/Ensemble','Sociétés financières',478,'EPSTD',NULL,NULL,NULL,NULL,NULL,NULL,NULL,NULL,NULL,NULL,NULL,NULL,NULL,NULL,NULL,NULL,NULL,NULL,NULL,NULL,NULL,NULL,NULL,NULL,NULL,NULL,NULL,NULL,NULL,NULL,NULL,NULL,NULL,NULL,NULL,NULL,NULL,NULL,NULL,NULL,NULL,NULL,NULL,NULL,NULL,NULL,NULL,NULL,NULL,NULL,NULL,NULL,NULL,NULL,NULL,NULL,NULL,NULL,NULL,NULL,NULL,NULL,NULL,NULL,NULL,NULL,NULL,NULL,NULL,NULL,0),('489/Cadre','Industries du cartonnage',489,'C',0.78400,0.78400,0.78400,NULL,NULL,'DISCONTINUE',90,0,NULL,1.20000,1.40000,0.20000,NULL,NULL,NULL,NULL,NULL,NULL,1.00000,NULL,NULL,NULL,NULL,NULL,NULL,NULL,NULL,NULL,NULL,NULL,NULL,NULL,NULL,NULL,NULL,NULL,NULL,NULL,17,NULL,NULL,0.02000,NULL,NULL,NULL,NULL,NULL,NULL,NULL,0.42000,0.70000,NULL,NULL,NULL,NULL,NULL,NULL,NULL,'4 et 4 bis de la CCN du 14-3-47',NULL,NULL,NULL,NULL,NULL,NULL,NULL,NULL,NULL,NULL,NULL,1),('489/Non Cadre','Industries du cartonnage',489,'NC',0.70000,0.70000,NULL,NULL,NULL,'DISCONTINUE',120,0,NULL,1.00000,1.00000,NULL,NULL,NULL,NULL,NULL,NULL,NULL,1.00000,NULL,NULL,NULL,NULL,NULL,NULL,NULL,NULL,NULL,NULL,NULL,NULL,NULL,NULL,NULL,NULL,NULL,NULL,NULL,9,17,25,0.05000,0.10000,0.15000,NULL,NULL,NULL,NULL,NULL,0.42000,0.70000,NULL,NULL,NULL,NULL,NULL,NULL,NULL,'Hors 4 et 4 bis de la CCN du 14-3-47',NULL,NULL,NULL,NULL,NULL,NULL,NULL,NULL,NULL,NULL,NULL,1),('489/Ensemble','Industries du cartonnage',489,'EPSTD',0.78400,0.78400,0.78400,NULL,NULL,'DISCONTINUE',90,0,NULL,1.20000,1.40000,0.20000,NULL,NULL,NULL,NULL,NULL,NULL,1.00000,NULL,NULL,NULL,NULL,NULL,NULL,NULL,NULL,NULL,NULL,NULL,NULL,NULL,NULL,NULL,NULL,NULL,NULL,NULL,9,17,25,0.05000,0.10000,0.15000,NULL,NULL,NULL,NULL,NULL,0.42000,0.70000,NULL,NULL,NULL,NULL,NULL,NULL,NULL,NULL,NULL,NULL,NULL,NULL,NULL,NULL,NULL,NULL,NULL,NULL,NULL,1),('528/Cadre','Blanchisserie Nord Pas de Calais',528,'C',NULL,NULL,NULL,NULL,NULL,NULL,NULL,NULL,NULL,NULL,NULL,NULL,NULL,NULL,NULL,NULL,NULL,NULL,NULL,NULL,NULL,NULL,NULL,NULL,NULL,NULL,NULL,NULL,NULL,NULL,NULL,NULL,NULL,NULL,NULL,NULL,NULL,NULL,NULL,NULL,NULL,NULL,NULL,NULL,NULL,NULL,NULL,NULL,NULL,NULL,NULL,NULL,NULL,NULL,NULL,NULL,NULL,NULL,NULL,1,NULL,NULL,NULL,NULL,NULL,NULL,NULL,NULL,NULL,NULL,0),('528/Non Cadre','Blanchisserie Nord Pas de Calais',528,'NC',NULL,NULL,NULL,NULL,NULL,NULL,NULL,NULL,NULL,NULL,NULL,NULL,NULL,NULL,NULL,NULL,NULL,NULL,NULL,NULL,NULL,NULL,NULL,NULL,NULL,NULL,NULL,NULL,NULL,NULL,NULL,NULL,NULL,NULL,NULL,NULL,NULL,NULL,NULL,NULL,NULL,NULL,NULL,NULL,NULL,NULL,NULL,NULL,NULL,NULL,NULL,NULL,NULL,NULL,NULL,NULL,NULL,NULL,NULL,NULL,NULL,NULL,NULL,NULL,NULL,NULL,NULL,NULL,NULL,NULL,0),('528/Ensemble','Blanchisserie Nord Pas de Calais',528,'EPSTD',NULL,NULL,NULL,NULL,NULL,NULL,NULL,NULL,NULL,NULL,NULL,NULL,NULL,NULL,NULL,NULL,NULL,NULL,NULL,NULL,NULL,NULL,NULL,NULL,NULL,NULL,NULL,NULL,NULL,NULL,NULL,NULL,NULL,NULL,NULL,NULL,NULL,NULL,NULL,NULL,NULL,NULL,NULL,NULL,NULL,NULL,NULL,NULL,NULL,NULL,NULL,NULL,NULL,NULL,NULL,NULL,NULL,NULL,NULL,NULL,NULL,NULL,NULL,NULL,NULL,NULL,NULL,NULL,NULL,NULL,0),('538/Cadre','Manutention ferroviaire',538,'C',NULL,NULL,NULL,NULL,NULL,NULL,NULL,NULL,NULL,NULL,NULL,NULL,NULL,NULL,NULL,NULL,NULL,NULL,NULL,NULL,NULL,NULL,NULL,NULL,NULL,NULL,NULL,NULL,NULL,NULL,NULL,NULL,NULL,NULL,NULL,NULL,NULL,NULL,NULL,NULL,NULL,NULL,NULL,NULL,NULL,NULL,NULL,NULL,NULL,NULL,NULL,NULL,NULL,NULL,NULL,NULL,NULL,NULL,'Non défini',1,NULL,NULL,NULL,NULL,NULL,NULL,NULL,NULL,NULL,NULL,1),('538/Non Cadre','Manutention ferroviaire',538,'NC',NULL,NULL,NULL,NULL,NULL,NULL,NULL,NULL,NULL,1.00000,1.00000,0.00000,NULL,NULL,NULL,NULL,NULL,NULL,1.00000,1.00000,NULL,NULL,NULL,NULL,NULL,NULL,NULL,NULL,NULL,NULL,NULL,NULL,NULL,NULL,NULL,NULL,NULL,NULL,NULL,NULL,NULL,NULL,NULL,NULL,NULL,NULL,NULL,NULL,NULL,NULL,0.70000,NULL,NULL,0.70000,NULL,NULL,NULL,NULL,'Non défini',NULL,NULL,NULL,NULL,NULL,NULL,NULL,NULL,NULL,NULL,NULL,1),('538/Ensemble','Manutention ferroviaire',538,'EPSTD',NULL,NULL,NULL,NULL,NULL,NULL,NULL,NULL,NULL,1.00000,1.00000,0.00000,NULL,NULL,NULL,NULL,NULL,NULL,1.00000,1.00000,NULL,NULL,NULL,NULL,NULL,NULL,NULL,NULL,NULL,NULL,NULL,NULL,NULL,NULL,NULL,NULL,NULL,NULL,NULL,NULL,NULL,NULL,NULL,NULL,NULL,NULL,NULL,NULL,NULL,NULL,0.70000,NULL,NULL,0.70000,NULL,NULL,NULL,NULL,NULL,NULL,NULL,NULL,NULL,NULL,NULL,NULL,NULL,NULL,NULL,NULL,1),('650/Cadre','Métallurgie cadres',650,'C',NULL,NULL,NULL,NULL,NULL,NULL,NULL,NULL,NULL,NULL,NULL,NULL,NULL,NULL,NULL,NULL,NULL,NULL,NULL,NULL,NULL,NULL,NULL,NULL,NULL,NULL,NULL,NULL,NULL,NULL,NULL,NULL,NULL,NULL,NULL,NULL,NULL,NULL,NULL,NULL,NULL,NULL,NULL,NULL,NULL,NULL,NULL,NULL,NULL,NULL,NULL,NULL,NULL,NULL,NULL,NULL,NULL,NULL,NULL,1,NULL,NULL,NULL,NULL,NULL,NULL,NULL,NULL,NULL,NULL,0),('650/Non Cadre','Métallurgie cadres',650,'NC',NULL,NULL,NULL,NULL,NULL,NULL,NULL,NULL,NULL,NULL,NULL,NULL,NULL,NULL,NULL,NULL,NULL,NULL,NULL,NULL,NULL,NULL,NULL,NULL,NULL,NULL,NULL,NULL,NULL,NULL,NULL,NULL,NULL,NULL,NULL,NULL,NULL,NULL,NULL,NULL,NULL,NULL,NULL,NULL,NULL,NULL,NULL,NULL,NULL,NULL,NULL,NULL,NULL,NULL,NULL,NULL,NULL,NULL,NULL,NULL,NULL,NULL,NULL,NULL,NULL,NULL,NULL,NULL,NULL,NULL,0),('650/Ensemble','Métallurgie cadres',650,'EPSTD',NULL,NULL,NULL,NULL,NULL,NULL,NULL,NULL,NULL,NULL,NULL,NULL,NULL,NULL,NULL,NULL,NULL,NULL,NULL,NULL,NULL,NULL,NULL,NULL,NULL,NULL,NULL,NULL,NULL,NULL,NULL,NULL,NULL,NULL,NULL,NULL,NULL,NULL,NULL,NULL,NULL,NULL,NULL,NULL,NULL,NULL,NULL,NULL,NULL,NULL,NULL,NULL,NULL,NULL,NULL,NULL,NULL,NULL,NULL,NULL,NULL,NULL,NULL,NULL,NULL,NULL,NULL,NULL,NULL,NULL,0),('669/Cadre','Industries de fabrication mécanique du verre',669,'C',NULL,NULL,NULL,NULL,NULL,NULL,NULL,NULL,NULL,NULL,NULL,NULL,NULL,NULL,NULL,NULL,NULL,NULL,NULL,NULL,NULL,NULL,NULL,NULL,NULL,NULL,NULL,NULL,NULL,NULL,NULL,NULL,NULL,NULL,NULL,NULL,NULL,NULL,NULL,NULL,NULL,NULL,NULL,NULL,NULL,NULL,NULL,NULL,NULL,NULL,NULL,NULL,NULL,NULL,NULL,NULL,NULL,NULL,NULL,1,NULL,NULL,NULL,NULL,NULL,NULL,NULL,NULL,NULL,NULL,0),('669/Non Cadre','Industries de fabrication mécanique du verre',669,'NC',NULL,NULL,NULL,NULL,NULL,NULL,NULL,NULL,NULL,NULL,NULL,NULL,NULL,NULL,NULL,NULL,NULL,NULL,NULL,NULL,NULL,NULL,NULL,NULL,NULL,NULL,NULL,NULL,NULL,NULL,NULL,NULL,NULL,NULL,NULL,NULL,NULL,NULL,NULL,NULL,NULL,NULL,NULL,NULL,NULL,NULL,NULL,NULL,NULL,NULL,NULL,NULL,NULL,NULL,NULL,NULL,NULL,NULL,NULL,NULL,NULL,NULL,NULL,NULL,NULL,NULL,NULL,NULL,NULL,NULL,0),('669/Ensemble','Industries de fabrication mécanique du verre',669,'EPSTD',NULL,NULL,NULL,NULL,NULL,NULL,NULL,NULL,NULL,NULL,NULL,NULL,NULL,NULL,NULL,NULL,NULL,NULL,NULL,NULL,NULL,NULL,NULL,NULL,NULL,NULL,NULL,NULL,NULL,NULL,NULL,NULL,NULL,NULL,NULL,NULL,NULL,NULL,NULL,NULL,NULL,NULL,NULL,NULL,NULL,NULL,NULL,NULL,NULL,NULL,NULL,NULL,NULL,NULL,NULL,NULL,NULL,NULL,NULL,NULL,NULL,NULL,NULL,NULL,NULL,NULL,NULL,NULL,NULL,NULL,0),('673/Cadre','Fourrure',673,'C',NULL,NULL,NULL,NULL,NULL,NULL,NULL,NULL,NULL,NULL,NULL,NULL,NULL,NULL,NULL,NULL,NULL,NULL,NULL,NULL,NULL,NULL,NULL,NULL,NULL,NULL,NULL,NULL,NULL,NULL,NULL,NULL,NULL,NULL,NULL,NULL,NULL,NULL,NULL,NULL,NULL,NULL,NULL,NULL,NULL,NULL,NULL,NULL,NULL,NULL,NULL,NULL,NULL,NULL,NULL,NULL,NULL,NULL,NULL,1,NULL,NULL,NULL,NULL,NULL,NULL,NULL,NULL,NULL,NULL,0),('673/Non Cadre','Fourrure',673,'NC',NULL,NULL,NULL,NULL,NULL,NULL,NULL,NULL,NULL,NULL,NULL,NULL,NULL,NULL,NULL,NULL,NULL,NULL,NULL,NULL,NULL,NULL,NULL,NULL,NULL,NULL,NULL,NULL,NULL,NULL,NULL,NULL,NULL,NULL,NULL,NULL,NULL,NULL,NULL,NULL,NULL,NULL,NULL,NULL,NULL,NULL,NULL,NULL,NULL,NULL,NULL,NULL,NULL,NULL,NULL,NULL,NULL,NULL,NULL,NULL,NULL,NULL,NULL,NULL,NULL,NULL,NULL,NULL,NULL,NULL,0),('673/Ensemble','Fourrure',673,'EPSTD',NULL,NULL,NULL,NULL,NULL,NULL,NULL,NULL,NULL,NULL,NULL,NULL,NULL,NULL,NULL,NULL,NULL,NULL,NULL,NULL,NULL,NULL,NULL,NULL,NULL,NULL,NULL,NULL,NULL,NULL,NULL,NULL,NULL,NULL,NULL,NULL,NULL,NULL,NULL,NULL,NULL,NULL,NULL,NULL,NULL,NULL,NULL,NULL,NULL,NULL,NULL,NULL,NULL,NULL,NULL,NULL,NULL,NULL,NULL,NULL,NULL,NULL,NULL,NULL,NULL,NULL,NULL,NULL,NULL,NULL,0),('711/Cadre','Commerces de détail non alimentaires : Lyon',711,'C',NULL,NULL,NULL,NULL,NULL,NULL,NULL,NULL,NULL,NULL,NULL,NULL,NULL,NULL,NULL,NULL,NULL,NULL,NULL,NULL,NULL,NULL,NULL,NULL,NULL,NULL,NULL,NULL,NULL,NULL,NULL,NULL,NULL,NULL,NULL,NULL,NULL,NULL,NULL,NULL,NULL,NULL,NULL,NULL,NULL,NULL,NULL,NULL,NULL,NULL,NULL,NULL,NULL,NULL,NULL,NULL,NULL,NULL,NULL,1,NULL,NULL,NULL,NULL,NULL,NULL,NULL,NULL,NULL,NULL,0),('711/Non Cadre','Commerces de détail non alimentaires : Lyon',711,'NC',NULL,NULL,NULL,NULL,NULL,NULL,NULL,NULL,NULL,NULL,NULL,NULL,NULL,NULL,NULL,NULL,NULL,NULL,NULL,NULL,NULL,NULL,NULL,NULL,NULL,NULL,NULL,NULL,NULL,NULL,NULL,NULL,NULL,NULL,NULL,NULL,NULL,NULL,NULL,NULL,NULL,NULL,NULL,NULL,NULL,NULL,NULL,NULL,NULL,NULL,NULL,NULL,NULL,NULL,NULL,NULL,NULL,NULL,NULL,NULL,NULL,NULL,NULL,NULL,NULL,NULL,NULL,NULL,NULL,NULL,0),('711/Ensemble','Commerces de détail non alimentaires : Lyon',711,'EPSTD',NULL,NULL,NULL,NULL,NULL,NULL,NULL,NULL,NULL,NULL,NULL,NULL,NULL,NULL,NULL,NULL,NULL,NULL,NULL,NULL,NULL,NULL,NULL,NULL,NULL,NULL,NULL,NULL,NULL,NULL,NULL,NULL,NULL,NULL,NULL,NULL,NULL,NULL,NULL,NULL,NULL,NULL,NULL,NULL,NULL,NULL,NULL,NULL,NULL,NULL,NULL,NULL,NULL,NULL,NULL,NULL,NULL,NULL,NULL,NULL,NULL,NULL,NULL,NULL,NULL,NULL,NULL,NULL,NULL,NULL,0),('715/Cadre','Instruments à écrire',715,'C',NULL,NULL,NULL,NULL,NULL,NULL,NULL,NULL,NULL,NULL,NULL,NULL,NULL,NULL,NULL,NULL,NULL,NULL,NULL,NULL,NULL,NULL,NULL,NULL,NULL,NULL,NULL,NULL,NULL,NULL,NULL,NULL,NULL,NULL,NULL,NULL,NULL,NULL,NULL,NULL,NULL,NULL,NULL,NULL,NULL,NULL,NULL,NULL,NULL,NULL,NULL,NULL,NULL,NULL,NULL,NULL,NULL,NULL,NULL,1,NULL,NULL,NULL,NULL,NULL,NULL,NULL,NULL,NULL,NULL,0),('715/Non Cadre','Instruments à écrire',715,'NC',NULL,NULL,NULL,NULL,NULL,NULL,NULL,NULL,NULL,NULL,NULL,NULL,NULL,NULL,NULL,NULL,NULL,NULL,NULL,NULL,NULL,NULL,NULL,NULL,NULL,NULL,NULL,NULL,NULL,NULL,NULL,NULL,NULL,NULL,NULL,NULL,NULL,NULL,NULL,NULL,NULL,NULL,NULL,NULL,NULL,NULL,NULL,NULL,NULL,NULL,NULL,NULL,NULL,NULL,NULL,NULL,NULL,NULL,NULL,NULL,NULL,NULL,NULL,NULL,NULL,NULL,NULL,NULL,NULL,NULL,0),('715/Ensemble','Instruments à écrire',715,'EPSTD',NULL,NULL,NULL,NULL,NULL,NULL,NULL,NULL,NULL,NULL,NULL,NULL,NULL,NULL,NULL,NULL,NULL,NULL,NULL,NULL,NULL,NULL,NULL,NULL,NULL,NULL,NULL,NULL,NULL,NULL,NULL,NULL,NULL,NULL,NULL,NULL,NULL,NULL,NULL,NULL,NULL,NULL,NULL,NULL,NULL,NULL,NULL,NULL,NULL,NULL,NULL,NULL,NULL,NULL,NULL,NULL,NULL,NULL,NULL,NULL,NULL,NULL,NULL,NULL,NULL,NULL,NULL,NULL,NULL,NULL,0),('716/Cadre','Distribution cinématographique ouvr empl',716,'C',NULL,NULL,NULL,NULL,NULL,NULL,NULL,NULL,NULL,0.01000,0.01000,NULL,NULL,NULL,NULL,NULL,NULL,NULL,NULL,NULL,NULL,NULL,NULL,NULL,NULL,NULL,NULL,NULL,NULL,NULL,NULL,NULL,NULL,NULL,NULL,NULL,NULL,NULL,NULL,NULL,NULL,NULL,NULL,NULL,NULL,NULL,NULL,NULL,NULL,0.01000,0.01000,NULL,NULL,NULL,NULL,NULL,NULL,NULL,'Non défini',NULL,NULL,NULL,NULL,NULL,NULL,NULL,NULL,0.01000,NULL,NULL,1),('716/Non Cadre','Distribution cinématographique ouvr empl',716,'NC',NULL,NULL,NULL,NULL,NULL,NULL,NULL,NULL,NULL,0.01000,0.01000,NULL,NULL,NULL,NULL,NULL,NULL,NULL,NULL,NULL,NULL,NULL,NULL,NULL,NULL,NULL,NULL,NULL,NULL,NULL,NULL,NULL,NULL,NULL,NULL,NULL,NULL,NULL,NULL,NULL,NULL,NULL,NULL,NULL,NULL,NULL,NULL,NULL,NULL,0.01000,0.01000,NULL,NULL,NULL,NULL,NULL,NULL,NULL,'Non défini',1,NULL,NULL,NULL,NULL,NULL,NULL,NULL,0.01000,NULL,NULL,1),('716/Ensemble','Distribution cinématographique ouvr empl',716,'EPSTD',NULL,NULL,NULL,NULL,NULL,NULL,NULL,NULL,NULL,0.01000,0.01000,NULL,NULL,NULL,NULL,NULL,NULL,NULL,NULL,NULL,NULL,NULL,NULL,NULL,NULL,NULL,NULL,NULL,NULL,NULL,NULL,NULL,NULL,NULL,NULL,NULL,NULL,NULL,NULL,NULL,NULL,NULL,NULL,NULL,NULL,NULL,NULL,NULL,NULL,0.01000,0.01000,NULL,NULL,NULL,NULL,NULL,NULL,NULL,'Non défini',NULL,NULL,NULL,NULL,NULL,NULL,NULL,NULL,0.01000,NULL,NULL,1),('731/Cadre','Commerce de quincaillerie interrégionale cadres',731,'C',NULL,NULL,NULL,NULL,NULL,NULL,NULL,NULL,NULL,NULL,NULL,NULL,NULL,NULL,NULL,NULL,NULL,NULL,NULL,NULL,NULL,NULL,NULL,NULL,NULL,NULL,NULL,NULL,NULL,NULL,NULL,NULL,NULL,NULL,NULL,NULL,NULL,NULL,NULL,NULL,NULL,NULL,NULL,NULL,NULL,NULL,NULL,NULL,NULL,NULL,NULL,NULL,NULL,NULL,NULL,NULL,NULL,NULL,NULL,1,NULL,NULL,NULL,NULL,NULL,NULL,NULL,NULL,NULL,NULL,0),('731/Non Cadre','Commerce de quincaillerie interrégionale cadres',731,'NC',NULL,NULL,NULL,NULL,NULL,NULL,NULL,NULL,NULL,NULL,NULL,NULL,NULL,NULL,NULL,NULL,NULL,NULL,NULL,NULL,NULL,NULL,NULL,NULL,NULL,NULL,NULL,NULL,NULL,NULL,NULL,NULL,NULL,NULL,NULL,NULL,NULL,NULL,NULL,NULL,NULL,NULL,NULL,NULL,NULL,NULL,NULL,NULL,NULL,NULL,NULL,NULL,NULL,NULL,NULL,NULL,NULL,NULL,NULL,NULL,NULL,NULL,NULL,NULL,NULL,NULL,NULL,NULL,NULL,NULL,0),('731/Ensemble','Commerce de quincaillerie interrégionale cadres',731,'EPSTD',NULL,NULL,NULL,NULL,NULL,NULL,NULL,NULL,NULL,NULL,NULL,NULL,NULL,NULL,NULL,NULL,NULL,NULL,NULL,NULL,NULL,NULL,NULL,NULL,NULL,NULL,NULL,NULL,NULL,NULL,NULL,NULL,NULL,NULL,NULL,NULL,NULL,NULL,NULL,NULL,NULL,NULL,NULL,NULL,NULL,NULL,NULL,NULL,NULL,NULL,NULL,NULL,NULL,NULL,NULL,NULL,NULL,NULL,NULL,NULL,NULL,NULL,NULL,NULL,NULL,NULL,NULL,NULL,NULL,NULL,0),('735/Cadre','Machines à coudre : commerce',735,'C',NULL,NULL,NULL,NULL,NULL,NULL,NULL,NULL,NULL,NULL,NULL,NULL,NULL,NULL,NULL,NULL,NULL,NULL,NULL,NULL,NULL,NULL,NULL,NULL,NULL,NULL,NULL,NULL,NULL,NULL,NULL,NULL,NULL,NULL,NULL,NULL,NULL,NULL,NULL,NULL,NULL,NULL,NULL,NULL,NULL,NULL,NULL,NULL,NULL,NULL,NULL,NULL,NULL,NULL,NULL,NULL,NULL,NULL,NULL,1,NULL,NULL,NULL,NULL,NULL,NULL,NULL,NULL,NULL,NULL,0),('735/Non Cadre','Machines à coudre : commerce',735,'NC',NULL,NULL,NULL,NULL,NULL,NULL,NULL,NULL,NULL,NULL,NULL,NULL,NULL,NULL,NULL,NULL,NULL,NULL,NULL,NULL,NULL,NULL,NULL,NULL,NULL,NULL,NULL,NULL,NULL,NULL,NULL,NULL,NULL,NULL,NULL,NULL,NULL,NULL,NULL,NULL,NULL,NULL,NULL,NULL,NULL,NULL,NULL,NULL,NULL,NULL,NULL,NULL,NULL,NULL,NULL,NULL,NULL,NULL,NULL,NULL,NULL,NULL,NULL,NULL,NULL,NULL,NULL,NULL,NULL,NULL,0),('735/Ensemble','Machines à coudre : commerce',735,'EPSTD',NULL,NULL,NULL,NULL,NULL,NULL,NULL,NULL,NULL,NULL,NULL,NULL,NULL,NULL,NULL,NULL,NULL,NULL,NULL,NULL,NULL,NULL,NULL,NULL,NULL,NULL,NULL,NULL,NULL,NULL,NULL,NULL,NULL,NULL,NULL,NULL,NULL,NULL,NULL,NULL,NULL,NULL,NULL,NULL,NULL,NULL,NULL,NULL,NULL,NULL,NULL,NULL,NULL,NULL,NULL,NULL,NULL,NULL,NULL,NULL,NULL,NULL,NULL,NULL,NULL,NULL,NULL,NULL,NULL,NULL,0),('759/Cadre','Pompes funèbres',759,'C',NULL,NULL,NULL,NULL,NULL,NULL,NULL,NULL,NULL,NULL,NULL,NULL,NULL,NULL,NULL,NULL,NULL,NULL,NULL,NULL,NULL,NULL,NULL,NULL,NULL,NULL,NULL,NULL,NULL,NULL,NULL,NULL,NULL,NULL,NULL,NULL,NULL,NULL,NULL,NULL,NULL,NULL,NULL,NULL,NULL,NULL,NULL,NULL,NULL,NULL,NULL,NULL,NULL,NULL,NULL,NULL,NULL,NULL,NULL,1,NULL,NULL,NULL,NULL,NULL,NULL,NULL,NULL,NULL,NULL,0),('759/Non Cadre','Pompes funèbres',759,'NC',NULL,NULL,NULL,NULL,NULL,NULL,NULL,NULL,NULL,NULL,NULL,NULL,NULL,NULL,NULL,NULL,NULL,NULL,NULL,NULL,NULL,NULL,NULL,NULL,NULL,NULL,NULL,NULL,NULL,NULL,NULL,NULL,NULL,NULL,NULL,NULL,NULL,NULL,NULL,NULL,NULL,NULL,NULL,NULL,NULL,NULL,NULL,NULL,NULL,NULL,NULL,NULL,NULL,NULL,NULL,NULL,NULL,NULL,NULL,NULL,NULL,NULL,NULL,NULL,NULL,NULL,NULL,NULL,NULL,NULL,0),('759/Ensemble','Pompes funèbres',759,'EPSTD',NULL,NULL,NULL,NULL,NULL,NULL,NULL,NULL,NULL,NULL,NULL,NULL,NULL,NULL,NULL,NULL,NULL,NULL,NULL,NULL,NULL,NULL,NULL,NULL,NULL,NULL,NULL,NULL,NULL,NULL,NULL,NULL,NULL,NULL,NULL,NULL,NULL,NULL,NULL,NULL,NULL,NULL,NULL,NULL,NULL,NULL,NULL,NULL,NULL,NULL,NULL,NULL,NULL,NULL,NULL,NULL,NULL,NULL,NULL,NULL,NULL,NULL,NULL,NULL,NULL,NULL,NULL,NULL,NULL,NULL,0),('780/Cadre','Tailleurs sur mesure : Région parisienne',780,'C',NULL,NULL,NULL,NULL,NULL,NULL,NULL,NULL,NULL,NULL,NULL,NULL,NULL,NULL,NULL,NULL,NULL,NULL,NULL,NULL,NULL,NULL,NULL,NULL,NULL,NULL,NULL,NULL,NULL,NULL,NULL,NULL,NULL,NULL,NULL,NULL,NULL,NULL,NULL,NULL,NULL,NULL,NULL,NULL,NULL,NULL,NULL,NULL,NULL,NULL,NULL,NULL,NULL,NULL,NULL,NULL,NULL,NULL,NULL,1,NULL,NULL,NULL,NULL,NULL,NULL,NULL,NULL,NULL,NULL,0),('780/Non Cadre','Tailleurs sur mesure : Région parisienne',780,'NC',NULL,NULL,NULL,NULL,NULL,NULL,NULL,NULL,NULL,NULL,NULL,NULL,NULL,NULL,NULL,NULL,NULL,NULL,NULL,NULL,NULL,NULL,NULL,NULL,NULL,NULL,NULL,NULL,NULL,NULL,NULL,NULL,NULL,NULL,NULL,NULL,NULL,NULL,NULL,NULL,NULL,NULL,NULL,NULL,NULL,NULL,NULL,NULL,NULL,NULL,NULL,NULL,NULL,NULL,NULL,NULL,NULL,NULL,NULL,NULL,NULL,NULL,NULL,NULL,NULL,NULL,NULL,NULL,NULL,NULL,0),('780/Ensemble','Tailleurs sur mesure : Région parisienne',780,'EPSTD',NULL,NULL,NULL,NULL,NULL,NULL,NULL,NULL,NULL,NULL,NULL,NULL,NULL,NULL,NULL,NULL,NULL,NULL,NULL,NULL,NULL,NULL,NULL,NULL,NULL,NULL,NULL,NULL,NULL,NULL,NULL,NULL,NULL,NULL,NULL,NULL,NULL,NULL,NULL,NULL,NULL,NULL,NULL,NULL,NULL,NULL,NULL,NULL,NULL,NULL,NULL,NULL,NULL,NULL,NULL,NULL,NULL,NULL,NULL,NULL,NULL,NULL,NULL,NULL,NULL,NULL,NULL,NULL,NULL,NULL,0),('783/Cadre','Centres d\'hébergement et de réadaptation sociale',783,'C',0.83000,0.83000,0.83000,NULL,NULL,'DISCONTINUE',180,0,NULL,3.00000,3.00000,NULL,NULL,NULL,NULL,NULL,NULL,NULL,1.00000,NULL,NULL,NULL,NULL,NULL,NULL,NULL,NULL,NULL,NULL,NULL,NULL,NULL,NULL,NULL,NULL,NULL,NULL,NULL,11,18,25,0.08000,0.10000,0.12000,NULL,NULL,NULL,NULL,NULL,0.50000,0.83000,NULL,NULL,0.83000,NULL,'FORMULE',NULL,NULL,'4 et 4 bis de la CCN du 14-3-47',NULL,NULL,NULL,NULL,NULL,NULL,NULL,NULL,NULL,NULL,NULL,1),('783/Non Cadre','Centres d\'hébergement et de réadaptation sociale',783,'NC',0.80000,0.80000,NULL,NULL,NULL,'DISCONTINUE',90,0,NULL,2.20000,2.20000,NULL,NULL,NULL,NULL,NULL,NULL,NULL,1.00000,NULL,NULL,NULL,NULL,NULL,NULL,NULL,NULL,NULL,NULL,NULL,NULL,NULL,NULL,NULL,NULL,NULL,NULL,NULL,11,18,25,0.08000,0.10000,0.12000,NULL,NULL,NULL,NULL,NULL,0.48000,0.80000,NULL,NULL,0.80000,NULL,'FORMULE',NULL,NULL,'Hors 4 et 4 bis de la CCN du 14-3-47',NULL,NULL,NULL,NULL,NULL,NULL,NULL,NULL,NULL,NULL,NULL,1),('783/Ensemble','Centres d\'hébergement et de réadaptation sociale',783,'EPSTD',0.83000,0.83000,0.83000,NULL,NULL,'DISCONTINUE',90,0,NULL,3.00000,3.00000,NULL,NULL,NULL,NULL,NULL,NULL,NULL,1.00000,NULL,NULL,NULL,NULL,NULL,NULL,NULL,NULL,NULL,NULL,NULL,NULL,NULL,NULL,NULL,NULL,NULL,NULL,NULL,11,18,25,0.08000,0.10000,0.12000,NULL,NULL,NULL,NULL,NULL,0.50000,0.83000,NULL,NULL,0.83000,NULL,'FORMULE',NULL,NULL,NULL,NULL,NULL,NULL,NULL,NULL,NULL,NULL,NULL,NULL,NULL,NULL,1),('804/Cadre','VRP, voyageurs representants placiers',804,'C',NULL,NULL,NULL,NULL,NULL,NULL,NULL,NULL,NULL,NULL,NULL,NULL,NULL,NULL,NULL,NULL,NULL,NULL,NULL,NULL,NULL,NULL,NULL,NULL,NULL,NULL,NULL,NULL,NULL,NULL,NULL,NULL,NULL,NULL,NULL,NULL,NULL,NULL,NULL,NULL,NULL,NULL,NULL,NULL,NULL,NULL,NULL,NULL,NULL,NULL,NULL,NULL,NULL,NULL,NULL,NULL,NULL,NULL,NULL,1,NULL,NULL,NULL,NULL,NULL,NULL,NULL,NULL,NULL,NULL,0),('804/Non Cadre','VRP, voyageurs representants placiers',804,'NC',NULL,NULL,NULL,NULL,NULL,NULL,NULL,NULL,NULL,NULL,NULL,NULL,NULL,NULL,NULL,NULL,NULL,NULL,NULL,NULL,NULL,NULL,NULL,NULL,NULL,NULL,NULL,NULL,NULL,NULL,NULL,NULL,NULL,NULL,NULL,NULL,NULL,NULL,NULL,NULL,NULL,NULL,NULL,NULL,NULL,NULL,NULL,NULL,NULL,NULL,NULL,NULL,NULL,NULL,NULL,NULL,NULL,NULL,NULL,NULL,NULL,NULL,NULL,NULL,NULL,NULL,NULL,NULL,NULL,NULL,0),('804/Ensemble','VRP, voyageurs representants placiers',804,'EPSTD',NULL,NULL,NULL,NULL,NULL,NULL,NULL,NULL,NULL,NULL,NULL,NULL,NULL,NULL,NULL,NULL,NULL,NULL,NULL,NULL,NULL,NULL,NULL,NULL,NULL,NULL,NULL,NULL,NULL,NULL,NULL,NULL,NULL,NULL,NULL,NULL,NULL,NULL,NULL,NULL,NULL,NULL,NULL,NULL,NULL,NULL,NULL,NULL,NULL,NULL,NULL,NULL,NULL,NULL,NULL,NULL,NULL,NULL,NULL,NULL,NULL,NULL,NULL,NULL,NULL,NULL,NULL,NULL,NULL,NULL,0),('814/Cadre','Commerces de détail non alimentaires : Meurthe-et-Moselle',814,'C',NULL,NULL,NULL,NULL,NULL,NULL,NULL,NULL,NULL,NULL,NULL,NULL,NULL,NULL,NULL,NULL,NULL,NULL,NULL,NULL,NULL,NULL,NULL,NULL,NULL,NULL,NULL,NULL,NULL,NULL,NULL,NULL,NULL,NULL,NULL,NULL,NULL,NULL,NULL,NULL,NULL,NULL,NULL,NULL,NULL,NULL,NULL,NULL,NULL,NULL,NULL,NULL,NULL,NULL,NULL,NULL,NULL,NULL,NULL,1,NULL,NULL,NULL,NULL,NULL,NULL,NULL,NULL,NULL,NULL,0),('814/Non Cadre','Commerces de détail non alimentaires : Meurthe-et-Moselle',814,'NC',NULL,NULL,NULL,NULL,NULL,NULL,NULL,NULL,NULL,NULL,NULL,NULL,NULL,NULL,NULL,NULL,NULL,NULL,NULL,NULL,NULL,NULL,NULL,NULL,NULL,NULL,NULL,NULL,NULL,NULL,NULL,NULL,NULL,NULL,NULL,NULL,NULL,NULL,NULL,NULL,NULL,NULL,NULL,NULL,NULL,NULL,NULL,NULL,NULL,NULL,NULL,NULL,NULL,NULL,NULL,NULL,NULL,NULL,NULL,NULL,NULL,NULL,NULL,NULL,NULL,NULL,NULL,NULL,NULL,NULL,0),('814/Ensemble','Commerces de détail non alimentaires : Meurthe-et-Moselle',814,'EPSTD',NULL,NULL,NULL,NULL,NULL,NULL,NULL,NULL,NULL,NULL,NULL,NULL,NULL,NULL,NULL,NULL,NULL,NULL,NULL,NULL,NULL,NULL,NULL,NULL,NULL,NULL,NULL,NULL,NULL,NULL,NULL,NULL,NULL,NULL,NULL,NULL,NULL,NULL,NULL,NULL,NULL,NULL,NULL,NULL,NULL,NULL,NULL,NULL,NULL,NULL,NULL,NULL,NULL,NULL,NULL,NULL,NULL,NULL,NULL,NULL,NULL,NULL,NULL,NULL,NULL,NULL,NULL,NULL,NULL,NULL,0),('827/Cadre','Métallurgie Ardennes',827,'C',NULL,NULL,NULL,NULL,NULL,NULL,NULL,NULL,NULL,NULL,NULL,NULL,NULL,NULL,NULL,NULL,NULL,NULL,NULL,NULL,NULL,NULL,NULL,NULL,NULL,NULL,NULL,NULL,NULL,NULL,NULL,NULL,NULL,NULL,NULL,NULL,NULL,NULL,NULL,NULL,NULL,NULL,NULL,NULL,NULL,NULL,NULL,NULL,NULL,NULL,NULL,NULL,NULL,NULL,NULL,NULL,NULL,NULL,NULL,1,NULL,NULL,NULL,NULL,NULL,NULL,NULL,NULL,NULL,NULL,0),('827/Non Cadre','Métallurgie Ardennes',827,'NC',NULL,NULL,NULL,NULL,NULL,NULL,NULL,NULL,NULL,NULL,NULL,NULL,NULL,NULL,NULL,NULL,NULL,NULL,NULL,NULL,NULL,NULL,NULL,NULL,NULL,NULL,NULL,NULL,NULL,NULL,NULL,NULL,NULL,NULL,NULL,NULL,NULL,NULL,NULL,NULL,NULL,NULL,NULL,NULL,NULL,NULL,NULL,NULL,NULL,NULL,NULL,NULL,NULL,NULL,NULL,NULL,NULL,NULL,NULL,NULL,NULL,NULL,NULL,NULL,NULL,NULL,NULL,NULL,NULL,NULL,0),('827/Ensemble','Métallurgie Ardennes',827,'EPSTD',NULL,NULL,NULL,NULL,NULL,NULL,NULL,NULL,NULL,NULL,NULL,NULL,NULL,NULL,NULL,NULL,NULL,NULL,NULL,NULL,NULL,NULL,NULL,NULL,NULL,NULL,NULL,NULL,NULL,NULL,NULL,NULL,NULL,NULL,NULL,NULL,NULL,NULL,NULL,NULL,NULL,NULL,NULL,NULL,NULL,NULL,NULL,NULL,NULL,NULL,NULL,NULL,NULL,NULL,NULL,NULL,NULL,NULL,NULL,NULL,NULL,NULL,NULL,NULL,NULL,NULL,NULL,NULL,NULL,NULL,0),('828/Cadre','Métallurgie Manche',828,'C',NULL,NULL,NULL,NULL,NULL,NULL,NULL,NULL,NULL,NULL,NULL,NULL,NULL,NULL,NULL,NULL,NULL,NULL,NULL,NULL,NULL,NULL,NULL,NULL,NULL,NULL,NULL,NULL,NULL,NULL,NULL,NULL,NULL,NULL,NULL,NULL,NULL,NULL,NULL,NULL,NULL,NULL,NULL,NULL,NULL,NULL,NULL,NULL,NULL,NULL,NULL,NULL,NULL,NULL,NULL,NULL,NULL,NULL,NULL,1,NULL,NULL,NULL,NULL,NULL,NULL,NULL,NULL,NULL,NULL,0),('828/Non Cadre','Métallurgie Manche',828,'NC',NULL,NULL,NULL,NULL,NULL,NULL,NULL,NULL,NULL,NULL,NULL,NULL,NULL,NULL,NULL,NULL,NULL,NULL,NULL,NULL,NULL,NULL,NULL,NULL,NULL,NULL,NULL,NULL,NULL,NULL,NULL,NULL,NULL,NULL,NULL,NULL,NULL,NULL,NULL,NULL,NULL,NULL,NULL,NULL,NULL,NULL,NULL,NULL,NULL,NULL,NULL,NULL,NULL,NULL,NULL,NULL,NULL,NULL,NULL,NULL,NULL,NULL,NULL,NULL,NULL,NULL,NULL,NULL,NULL,NULL,0),('828/Ensemble','Métallurgie Manche',828,'EPSTD',NULL,NULL,NULL,NULL,NULL,NULL,NULL,NULL,NULL,NULL,NULL,NULL,NULL,NULL,NULL,NULL,NULL,NULL,NULL,NULL,NULL,NULL,NULL,NULL,NULL,NULL,NULL,NULL,NULL,NULL,NULL,NULL,NULL,NULL,NULL,NULL,NULL,NULL,NULL,NULL,NULL,NULL,NULL,NULL,NULL,NULL,NULL,NULL,NULL,NULL,NULL,NULL,NULL,NULL,NULL,NULL,NULL,NULL,NULL,NULL,NULL,NULL,NULL,NULL,NULL,NULL,NULL,NULL,NULL,NULL,0),('836/Cadre','Métallurgie Haute Savoie',836,'C',NULL,NULL,NULL,NULL,NULL,NULL,NULL,NULL,NULL,NULL,NULL,NULL,NULL,NULL,NULL,NULL,NULL,NULL,NULL,NULL,NULL,NULL,NULL,NULL,NULL,NULL,NULL,NULL,NULL,NULL,NULL,NULL,NULL,NULL,NULL,NULL,NULL,NULL,NULL,NULL,NULL,NULL,NULL,NULL,NULL,NULL,NULL,NULL,NULL,NULL,NULL,NULL,NULL,NULL,NULL,NULL,NULL,NULL,NULL,1,NULL,NULL,NULL,NULL,NULL,NULL,NULL,NULL,NULL,NULL,0),('836/Non Cadre','Métallurgie Haute Savoie',836,'NC',NULL,NULL,NULL,NULL,NULL,NULL,NULL,NULL,NULL,NULL,NULL,NULL,NULL,NULL,NULL,NULL,NULL,NULL,NULL,NULL,NULL,NULL,NULL,NULL,NULL,NULL,NULL,NULL,NULL,NULL,NULL,NULL,NULL,NULL,NULL,NULL,NULL,NULL,NULL,NULL,NULL,NULL,NULL,NULL,NULL,NULL,NULL,NULL,NULL,NULL,NULL,NULL,NULL,NULL,NULL,NULL,NULL,NULL,NULL,NULL,NULL,NULL,NULL,NULL,NULL,NULL,NULL,NULL,NULL,NULL,0),('836/Ensemble','Métallurgie Haute Savoie',836,'EPSTD',NULL,NULL,NULL,NULL,NULL,NULL,NULL,NULL,NULL,NULL,NULL,NULL,NULL,NULL,NULL,NULL,NULL,NULL,NULL,NULL,NULL,NULL,NULL,NULL,NULL,NULL,NULL,NULL,NULL,NULL,NULL,NULL,NULL,NULL,NULL,NULL,NULL,NULL,NULL,NULL,NULL,NULL,NULL,NULL,NULL,NULL,NULL,NULL,NULL,NULL,NULL,NULL,NULL,NULL,NULL,NULL,NULL,NULL,NULL,NULL,NULL,NULL,NULL,NULL,NULL,NULL,NULL,NULL,NULL,NULL,0),('889/Cadre','Cinéma (exploitation) : services généraux et administratifs',889,'C',NULL,NULL,NULL,NULL,NULL,NULL,NULL,NULL,NULL,NULL,NULL,NULL,NULL,NULL,NULL,NULL,NULL,NULL,NULL,NULL,NULL,NULL,NULL,NULL,NULL,NULL,NULL,NULL,NULL,NULL,NULL,NULL,NULL,NULL,NULL,NULL,NULL,NULL,NULL,NULL,NULL,NULL,NULL,NULL,NULL,NULL,NULL,NULL,NULL,NULL,NULL,NULL,NULL,NULL,NULL,NULL,NULL,NULL,NULL,1,NULL,NULL,NULL,NULL,NULL,NULL,NULL,NULL,NULL,NULL,1),('889/Non Cadre','Cinéma (exploitation) : services généraux et administratifs',889,'NC',NULL,NULL,NULL,NULL,NULL,NULL,NULL,NULL,NULL,NULL,NULL,NULL,NULL,NULL,NULL,NULL,NULL,NULL,NULL,NULL,NULL,NULL,NULL,NULL,NULL,NULL,NULL,NULL,NULL,NULL,NULL,NULL,NULL,NULL,NULL,NULL,NULL,NULL,NULL,NULL,NULL,NULL,NULL,NULL,NULL,NULL,NULL,NULL,NULL,NULL,NULL,NULL,NULL,NULL,NULL,NULL,NULL,NULL,NULL,NULL,NULL,NULL,NULL,NULL,NULL,NULL,NULL,0.01000,NULL,NULL,1),('889/Ensemble','Cinéma (exploitation) : services généraux et administratifs',889,'EPSTD',NULL,NULL,NULL,NULL,NULL,NULL,NULL,NULL,NULL,NULL,NULL,NULL,NULL,NULL,NULL,NULL,NULL,NULL,NULL,NULL,NULL,NULL,NULL,NULL,NULL,NULL,NULL,NULL,NULL,NULL,NULL,NULL,NULL,NULL,NULL,NULL,NULL,NULL,NULL,NULL,NULL,NULL,NULL,NULL,NULL,NULL,NULL,NULL,NULL,NULL,NULL,NULL,NULL,NULL,NULL,NULL,NULL,NULL,NULL,NULL,NULL,NULL,NULL,NULL,NULL,NULL,NULL,0.01000,NULL,NULL,1),('894/Cadre','Commerces de détail non alimentaires : Rennes',894,'C',NULL,NULL,NULL,NULL,NULL,NULL,NULL,NULL,NULL,NULL,NULL,NULL,NULL,NULL,NULL,NULL,NULL,NULL,NULL,NULL,NULL,NULL,NULL,NULL,NULL,NULL,NULL,NULL,NULL,NULL,NULL,NULL,NULL,NULL,NULL,NULL,NULL,NULL,NULL,NULL,NULL,NULL,NULL,NULL,NULL,NULL,NULL,NULL,NULL,NULL,NULL,NULL,NULL,NULL,NULL,NULL,NULL,NULL,NULL,1,NULL,NULL,NULL,NULL,NULL,NULL,NULL,NULL,NULL,NULL,0),('894/Non Cadre','Commerces de détail non alimentaires : Rennes',894,'NC',NULL,NULL,NULL,NULL,NULL,NULL,NULL,NULL,NULL,NULL,NULL,NULL,NULL,NULL,NULL,NULL,NULL,NULL,NULL,NULL,NULL,NULL,NULL,NULL,NULL,NULL,NULL,NULL,NULL,NULL,NULL,NULL,NULL,NULL,NULL,NULL,NULL,NULL,NULL,NULL,NULL,NULL,NULL,NULL,NULL,NULL,NULL,NULL,NULL,NULL,NULL,NULL,NULL,NULL,NULL,NULL,NULL,NULL,NULL,NULL,NULL,NULL,NULL,NULL,NULL,NULL,NULL,NULL,NULL,NULL,0),('894/Ensemble','Commerces de détail non alimentaires : Rennes',894,'EPSTD',NULL,NULL,NULL,NULL,NULL,NULL,NULL,NULL,NULL,NULL,NULL,NULL,NULL,NULL,NULL,NULL,NULL,NULL,NULL,NULL,NULL,NULL,NULL,NULL,NULL,NULL,NULL,NULL,NULL,NULL,NULL,NULL,NULL,NULL,NULL,NULL,NULL,NULL,NULL,NULL,NULL,NULL,NULL,NULL,NULL,NULL,NULL,NULL,NULL,NULL,NULL,NULL,NULL,NULL,NULL,NULL,NULL,NULL,NULL,NULL,NULL,NULL,NULL,NULL,NULL,NULL,NULL,NULL,NULL,NULL,0),('898/Cadre','Métallurgie Allier',898,'C',NULL,NULL,NULL,NULL,NULL,NULL,NULL,NULL,NULL,NULL,NULL,NULL,NULL,NULL,NULL,NULL,NULL,NULL,NULL,NULL,NULL,NULL,NULL,NULL,NULL,NULL,NULL,NULL,NULL,NULL,NULL,NULL,NULL,NULL,NULL,NULL,NULL,NULL,NULL,NULL,NULL,NULL,NULL,NULL,NULL,NULL,NULL,NULL,NULL,NULL,NULL,NULL,NULL,NULL,NULL,NULL,NULL,NULL,NULL,1,NULL,NULL,NULL,NULL,NULL,NULL,NULL,NULL,NULL,NULL,0),('898/Non Cadre','Métallurgie Allier',898,'NC',NULL,NULL,NULL,NULL,NULL,NULL,NULL,NULL,NULL,NULL,NULL,NULL,NULL,NULL,NULL,NULL,NULL,NULL,NULL,NULL,NULL,NULL,NULL,NULL,NULL,NULL,NULL,NULL,NULL,NULL,NULL,NULL,NULL,NULL,NULL,NULL,NULL,NULL,NULL,NULL,NULL,NULL,NULL,NULL,NULL,NULL,NULL,NULL,NULL,NULL,NULL,NULL,NULL,NULL,NULL,NULL,NULL,NULL,NULL,NULL,NULL,NULL,NULL,NULL,NULL,NULL,NULL,NULL,NULL,NULL,0),('898/Ensemble','Métallurgie Allier',898,'EPSTD',NULL,NULL,NULL,NULL,NULL,NULL,NULL,NULL,NULL,NULL,NULL,NULL,NULL,NULL,NULL,NULL,NULL,NULL,NULL,NULL,NULL,NULL,NULL,NULL,NULL,NULL,NULL,NULL,NULL,NULL,NULL,NULL,NULL,NULL,NULL,NULL,NULL,NULL,NULL,NULL,NULL,NULL,NULL,NULL,NULL,NULL,NULL,NULL,NULL,NULL,NULL,NULL,NULL,NULL,NULL,NULL,NULL,NULL,NULL,NULL,NULL,NULL,NULL,NULL,NULL,NULL,NULL,NULL,NULL,NULL,0),('899/Cadre','Métallurgie Marne',899,'C',NULL,NULL,NULL,NULL,NULL,NULL,NULL,NULL,NULL,NULL,NULL,NULL,NULL,NULL,NULL,NULL,NULL,NULL,NULL,NULL,NULL,NULL,NULL,NULL,NULL,NULL,NULL,NULL,NULL,NULL,NULL,NULL,NULL,NULL,NULL,NULL,NULL,NULL,NULL,NULL,NULL,NULL,NULL,NULL,NULL,NULL,NULL,NULL,NULL,NULL,NULL,NULL,NULL,NULL,NULL,NULL,NULL,NULL,NULL,1,NULL,NULL,NULL,NULL,NULL,NULL,NULL,NULL,NULL,NULL,0),('899/Non Cadre','Métallurgie Marne',899,'NC',NULL,NULL,NULL,NULL,NULL,NULL,NULL,NULL,NULL,NULL,NULL,NULL,NULL,NULL,NULL,NULL,NULL,NULL,NULL,NULL,NULL,NULL,NULL,NULL,NULL,NULL,NULL,NULL,NULL,NULL,NULL,NULL,NULL,NULL,NULL,NULL,NULL,NULL,NULL,NULL,NULL,NULL,NULL,NULL,NULL,NULL,NULL,NULL,NULL,NULL,NULL,NULL,NULL,NULL,NULL,NULL,NULL,NULL,NULL,NULL,NULL,NULL,NULL,NULL,NULL,NULL,NULL,NULL,NULL,NULL,0),('899/Ensemble','Métallurgie Marne',899,'EPSTD',NULL,NULL,NULL,NULL,NULL,NULL,NULL,NULL,NULL,NULL,NULL,NULL,NULL,NULL,NULL,NULL,NULL,NULL,NULL,NULL,NULL,NULL,NULL,NULL,NULL,NULL,NULL,NULL,NULL,NULL,NULL,NULL,NULL,NULL,NULL,NULL,NULL,NULL,NULL,NULL,NULL,NULL,NULL,NULL,NULL,NULL,NULL,NULL,NULL,NULL,NULL,NULL,NULL,NULL,NULL,NULL,NULL,NULL,NULL,NULL,NULL,NULL,NULL,NULL,NULL,NULL,NULL,NULL,NULL,NULL,0),('914/Cadre','Métallurgie Ain',914,'C',NULL,NULL,NULL,NULL,NULL,NULL,NULL,NULL,NULL,NULL,NULL,NULL,NULL,NULL,NULL,NULL,NULL,NULL,NULL,NULL,NULL,NULL,NULL,NULL,NULL,NULL,NULL,NULL,NULL,NULL,NULL,NULL,NULL,NULL,NULL,NULL,NULL,NULL,NULL,NULL,NULL,NULL,NULL,NULL,NULL,NULL,NULL,NULL,NULL,NULL,NULL,NULL,NULL,NULL,NULL,NULL,NULL,NULL,NULL,1,NULL,NULL,NULL,NULL,NULL,NULL,NULL,NULL,NULL,NULL,0),('914/Non Cadre','Métallurgie Ain',914,'NC',NULL,NULL,NULL,NULL,NULL,NULL,NULL,NULL,NULL,NULL,NULL,NULL,NULL,NULL,NULL,NULL,NULL,NULL,NULL,NULL,NULL,NULL,NULL,NULL,NULL,NULL,NULL,NULL,NULL,NULL,NULL,NULL,NULL,NULL,NULL,NULL,NULL,NULL,NULL,NULL,NULL,NULL,NULL,NULL,NULL,NULL,NULL,NULL,NULL,NULL,NULL,NULL,NULL,NULL,NULL,NULL,NULL,NULL,NULL,NULL,NULL,NULL,NULL,NULL,NULL,NULL,NULL,NULL,NULL,NULL,0),('914/Ensemble','Métallurgie Ain',914,'EPSTD',NULL,NULL,NULL,NULL,NULL,NULL,NULL,NULL,NULL,NULL,NULL,NULL,NULL,NULL,NULL,NULL,NULL,NULL,NULL,NULL,NULL,NULL,NULL,NULL,NULL,NULL,NULL,NULL,NULL,NULL,NULL,NULL,NULL,NULL,NULL,NULL,NULL,NULL,NULL,NULL,NULL,NULL,NULL,NULL,NULL,NULL,NULL,NULL,NULL,NULL,NULL,NULL,NULL,NULL,NULL,NULL,NULL,NULL,NULL,NULL,NULL,NULL,NULL,NULL,NULL,NULL,NULL,NULL,NULL,NULL,0),('915/Cadre','Expertises évaluations industrielles commerciales',915,'C',NULL,NULL,NULL,NULL,NULL,NULL,NULL,NULL,NULL,NULL,NULL,NULL,NULL,NULL,NULL,NULL,NULL,NULL,NULL,NULL,NULL,NULL,NULL,NULL,NULL,NULL,NULL,NULL,NULL,NULL,NULL,NULL,NULL,NULL,NULL,NULL,NULL,NULL,NULL,NULL,NULL,NULL,NULL,NULL,NULL,NULL,NULL,NULL,NULL,NULL,NULL,NULL,NULL,NULL,NULL,NULL,NULL,NULL,NULL,1,NULL,NULL,NULL,NULL,NULL,NULL,NULL,NULL,NULL,NULL,0),('915/Non Cadre','Expertises évaluations industrielles commerciales',915,'NC',NULL,NULL,NULL,NULL,NULL,NULL,NULL,NULL,NULL,NULL,NULL,NULL,NULL,NULL,NULL,NULL,NULL,NULL,NULL,NULL,NULL,NULL,NULL,NULL,NULL,NULL,NULL,NULL,NULL,NULL,NULL,NULL,NULL,NULL,NULL,NULL,NULL,NULL,NULL,NULL,NULL,NULL,NULL,NULL,NULL,NULL,NULL,NULL,NULL,NULL,NULL,NULL,NULL,NULL,NULL,NULL,NULL,NULL,NULL,NULL,NULL,NULL,NULL,NULL,NULL,NULL,NULL,NULL,NULL,NULL,0),('915/Ensemble','Expertises évaluations industrielles commerciales',915,'EPSTD',NULL,NULL,NULL,NULL,NULL,NULL,NULL,NULL,NULL,NULL,NULL,NULL,NULL,NULL,NULL,NULL,NULL,NULL,NULL,NULL,NULL,NULL,NULL,NULL,NULL,NULL,NULL,NULL,NULL,NULL,NULL,NULL,NULL,NULL,NULL,NULL,NULL,NULL,NULL,NULL,NULL,NULL,NULL,NULL,NULL,NULL,NULL,NULL,NULL,NULL,NULL,NULL,NULL,NULL,NULL,NULL,NULL,NULL,NULL,NULL,NULL,NULL,NULL,NULL,NULL,NULL,NULL,NULL,NULL,NULL,0),('930/Cadre','Métallurgie Sarthe',930,'C',NULL,NULL,NULL,NULL,NULL,NULL,NULL,NULL,NULL,NULL,NULL,NULL,NULL,NULL,NULL,NULL,NULL,NULL,NULL,NULL,NULL,NULL,NULL,NULL,NULL,NULL,NULL,NULL,NULL,NULL,NULL,NULL,NULL,NULL,NULL,NULL,NULL,NULL,NULL,NULL,NULL,NULL,NULL,NULL,NULL,NULL,NULL,NULL,NULL,NULL,NULL,NULL,NULL,NULL,NULL,NULL,NULL,NULL,NULL,1,NULL,NULL,NULL,NULL,NULL,NULL,NULL,NULL,NULL,NULL,0),('930/Non Cadre','Métallurgie Sarthe',930,'NC',NULL,NULL,NULL,NULL,NULL,NULL,NULL,NULL,NULL,NULL,NULL,NULL,NULL,NULL,NULL,NULL,NULL,NULL,NULL,NULL,NULL,NULL,NULL,NULL,NULL,NULL,NULL,NULL,NULL,NULL,NULL,NULL,NULL,NULL,NULL,NULL,NULL,NULL,NULL,NULL,NULL,NULL,NULL,NULL,NULL,NULL,NULL,NULL,NULL,NULL,NULL,NULL,NULL,NULL,NULL,NULL,NULL,NULL,NULL,NULL,NULL,NULL,NULL,NULL,NULL,NULL,NULL,NULL,NULL,NULL,0),('930/Ensemble','Métallurgie Sarthe',930,'EPSTD',NULL,NULL,NULL,NULL,NULL,NULL,NULL,NULL,NULL,NULL,NULL,NULL,NULL,NULL,NULL,NULL,NULL,NULL,NULL,NULL,NULL,NULL,NULL,NULL,NULL,NULL,NULL,NULL,NULL,NULL,NULL,NULL,NULL,NULL,NULL,NULL,NULL,NULL,NULL,NULL,NULL,NULL,NULL,NULL,NULL,NULL,NULL,NULL,NULL,NULL,NULL,NULL,NULL,NULL,NULL,NULL,NULL,NULL,NULL,NULL,NULL,NULL,NULL,NULL,NULL,NULL,NULL,NULL,NULL,NULL,0),('948/Cadre','Métallurgie Orne',948,'C',NULL,NULL,NULL,NULL,NULL,NULL,NULL,NULL,NULL,NULL,NULL,NULL,NULL,NULL,NULL,NULL,NULL,NULL,NULL,NULL,NULL,NULL,NULL,NULL,NULL,NULL,NULL,NULL,NULL,NULL,NULL,NULL,NULL,NULL,NULL,NULL,NULL,NULL,NULL,NULL,NULL,NULL,NULL,NULL,NULL,NULL,NULL,NULL,NULL,NULL,NULL,NULL,NULL,NULL,NULL,NULL,NULL,NULL,NULL,1,NULL,NULL,NULL,NULL,NULL,NULL,NULL,NULL,NULL,NULL,0),('948/Non Cadre','Métallurgie Orne',948,'NC',NULL,NULL,NULL,NULL,NULL,NULL,NULL,NULL,NULL,NULL,NULL,NULL,NULL,NULL,NULL,NULL,NULL,NULL,NULL,NULL,NULL,NULL,NULL,NULL,NULL,NULL,NULL,NULL,NULL,NULL,NULL,NULL,NULL,NULL,NULL,NULL,NULL,NULL,NULL,NULL,NULL,NULL,NULL,NULL,NULL,NULL,NULL,NULL,NULL,NULL,NULL,NULL,NULL,NULL,NULL,NULL,NULL,NULL,NULL,NULL,NULL,NULL,NULL,NULL,NULL,NULL,NULL,NULL,NULL,NULL,0),('948/Ensemble','Métallurgie Orne',948,'EPSTD',NULL,NULL,NULL,NULL,NULL,NULL,NULL,NULL,NULL,NULL,NULL,NULL,NULL,NULL,NULL,NULL,NULL,NULL,NULL,NULL,NULL,NULL,NULL,NULL,NULL,NULL,NULL,NULL,NULL,NULL,NULL,NULL,NULL,NULL,NULL,NULL,NULL,NULL,NULL,NULL,NULL,NULL,NULL,NULL,NULL,NULL,NULL,NULL,NULL,NULL,NULL,NULL,NULL,NULL,NULL,NULL,NULL,NULL,NULL,NULL,NULL,NULL,NULL,NULL,NULL,NULL,NULL,NULL,NULL,NULL,0),('965/Cadre','Métallurgie Var',965,'C',NULL,NULL,NULL,NULL,NULL,NULL,NULL,NULL,NULL,NULL,NULL,NULL,NULL,NULL,NULL,NULL,NULL,NULL,NULL,NULL,NULL,NULL,NULL,NULL,NULL,NULL,NULL,NULL,NULL,NULL,NULL,NULL,NULL,NULL,NULL,NULL,NULL,NULL,NULL,NULL,NULL,NULL,NULL,NULL,NULL,NULL,NULL,NULL,NULL,NULL,NULL,NULL,NULL,NULL,NULL,NULL,NULL,NULL,NULL,1,NULL,NULL,NULL,NULL,NULL,NULL,NULL,NULL,NULL,NULL,0),('965/Non Cadre','Métallurgie Var',965,'NC',NULL,NULL,NULL,NULL,NULL,NULL,NULL,NULL,NULL,NULL,NULL,NULL,NULL,NULL,NULL,NULL,NULL,NULL,NULL,NULL,NULL,NULL,NULL,NULL,NULL,NULL,NULL,NULL,NULL,NULL,NULL,NULL,NULL,NULL,NULL,NULL,NULL,NULL,NULL,NULL,NULL,NULL,NULL,NULL,NULL,NULL,NULL,NULL,NULL,NULL,NULL,NULL,NULL,NULL,NULL,NULL,NULL,NULL,NULL,NULL,NULL,NULL,NULL,NULL,NULL,NULL,NULL,NULL,NULL,NULL,0),('965/Ensemble','Métallurgie Var',965,'EPSTD',NULL,NULL,NULL,NULL,NULL,NULL,NULL,NULL,NULL,NULL,NULL,NULL,NULL,NULL,NULL,NULL,NULL,NULL,NULL,NULL,NULL,NULL,NULL,NULL,NULL,NULL,NULL,NULL,NULL,NULL,NULL,NULL,NULL,NULL,NULL,NULL,NULL,NULL,NULL,NULL,NULL,NULL,NULL,NULL,NULL,NULL,NULL,NULL,NULL,NULL,NULL,NULL,NULL,NULL,NULL,NULL,NULL,NULL,NULL,NULL,NULL,NULL,NULL,NULL,NULL,NULL,NULL,NULL,NULL,NULL,0),('998/Cadre','Exploitation d\'équipements thermiques OETAM',998,'C',NULL,NULL,NULL,NULL,NULL,NULL,NULL,NULL,NULL,NULL,NULL,NULL,NULL,NULL,NULL,NULL,NULL,NULL,NULL,NULL,NULL,NULL,NULL,NULL,NULL,NULL,NULL,NULL,NULL,NULL,NULL,NULL,NULL,NULL,NULL,NULL,NULL,NULL,NULL,NULL,NULL,NULL,NULL,NULL,NULL,NULL,NULL,NULL,NULL,NULL,NULL,NULL,NULL,NULL,NULL,NULL,NULL,NULL,'Non défini',1,NULL,NULL,NULL,NULL,NULL,NULL,NULL,NULL,NULL,NULL,1),('998/Non Cadre','Exploitation d\'équipements thermiques OETAM',998,'NC',0.01000,0.01000,NULL,NULL,NULL,'CONTINUE',180,0,NULL,0.01000,0.01000,NULL,NULL,NULL,NULL,NULL,NULL,NULL,NULL,NULL,NULL,NULL,NULL,NULL,NULL,NULL,NULL,NULL,NULL,NULL,NULL,NULL,NULL,NULL,NULL,NULL,NULL,NULL,NULL,NULL,NULL,NULL,NULL,NULL,NULL,NULL,NULL,NULL,NULL,0.01000,0.01000,NULL,NULL,NULL,NULL,NULL,NULL,NULL,'Non défini',NULL,NULL,NULL,NULL,NULL,NULL,NULL,NULL,NULL,NULL,NULL,1),('998/Ensemble','Exploitation d\'équipements thermiques OETAM',998,'EPSTD',0.01000,0.01000,0.01000,NULL,NULL,'CONTINUE',180,0,NULL,0.01000,0.01000,NULL,NULL,NULL,NULL,NULL,NULL,NULL,NULL,NULL,NULL,NULL,NULL,NULL,NULL,NULL,NULL,NULL,NULL,NULL,NULL,NULL,NULL,NULL,NULL,NULL,NULL,NULL,NULL,NULL,NULL,NULL,NULL,NULL,NULL,NULL,NULL,NULL,NULL,0.01000,0.01000,NULL,NULL,NULL,NULL,NULL,NULL,NULL,NULL,NULL,NULL,NULL,NULL,NULL,NULL,NULL,NULL,NULL,NULL,NULL,1),('1000/Cadre','Cabinets d\'avocats',1000,'C',1.00000,1.00000,1.00000,NULL,NULL,'CONTINUE',30,0,1,1.50000,3.00000,1.00000,NULL,NULL,NULL,NULL,1.00000,NULL,1.00000,1.00000,NULL,NULL,NULL,NULL,NULL,NULL,NULL,NULL,NULL,NULL,NULL,0.07000,NULL,NULL,NULL,NULL,NULL,NULL,15,17,25,0.10000,0.12000,0.15000,NULL,NULL,1.00000,NULL,NULL,0.75000,1.00000,NULL,NULL,1.00000,0.94000,'FIXE',NULL,NULL,NULL,NULL,NULL,NULL,NULL,NULL,NULL,NULL,NULL,NULL,NULL,NULL,1),('1000/Non Cadre','Cabinets d\'avocats',1000,'NC',1.00000,1.00000,NULL,NULL,NULL,'CONTINUE',30,0,1,0.80000,1.60000,0.50000,NULL,NULL,NULL,NULL,1.00000,NULL,1.00000,1.00000,NULL,NULL,NULL,NULL,NULL,NULL,NULL,NULL,NULL,NULL,NULL,0.07000,NULL,NULL,NULL,NULL,NULL,NULL,15,17,25,0.10000,0.12000,0.15000,NULL,NULL,1.00000,NULL,NULL,0.76200,1.00000,NULL,NULL,1.00000,0.95200,'FIXE',NULL,NULL,NULL,NULL,NULL,NULL,NULL,NULL,NULL,NULL,NULL,NULL,NULL,NULL,1),('1000/Ensemble','Cabinets d\'avocats',1000,'EPSTD',1.00000,1.00000,1.00000,NULL,NULL,'CONTINUE',30,0,1,1.50000,3.00000,1.00000,NULL,NULL,NULL,NULL,1.00000,NULL,1.00000,1.00000,NULL,NULL,NULL,NULL,NULL,NULL,NULL,NULL,NULL,NULL,NULL,0.07000,NULL,NULL,NULL,NULL,NULL,NULL,15,17,25,0.10000,0.12000,0.15000,NULL,NULL,1.00000,NULL,NULL,0.76200,1.00000,NULL,NULL,1.00000,0.95200,'FIXE',NULL,NULL,NULL,NULL,NULL,NULL,NULL,NULL,NULL,NULL,NULL,NULL,NULL,NULL,1),('1007/Cadre','Métallurgie Puy De Dôme Thiers',1007,'C',NULL,NULL,NULL,NULL,NULL,NULL,NULL,NULL,NULL,NULL,NULL,NULL,NULL,NULL,NULL,NULL,NULL,NULL,NULL,NULL,NULL,NULL,NULL,NULL,NULL,NULL,NULL,NULL,NULL,NULL,NULL,NULL,NULL,NULL,NULL,NULL,NULL,NULL,NULL,NULL,NULL,NULL,NULL,NULL,NULL,NULL,NULL,NULL,NULL,NULL,NULL,NULL,NULL,NULL,NULL,NULL,NULL,NULL,NULL,1,NULL,NULL,NULL,NULL,NULL,NULL,NULL,NULL,NULL,NULL,0),('1007/Non Cadre','Métallurgie Puy De Dôme Thiers',1007,'NC',NULL,NULL,NULL,NULL,NULL,NULL,NULL,NULL,NULL,NULL,NULL,NULL,NULL,NULL,NULL,NULL,NULL,NULL,NULL,NULL,NULL,NULL,NULL,NULL,NULL,NULL,NULL,NULL,NULL,NULL,NULL,NULL,NULL,NULL,NULL,NULL,NULL,NULL,NULL,NULL,NULL,NULL,NULL,NULL,NULL,NULL,NULL,NULL,NULL,NULL,NULL,NULL,NULL,NULL,NULL,NULL,NULL,NULL,NULL,NULL,NULL,NULL,NULL,NULL,NULL,NULL,NULL,NULL,NULL,NULL,0),('1007/Ensemble','Métallurgie Puy De Dôme Thiers',1007,'EPSTD',NULL,NULL,NULL,NULL,NULL,NULL,NULL,NULL,NULL,NULL,NULL,NULL,NULL,NULL,NULL,NULL,NULL,NULL,NULL,NULL,NULL,NULL,NULL,NULL,NULL,NULL,NULL,NULL,NULL,NULL,NULL,NULL,NULL,NULL,NULL,NULL,NULL,NULL,NULL,NULL,NULL,NULL,NULL,NULL,NULL,NULL,NULL,NULL,NULL,NULL,NULL,NULL,NULL,NULL,NULL,NULL,NULL,NULL,NULL,NULL,NULL,NULL,NULL,NULL,NULL,NULL,NULL,NULL,NULL,NULL,0),('1042/Cadre','Commerces de détail alimentaires et non alimentaires : Loiret',1042,'C',NULL,NULL,NULL,NULL,NULL,NULL,NULL,NULL,NULL,NULL,NULL,NULL,NULL,NULL,NULL,NULL,NULL,NULL,NULL,NULL,NULL,NULL,NULL,NULL,NULL,NULL,NULL,NULL,NULL,NULL,NULL,NULL,NULL,NULL,NULL,NULL,NULL,NULL,NULL,NULL,NULL,NULL,NULL,NULL,NULL,NULL,NULL,NULL,NULL,NULL,NULL,NULL,NULL,NULL,NULL,NULL,NULL,NULL,NULL,1,NULL,NULL,NULL,NULL,NULL,NULL,NULL,NULL,NULL,NULL,0),('1042/Non Cadre','Commerces de détail alimentaires et non alimentaires : Loiret',1042,'NC',NULL,NULL,NULL,NULL,NULL,NULL,NULL,NULL,NULL,NULL,NULL,NULL,NULL,NULL,NULL,NULL,NULL,NULL,NULL,NULL,NULL,NULL,NULL,NULL,NULL,NULL,NULL,NULL,NULL,NULL,NULL,NULL,NULL,NULL,NULL,NULL,NULL,NULL,NULL,NULL,NULL,NULL,NULL,NULL,NULL,NULL,NULL,NULL,NULL,NULL,NULL,NULL,NULL,NULL,NULL,NULL,NULL,NULL,NULL,NULL,NULL,NULL,NULL,NULL,NULL,NULL,NULL,NULL,NULL,NULL,0),('1042/Ensemble','Commerces de détail alimentaires et non alimentaires : Loiret',1042,'EPSTD',NULL,NULL,NULL,NULL,NULL,NULL,NULL,NULL,NULL,NULL,NULL,NULL,NULL,NULL,NULL,NULL,NULL,NULL,NULL,NULL,NULL,NULL,NULL,NULL,NULL,NULL,NULL,NULL,NULL,NULL,NULL,NULL,NULL,NULL,NULL,NULL,NULL,NULL,NULL,NULL,NULL,NULL,NULL,NULL,NULL,NULL,NULL,NULL,NULL,NULL,NULL,NULL,NULL,NULL,NULL,NULL,NULL,NULL,NULL,NULL,NULL,NULL,NULL,NULL,NULL,NULL,NULL,NULL,NULL,NULL,0),('1170/Cadre','Industrie des tuiles et briques',1170,'C',NULL,NULL,NULL,NULL,NULL,NULL,NULL,NULL,NULL,NULL,NULL,NULL,NULL,NULL,NULL,NULL,NULL,NULL,NULL,NULL,NULL,NULL,NULL,NULL,NULL,NULL,NULL,NULL,NULL,NULL,NULL,NULL,NULL,NULL,NULL,NULL,NULL,NULL,NULL,NULL,NULL,NULL,NULL,NULL,NULL,NULL,NULL,NULL,NULL,NULL,NULL,NULL,NULL,NULL,NULL,NULL,NULL,NULL,'Non défini',1,NULL,NULL,NULL,NULL,NULL,NULL,NULL,NULL,NULL,NULL,1),('1170/Non Cadre','Industrie des tuiles et briques',1170,'NC',NULL,NULL,NULL,NULL,NULL,NULL,NULL,NULL,NULL,0.01000,0.01000,NULL,NULL,NULL,NULL,NULL,NULL,NULL,NULL,1.00000,NULL,NULL,NULL,NULL,NULL,NULL,NULL,NULL,NULL,NULL,NULL,NULL,NULL,NULL,NULL,NULL,NULL,NULL,NULL,NULL,NULL,NULL,NULL,NULL,NULL,NULL,NULL,NULL,NULL,NULL,NULL,NULL,NULL,0.01000,NULL,'FORMULE',NULL,NULL,'Non défini',NULL,NULL,NULL,NULL,NULL,NULL,NULL,NULL,NULL,NULL,NULL,1),('1170/Ensemble','Industrie des tuiles et briques',1170,'EPSTD',NULL,NULL,NULL,NULL,NULL,NULL,NULL,NULL,NULL,0.01000,0.01000,NULL,NULL,NULL,NULL,NULL,NULL,NULL,NULL,1.00000,NULL,NULL,NULL,NULL,NULL,NULL,NULL,NULL,NULL,NULL,NULL,NULL,NULL,NULL,NULL,NULL,NULL,NULL,NULL,NULL,NULL,NULL,NULL,NULL,NULL,NULL,NULL,NULL,NULL,NULL,NULL,NULL,NULL,0.01000,NULL,'FORMULE',NULL,NULL,'Non défini',NULL,NULL,NULL,NULL,NULL,NULL,NULL,NULL,NULL,NULL,NULL,1),('1182/Cadre','Ports de plaisance',1182,'C',0.80000,0.80000,0.80000,NULL,NULL,'CONTINUE',30,0,0,2.00000,2.00000,NULL,NULL,NULL,NULL,NULL,1.00000,NULL,NULL,NULL,NULL,NULL,NULL,NULL,NULL,NULL,NULL,NULL,NULL,NULL,NULL,NULL,NULL,NULL,NULL,NULL,NULL,NULL,NULL,NULL,NULL,NULL,NULL,NULL,NULL,NULL,NULL,NULL,NULL,0.48000,0.80000,NULL,NULL,NULL,NULL,NULL,NULL,NULL,NULL,NULL,NULL,NULL,NULL,NULL,NULL,NULL,NULL,NULL,NULL,NULL,1),('1182/Non Cadre','Ports de plaisance',1182,'NC',0.80000,0.80000,0.80000,NULL,NULL,'CONTINUE',30,0,0,2.00000,2.00000,NULL,NULL,NULL,NULL,NULL,1.00000,NULL,NULL,NULL,NULL,NULL,NULL,NULL,NULL,NULL,NULL,NULL,NULL,NULL,NULL,NULL,NULL,NULL,NULL,NULL,NULL,NULL,NULL,NULL,NULL,NULL,NULL,NULL,NULL,NULL,NULL,NULL,NULL,0.48000,0.80000,NULL,NULL,NULL,NULL,NULL,NULL,NULL,NULL,NULL,NULL,NULL,NULL,NULL,NULL,NULL,NULL,NULL,NULL,NULL,1),('1182/Ensemble','Ports de plaisance',1182,'EPSTD',0.80000,0.80000,0.80000,NULL,NULL,'CONTINUE',30,0,0,2.00000,2.00000,NULL,NULL,NULL,NULL,NULL,1.00000,NULL,NULL,NULL,NULL,NULL,NULL,NULL,NULL,NULL,NULL,NULL,NULL,NULL,NULL,NULL,NULL,NULL,NULL,NULL,NULL,NULL,NULL,NULL,NULL,NULL,NULL,NULL,NULL,NULL,NULL,NULL,NULL,0.48000,0.80000,NULL,NULL,NULL,NULL,NULL,NULL,NULL,NULL,NULL,NULL,NULL,NULL,NULL,NULL,NULL,NULL,NULL,NULL,NULL,1),('1194/Cadre','Édition de musique employés',1194,'C',NULL,NULL,NULL,NULL,NULL,NULL,NULL,NULL,NULL,NULL,NULL,NULL,NULL,NULL,NULL,NULL,NULL,NULL,NULL,NULL,NULL,NULL,NULL,NULL,NULL,NULL,NULL,NULL,NULL,NULL,NULL,NULL,NULL,NULL,NULL,NULL,NULL,NULL,NULL,NULL,NULL,NULL,NULL,NULL,NULL,NULL,NULL,NULL,NULL,NULL,NULL,NULL,NULL,NULL,NULL,NULL,NULL,NULL,NULL,1,NULL,NULL,NULL,NULL,NULL,NULL,NULL,NULL,NULL,NULL,0),('1194/Non Cadre','Édition de musique employés',1194,'NC',NULL,NULL,NULL,NULL,NULL,NULL,NULL,NULL,NULL,NULL,NULL,NULL,NULL,NULL,NULL,NULL,NULL,NULL,NULL,NULL,NULL,NULL,NULL,NULL,NULL,NULL,NULL,NULL,NULL,NULL,NULL,NULL,NULL,NULL,NULL,NULL,NULL,NULL,NULL,NULL,NULL,NULL,NULL,NULL,NULL,NULL,NULL,NULL,NULL,NULL,NULL,NULL,NULL,NULL,NULL,NULL,NULL,NULL,NULL,NULL,NULL,NULL,NULL,NULL,NULL,NULL,NULL,NULL,NULL,NULL,0),('1194/Ensemble','Édition de musique employés',1194,'EPSTD',NULL,NULL,NULL,NULL,NULL,NULL,NULL,NULL,NULL,NULL,NULL,NULL,NULL,NULL,NULL,NULL,NULL,NULL,NULL,NULL,NULL,NULL,NULL,NULL,NULL,NULL,NULL,NULL,NULL,NULL,NULL,NULL,NULL,NULL,NULL,NULL,NULL,NULL,NULL,NULL,NULL,NULL,NULL,NULL,NULL,NULL,NULL,NULL,NULL,NULL,NULL,NULL,NULL,NULL,NULL,NULL,NULL,NULL,NULL,NULL,NULL,NULL,NULL,NULL,NULL,NULL,NULL,NULL,NULL,NULL,0),('1240/Cadre','Commerces de détail non alimentaires : Ain',1240,'C',NULL,NULL,NULL,NULL,NULL,NULL,NULL,NULL,NULL,NULL,NULL,NULL,NULL,NULL,NULL,NULL,NULL,NULL,NULL,NULL,NULL,NULL,NULL,NULL,NULL,NULL,NULL,NULL,NULL,NULL,NULL,NULL,NULL,NULL,NULL,NULL,NULL,NULL,NULL,NULL,NULL,NULL,NULL,NULL,NULL,NULL,NULL,NULL,NULL,NULL,NULL,NULL,NULL,NULL,NULL,NULL,NULL,NULL,NULL,1,NULL,NULL,NULL,NULL,NULL,NULL,NULL,NULL,NULL,NULL,0),('1240/Non Cadre','Commerces de détail non alimentaires : Ain',1240,'NC',NULL,NULL,NULL,NULL,NULL,NULL,NULL,NULL,NULL,NULL,NULL,NULL,NULL,NULL,NULL,NULL,NULL,NULL,NULL,NULL,NULL,NULL,NULL,NULL,NULL,NULL,NULL,NULL,NULL,NULL,NULL,NULL,NULL,NULL,NULL,NULL,NULL,NULL,NULL,NULL,NULL,NULL,NULL,NULL,NULL,NULL,NULL,NULL,NULL,NULL,NULL,NULL,NULL,NULL,NULL,NULL,NULL,NULL,NULL,NULL,NULL,NULL,NULL,NULL,NULL,NULL,NULL,NULL,NULL,NULL,0),('1240/Ensemble','Commerces de détail non alimentaires : Ain',1240,'EPSTD',NULL,NULL,NULL,NULL,NULL,NULL,NULL,NULL,NULL,NULL,NULL,NULL,NULL,NULL,NULL,NULL,NULL,NULL,NULL,NULL,NULL,NULL,NULL,NULL,NULL,NULL,NULL,NULL,NULL,NULL,NULL,NULL,NULL,NULL,NULL,NULL,NULL,NULL,NULL,NULL,NULL,NULL,NULL,NULL,NULL,NULL,NULL,NULL,NULL,NULL,NULL,NULL,NULL,NULL,NULL,NULL,NULL,NULL,NULL,NULL,NULL,NULL,NULL,NULL,NULL,NULL,NULL,NULL,NULL,NULL,0),('1276/Cadre','Commerces de détail non alimentaires : Finistère',1276,'C',NULL,NULL,NULL,NULL,NULL,NULL,NULL,NULL,NULL,NULL,NULL,NULL,NULL,NULL,NULL,NULL,NULL,NULL,NULL,NULL,NULL,NULL,NULL,NULL,NULL,NULL,NULL,NULL,NULL,NULL,NULL,NULL,NULL,NULL,NULL,NULL,NULL,NULL,NULL,NULL,NULL,NULL,NULL,NULL,NULL,NULL,NULL,NULL,NULL,NULL,NULL,NULL,NULL,NULL,NULL,NULL,NULL,NULL,NULL,1,NULL,NULL,NULL,NULL,NULL,NULL,NULL,NULL,NULL,NULL,0),('1276/Non Cadre','Commerces de détail non alimentaires : Finistère',1276,'NC',NULL,NULL,NULL,NULL,NULL,NULL,NULL,NULL,NULL,NULL,NULL,NULL,NULL,NULL,NULL,NULL,NULL,NULL,NULL,NULL,NULL,NULL,NULL,NULL,NULL,NULL,NULL,NULL,NULL,NULL,NULL,NULL,NULL,NULL,NULL,NULL,NULL,NULL,NULL,NULL,NULL,NULL,NULL,NULL,NULL,NULL,NULL,NULL,NULL,NULL,NULL,NULL,NULL,NULL,NULL,NULL,NULL,NULL,NULL,NULL,NULL,NULL,NULL,NULL,NULL,NULL,NULL,NULL,NULL,NULL,0),('1276/Ensemble','Commerces de détail non alimentaires : Finistère',1276,'EPSTD',NULL,NULL,NULL,NULL,NULL,NULL,NULL,NULL,NULL,NULL,NULL,NULL,NULL,NULL,NULL,NULL,NULL,NULL,NULL,NULL,NULL,NULL,NULL,NULL,NULL,NULL,NULL,NULL,NULL,NULL,NULL,NULL,NULL,NULL,NULL,NULL,NULL,NULL,NULL,NULL,NULL,NULL,NULL,NULL,NULL,NULL,NULL,NULL,NULL,NULL,NULL,NULL,NULL,NULL,NULL,NULL,NULL,NULL,NULL,NULL,NULL,NULL,NULL,NULL,NULL,NULL,NULL,NULL,NULL,NULL,0),('1285/Cadre','Entreprises artistiques et culturelles',1285,'C',0.90000,0.90000,0.90000,NULL,NULL,'CONTINUE',90,0,NULL,3.50000,3.50000,1.00000,NULL,NULL,NULL,NULL,1.00000,NULL,1.00000,1.00000,NULL,NULL,NULL,NULL,NULL,NULL,NULL,NULL,NULL,NULL,NULL,NULL,NULL,NULL,NULL,NULL,NULL,NULL,NULL,NULL,NULL,NULL,NULL,NULL,NULL,NULL,NULL,NULL,NULL,0.52500,0.80000,NULL,NULL,0.80000,0.52500,'FIXE',NULL,NULL,'Non défini',NULL,NULL,NULL,NULL,NULL,NULL,NULL,NULL,NULL,NULL,NULL,1),('1285/Non Cadre','Entreprises artistiques et culturelles',1285,'NC',0.80000,0.80000,0.00000,NULL,NULL,'CONTINUE',90,0,NULL,3.50000,3.50000,1.00000,NULL,NULL,NULL,NULL,1.00000,NULL,1.00000,1.00000,NULL,NULL,NULL,NULL,NULL,NULL,NULL,NULL,NULL,NULL,NULL,NULL,NULL,NULL,NULL,NULL,NULL,NULL,NULL,NULL,NULL,NULL,NULL,NULL,NULL,NULL,NULL,NULL,NULL,0.52500,0.80000,NULL,NULL,0.80000,0.52500,'FIXE',NULL,NULL,'Non défini',NULL,NULL,NULL,NULL,NULL,NULL,NULL,NULL,NULL,NULL,NULL,1),('1285/Ensemble','Entreprises artistiques et culturelles',1285,'EPSTD',0.90000,0.90000,0.90000,NULL,NULL,'CONTINUE',90,0,NULL,3.50000,3.50000,1.00000,NULL,NULL,NULL,NULL,1.00000,NULL,1.00000,1.00000,NULL,NULL,NULL,NULL,NULL,NULL,NULL,NULL,NULL,NULL,NULL,NULL,NULL,NULL,NULL,NULL,NULL,NULL,NULL,NULL,NULL,NULL,NULL,NULL,NULL,NULL,NULL,NULL,NULL,0.52500,0.80000,NULL,NULL,0.80000,0.52500,'FIXE',NULL,NULL,NULL,NULL,NULL,NULL,NULL,NULL,NULL,NULL,NULL,NULL,NULL,NULL,1),('1298/Cadre','Commerces de détail alimentaires et non alimentaires : Cambrai',1298,'C',NULL,NULL,NULL,NULL,NULL,NULL,NULL,NULL,NULL,NULL,NULL,NULL,NULL,NULL,NULL,NULL,NULL,NULL,NULL,NULL,NULL,NULL,NULL,NULL,NULL,NULL,NULL,NULL,NULL,NULL,NULL,NULL,NULL,NULL,NULL,NULL,NULL,NULL,NULL,NULL,NULL,NULL,NULL,NULL,NULL,NULL,NULL,NULL,NULL,NULL,NULL,NULL,NULL,NULL,NULL,NULL,NULL,NULL,NULL,1,NULL,NULL,NULL,NULL,NULL,NULL,NULL,NULL,NULL,NULL,0),('1298/Non Cadre','Commerces de détail alimentaires et non alimentaires : Cambrai',1298,'NC',NULL,NULL,NULL,NULL,NULL,NULL,NULL,NULL,NULL,NULL,NULL,NULL,NULL,NULL,NULL,NULL,NULL,NULL,NULL,NULL,NULL,NULL,NULL,NULL,NULL,NULL,NULL,NULL,NULL,NULL,NULL,NULL,NULL,NULL,NULL,NULL,NULL,NULL,NULL,NULL,NULL,NULL,NULL,NULL,NULL,NULL,NULL,NULL,NULL,NULL,NULL,NULL,NULL,NULL,NULL,NULL,NULL,NULL,NULL,NULL,NULL,NULL,NULL,NULL,NULL,NULL,NULL,NULL,NULL,NULL,0),('1298/Ensemble','Commerces de détail alimentaires et non alimentaires : Cambrai',1298,'EPSTD',NULL,NULL,NULL,NULL,NULL,NULL,NULL,NULL,NULL,NULL,NULL,NULL,NULL,NULL,NULL,NULL,NULL,NULL,NULL,NULL,NULL,NULL,NULL,NULL,NULL,NULL,NULL,NULL,NULL,NULL,NULL,NULL,NULL,NULL,NULL,NULL,NULL,NULL,NULL,NULL,NULL,NULL,NULL,NULL,NULL,NULL,NULL,NULL,NULL,NULL,NULL,NULL,NULL,NULL,NULL,NULL,NULL,NULL,NULL,NULL,NULL,NULL,NULL,NULL,NULL,NULL,NULL,NULL,NULL,NULL,0),('1307/Cadre','Exploitations Cinématographique',1307,'C',NULL,NULL,NULL,NULL,NULL,NULL,NULL,NULL,NULL,NULL,NULL,NULL,NULL,NULL,NULL,NULL,NULL,NULL,NULL,NULL,NULL,NULL,NULL,NULL,NULL,NULL,NULL,NULL,NULL,NULL,NULL,NULL,NULL,NULL,NULL,NULL,NULL,NULL,NULL,NULL,NULL,NULL,NULL,NULL,NULL,NULL,NULL,NULL,NULL,NULL,NULL,NULL,NULL,NULL,NULL,NULL,NULL,NULL,'Non défini',1,NULL,NULL,NULL,NULL,NULL,NULL,NULL,NULL,NULL,NULL,1),('1307/Non Cadre','Exploitations Cinématographique',1307,'NC',0.75000,0.75000,0.00000,NULL,NULL,'CONTINUE',60,0,1,1.80000,2.80000,0.60000,NULL,NULL,NULL,NULL,1.00000,NULL,1.00000,NULL,NULL,NULL,NULL,NULL,NULL,NULL,NULL,NULL,NULL,NULL,NULL,NULL,NULL,NULL,NULL,NULL,NULL,NULL,NULL,NULL,NULL,NULL,NULL,NULL,NULL,NULL,NULL,NULL,NULL,NULL,0.75000,NULL,NULL,NULL,NULL,NULL,NULL,NULL,'Non défini',NULL,NULL,NULL,NULL,NULL,NULL,NULL,NULL,NULL,NULL,NULL,1),('1307/Ensemble','Exploitations Cinématographique',1307,'EPSTD',0.75000,0.75000,0.75000,NULL,NULL,'CONTINUE',60,0,1,1.80000,2.80000,0.60000,NULL,NULL,NULL,NULL,1.00000,NULL,1.00000,NULL,NULL,NULL,NULL,NULL,NULL,NULL,NULL,NULL,NULL,NULL,NULL,NULL,NULL,NULL,NULL,NULL,NULL,NULL,NULL,NULL,NULL,NULL,NULL,NULL,NULL,NULL,NULL,NULL,NULL,NULL,0.75000,NULL,NULL,NULL,NULL,NULL,NULL,NULL,NULL,NULL,NULL,NULL,NULL,NULL,NULL,NULL,NULL,NULL,NULL,NULL,1),('1311/Cadre','Restauration ferroviaire',1311,'C',NULL,NULL,NULL,NULL,NULL,NULL,NULL,NULL,NULL,NULL,NULL,NULL,NULL,NULL,NULL,NULL,NULL,NULL,NULL,NULL,NULL,NULL,NULL,NULL,NULL,NULL,NULL,NULL,NULL,NULL,NULL,NULL,NULL,NULL,NULL,NULL,NULL,NULL,NULL,NULL,NULL,NULL,NULL,NULL,NULL,NULL,NULL,NULL,NULL,NULL,NULL,NULL,NULL,NULL,NULL,NULL,NULL,NULL,NULL,1,NULL,NULL,NULL,NULL,NULL,NULL,NULL,NULL,NULL,NULL,0),('1311/Non Cadre','Restauration ferroviaire',1311,'NC',NULL,NULL,NULL,NULL,NULL,NULL,NULL,NULL,NULL,NULL,NULL,NULL,NULL,NULL,NULL,NULL,NULL,NULL,NULL,NULL,NULL,NULL,NULL,NULL,NULL,NULL,NULL,NULL,NULL,NULL,NULL,NULL,NULL,NULL,NULL,NULL,NULL,NULL,NULL,NULL,NULL,NULL,NULL,NULL,NULL,NULL,NULL,NULL,NULL,NULL,NULL,NULL,NULL,NULL,NULL,NULL,NULL,NULL,NULL,NULL,NULL,NULL,NULL,NULL,NULL,NULL,NULL,NULL,NULL,NULL,0),('1311/Ensemble','Restauration ferroviaire',1311,'EPSTD',NULL,NULL,NULL,NULL,NULL,NULL,NULL,NULL,NULL,NULL,NULL,NULL,NULL,NULL,NULL,NULL,NULL,NULL,NULL,NULL,NULL,NULL,NULL,NULL,NULL,NULL,NULL,NULL,NULL,NULL,NULL,NULL,NULL,NULL,NULL,NULL,NULL,NULL,NULL,NULL,NULL,NULL,NULL,NULL,NULL,NULL,NULL,NULL,NULL,NULL,NULL,NULL,NULL,NULL,NULL,NULL,NULL,NULL,NULL,NULL,NULL,NULL,NULL,NULL,NULL,NULL,NULL,NULL,NULL,NULL,0),('1325/Cadre','Coopératives de consommation : gérants non salariés',1325,'C',NULL,NULL,NULL,NULL,NULL,NULL,NULL,NULL,NULL,NULL,NULL,NULL,NULL,NULL,NULL,NULL,NULL,NULL,NULL,NULL,NULL,NULL,NULL,NULL,NULL,NULL,NULL,NULL,NULL,NULL,NULL,NULL,NULL,NULL,NULL,NULL,NULL,NULL,NULL,NULL,NULL,NULL,NULL,NULL,NULL,NULL,NULL,NULL,NULL,NULL,NULL,NULL,NULL,NULL,NULL,NULL,NULL,NULL,NULL,1,NULL,NULL,NULL,NULL,NULL,NULL,NULL,NULL,NULL,NULL,0),('1325/Non Cadre','Coopératives de consommation : gérants non salariés',1325,'NC',NULL,NULL,NULL,NULL,NULL,NULL,NULL,NULL,NULL,NULL,NULL,NULL,NULL,NULL,NULL,NULL,NULL,NULL,NULL,NULL,NULL,NULL,NULL,NULL,NULL,NULL,NULL,NULL,NULL,NULL,NULL,NULL,NULL,NULL,NULL,NULL,NULL,NULL,NULL,NULL,NULL,NULL,NULL,NULL,NULL,NULL,NULL,NULL,NULL,NULL,NULL,NULL,NULL,NULL,NULL,NULL,NULL,NULL,NULL,NULL,NULL,NULL,NULL,NULL,NULL,NULL,NULL,NULL,NULL,NULL,0),('1325/Ensemble','Coopératives de consommation : gérants non salariés',1325,'EPSTD',NULL,NULL,NULL,NULL,NULL,NULL,NULL,NULL,NULL,NULL,NULL,NULL,NULL,NULL,NULL,NULL,NULL,NULL,NULL,NULL,NULL,NULL,NULL,NULL,NULL,NULL,NULL,NULL,NULL,NULL,NULL,NULL,NULL,NULL,NULL,NULL,NULL,NULL,NULL,NULL,NULL,NULL,NULL,NULL,NULL,NULL,NULL,NULL,NULL,NULL,NULL,NULL,NULL,NULL,NULL,NULL,NULL,NULL,NULL,NULL,NULL,NULL,NULL,NULL,NULL,NULL,NULL,NULL,NULL,NULL,0),('1334/Cadre','Enseignement psychologues',1334,'C',NULL,NULL,NULL,NULL,NULL,NULL,NULL,NULL,NULL,NULL,NULL,NULL,NULL,NULL,NULL,NULL,NULL,NULL,NULL,NULL,NULL,NULL,NULL,NULL,NULL,NULL,NULL,NULL,NULL,NULL,NULL,NULL,NULL,NULL,NULL,NULL,NULL,NULL,NULL,NULL,NULL,NULL,NULL,NULL,NULL,NULL,NULL,NULL,NULL,NULL,NULL,NULL,NULL,NULL,NULL,NULL,NULL,NULL,NULL,1,NULL,NULL,NULL,NULL,NULL,NULL,NULL,NULL,NULL,NULL,0),('1334/Non Cadre','Enseignement psychologues',1334,'NC',NULL,NULL,NULL,NULL,NULL,NULL,NULL,NULL,NULL,NULL,NULL,NULL,NULL,NULL,NULL,NULL,NULL,NULL,NULL,NULL,NULL,NULL,NULL,NULL,NULL,NULL,NULL,NULL,NULL,NULL,NULL,NULL,NULL,NULL,NULL,NULL,NULL,NULL,NULL,NULL,NULL,NULL,NULL,NULL,NULL,NULL,NULL,NULL,NULL,NULL,NULL,NULL,NULL,NULL,NULL,NULL,NULL,NULL,NULL,NULL,NULL,NULL,NULL,NULL,NULL,NULL,NULL,NULL,NULL,NULL,0),('1334/Ensemble','Enseignement psychologues',1334,'EPSTD',NULL,NULL,NULL,NULL,NULL,NULL,NULL,NULL,NULL,NULL,NULL,NULL,NULL,NULL,NULL,NULL,NULL,NULL,NULL,NULL,NULL,NULL,NULL,NULL,NULL,NULL,NULL,NULL,NULL,NULL,NULL,NULL,NULL,NULL,NULL,NULL,NULL,NULL,NULL,NULL,NULL,NULL,NULL,NULL,NULL,NULL,NULL,NULL,NULL,NULL,NULL,NULL,NULL,NULL,NULL,NULL,NULL,NULL,NULL,NULL,NULL,NULL,NULL,NULL,NULL,NULL,NULL,NULL,NULL,NULL,0),('1343/Cadre','Commerces de détail non alimentaires : Morbihan',1343,'C',NULL,NULL,NULL,NULL,NULL,NULL,NULL,NULL,NULL,NULL,NULL,NULL,NULL,NULL,NULL,NULL,NULL,NULL,NULL,NULL,NULL,NULL,NULL,NULL,NULL,NULL,NULL,NULL,NULL,NULL,NULL,NULL,NULL,NULL,NULL,NULL,NULL,NULL,NULL,NULL,NULL,NULL,NULL,NULL,NULL,NULL,NULL,NULL,NULL,NULL,NULL,NULL,NULL,NULL,NULL,NULL,NULL,NULL,NULL,1,NULL,NULL,NULL,NULL,NULL,NULL,NULL,NULL,NULL,NULL,0),('1343/Non Cadre','Commerces de détail non alimentaires : Morbihan',1343,'NC',NULL,NULL,NULL,NULL,NULL,NULL,NULL,NULL,NULL,NULL,NULL,NULL,NULL,NULL,NULL,NULL,NULL,NULL,NULL,NULL,NULL,NULL,NULL,NULL,NULL,NULL,NULL,NULL,NULL,NULL,NULL,NULL,NULL,NULL,NULL,NULL,NULL,NULL,NULL,NULL,NULL,NULL,NULL,NULL,NULL,NULL,NULL,NULL,NULL,NULL,NULL,NULL,NULL,NULL,NULL,NULL,NULL,NULL,NULL,NULL,NULL,NULL,NULL,NULL,NULL,NULL,NULL,NULL,NULL,NULL,0),('1343/Ensemble','Commerces de détail non alimentaires : Morbihan',1343,'EPSTD',NULL,NULL,NULL,NULL,NULL,NULL,NULL,NULL,NULL,NULL,NULL,NULL,NULL,NULL,NULL,NULL,NULL,NULL,NULL,NULL,NULL,NULL,NULL,NULL,NULL,NULL,NULL,NULL,NULL,NULL,NULL,NULL,NULL,NULL,NULL,NULL,NULL,NULL,NULL,NULL,NULL,NULL,NULL,NULL,NULL,NULL,NULL,NULL,NULL,NULL,NULL,NULL,NULL,NULL,NULL,NULL,NULL,NULL,NULL,NULL,NULL,NULL,NULL,NULL,NULL,NULL,NULL,NULL,NULL,NULL,0),('1365/Cadre','Métallurgie Meurthe et Moselle',1365,'C',NULL,NULL,NULL,NULL,NULL,NULL,NULL,NULL,NULL,NULL,NULL,NULL,NULL,NULL,NULL,NULL,NULL,NULL,NULL,NULL,NULL,NULL,NULL,NULL,NULL,NULL,NULL,NULL,NULL,NULL,NULL,NULL,NULL,NULL,NULL,NULL,NULL,NULL,NULL,NULL,NULL,NULL,NULL,NULL,NULL,NULL,NULL,NULL,NULL,NULL,NULL,NULL,NULL,NULL,NULL,NULL,NULL,NULL,NULL,1,NULL,NULL,NULL,NULL,NULL,NULL,NULL,NULL,NULL,NULL,0),('1365/Non Cadre','Métallurgie Meurthe et Moselle',1365,'NC',NULL,NULL,NULL,NULL,NULL,NULL,NULL,NULL,NULL,NULL,NULL,NULL,NULL,NULL,NULL,NULL,NULL,NULL,NULL,NULL,NULL,NULL,NULL,NULL,NULL,NULL,NULL,NULL,NULL,NULL,NULL,NULL,NULL,NULL,NULL,NULL,NULL,NULL,NULL,NULL,NULL,NULL,NULL,NULL,NULL,NULL,NULL,NULL,NULL,NULL,NULL,NULL,NULL,NULL,NULL,NULL,NULL,NULL,NULL,NULL,NULL,NULL,NULL,NULL,NULL,NULL,NULL,NULL,NULL,NULL,0),('1365/Ensemble','Métallurgie Meurthe et Moselle',1365,'EPSTD',NULL,NULL,NULL,NULL,NULL,NULL,NULL,NULL,NULL,NULL,NULL,NULL,NULL,NULL,NULL,NULL,NULL,NULL,NULL,NULL,NULL,NULL,NULL,NULL,NULL,NULL,NULL,NULL,NULL,NULL,NULL,NULL,NULL,NULL,NULL,NULL,NULL,NULL,NULL,NULL,NULL,NULL,NULL,NULL,NULL,NULL,NULL,NULL,NULL,NULL,NULL,NULL,NULL,NULL,NULL,NULL,NULL,NULL,NULL,NULL,NULL,NULL,NULL,NULL,NULL,NULL,NULL,NULL,NULL,NULL,0),('1369/Cadre','Métallurgie Loire Atlantique',1369,'C',NULL,NULL,NULL,NULL,NULL,NULL,NULL,NULL,NULL,NULL,NULL,NULL,NULL,NULL,NULL,NULL,NULL,NULL,NULL,NULL,NULL,NULL,NULL,NULL,NULL,NULL,NULL,NULL,NULL,NULL,NULL,NULL,NULL,NULL,NULL,NULL,NULL,NULL,NULL,NULL,NULL,NULL,NULL,NULL,NULL,NULL,NULL,NULL,NULL,NULL,NULL,NULL,NULL,NULL,NULL,NULL,NULL,NULL,NULL,1,NULL,NULL,NULL,NULL,NULL,NULL,NULL,NULL,NULL,NULL,0),('1369/Non Cadre','Métallurgie Loire Atlantique',1369,'NC',NULL,NULL,NULL,NULL,NULL,NULL,NULL,NULL,NULL,NULL,NULL,NULL,NULL,NULL,NULL,NULL,NULL,NULL,NULL,NULL,NULL,NULL,NULL,NULL,NULL,NULL,NULL,NULL,NULL,NULL,NULL,NULL,NULL,NULL,NULL,NULL,NULL,NULL,NULL,NULL,NULL,NULL,NULL,NULL,NULL,NULL,NULL,NULL,NULL,NULL,NULL,NULL,NULL,NULL,NULL,NULL,NULL,NULL,NULL,NULL,NULL,NULL,NULL,NULL,NULL,NULL,NULL,NULL,NULL,NULL,0),('1369/Ensemble','Métallurgie Loire Atlantique',1369,'EPSTD',NULL,NULL,NULL,NULL,NULL,NULL,NULL,NULL,NULL,NULL,NULL,NULL,NULL,NULL,NULL,NULL,NULL,NULL,NULL,NULL,NULL,NULL,NULL,NULL,NULL,NULL,NULL,NULL,NULL,NULL,NULL,NULL,NULL,NULL,NULL,NULL,NULL,NULL,NULL,NULL,NULL,NULL,NULL,NULL,NULL,NULL,NULL,NULL,NULL,NULL,NULL,NULL,NULL,NULL,NULL,NULL,NULL,NULL,NULL,NULL,NULL,NULL,NULL,NULL,NULL,NULL,NULL,NULL,NULL,NULL,0),('1385/Cadre','Commerces de détail non alimentaires : Ardennes',1385,'C',NULL,NULL,NULL,NULL,NULL,NULL,NULL,NULL,NULL,NULL,NULL,NULL,NULL,NULL,NULL,NULL,NULL,NULL,NULL,NULL,NULL,NULL,NULL,NULL,NULL,NULL,NULL,NULL,NULL,NULL,NULL,NULL,NULL,NULL,NULL,NULL,NULL,NULL,NULL,NULL,NULL,NULL,NULL,NULL,NULL,NULL,NULL,NULL,NULL,NULL,NULL,NULL,NULL,NULL,NULL,NULL,NULL,NULL,NULL,1,NULL,NULL,NULL,NULL,NULL,NULL,NULL,NULL,NULL,NULL,0),('1385/Non Cadre','Commerces de détail non alimentaires : Ardennes',1385,'NC',NULL,NULL,NULL,NULL,NULL,NULL,NULL,NULL,NULL,NULL,NULL,NULL,NULL,NULL,NULL,NULL,NULL,NULL,NULL,NULL,NULL,NULL,NULL,NULL,NULL,NULL,NULL,NULL,NULL,NULL,NULL,NULL,NULL,NULL,NULL,NULL,NULL,NULL,NULL,NULL,NULL,NULL,NULL,NULL,NULL,NULL,NULL,NULL,NULL,NULL,NULL,NULL,NULL,NULL,NULL,NULL,NULL,NULL,NULL,NULL,NULL,NULL,NULL,NULL,NULL,NULL,NULL,NULL,NULL,NULL,0),('1385/Ensemble','Commerces de détail non alimentaires : Ardennes',1385,'EPSTD',NULL,NULL,NULL,NULL,NULL,NULL,NULL,NULL,NULL,NULL,NULL,NULL,NULL,NULL,NULL,NULL,NULL,NULL,NULL,NULL,NULL,NULL,NULL,NULL,NULL,NULL,NULL,NULL,NULL,NULL,NULL,NULL,NULL,NULL,NULL,NULL,NULL,NULL,NULL,NULL,NULL,NULL,NULL,NULL,NULL,NULL,NULL,NULL,NULL,NULL,NULL,NULL,NULL,NULL,NULL,NULL,NULL,NULL,NULL,NULL,NULL,NULL,NULL,NULL,NULL,NULL,NULL,NULL,NULL,NULL,0),('1388/Cadre','Industrie du pétrole',1388,'C',0.50000,0.50000,0.50000,NULL,NULL,'CONTINUE',180,0,0,2.00000,2.00000,0.00000,NULL,NULL,NULL,NULL,NULL,NULL,NULL,NULL,NULL,NULL,NULL,NULL,NULL,NULL,NULL,NULL,NULL,NULL,NULL,NULL,NULL,NULL,NULL,NULL,NULL,NULL,17,NULL,NULL,0.00100,NULL,NULL,NULL,NULL,NULL,NULL,NULL,0.45000,0.70000,NULL,NULL,0.70000,0.45000,'FIXE',NULL,NULL,NULL,NULL,NULL,NULL,NULL,NULL,NULL,NULL,NULL,NULL,NULL,NULL,1),('1388/Non Cadre','Industrie du pétrole',1388,'NC',0.50000,0.50000,NULL,NULL,NULL,'CONTINUE',180,0,0,2.00000,2.00000,0.00000,NULL,NULL,NULL,NULL,NULL,NULL,NULL,NULL,NULL,NULL,NULL,NULL,NULL,NULL,NULL,NULL,NULL,NULL,NULL,NULL,NULL,NULL,NULL,NULL,NULL,NULL,17,NULL,NULL,0.00100,NULL,NULL,NULL,NULL,NULL,NULL,NULL,0.45000,0.70000,NULL,NULL,0.70000,0.45000,'FIXE',NULL,NULL,NULL,NULL,NULL,NULL,NULL,NULL,NULL,NULL,NULL,NULL,NULL,NULL,1),('1388/Ensemble','Industrie du pétrole',1388,'EPSTD',0.50000,0.50000,0.50000,NULL,NULL,'CONTINUE',180,0,0,2.00000,2.00000,0.00000,NULL,NULL,NULL,NULL,NULL,NULL,NULL,NULL,NULL,NULL,NULL,NULL,NULL,NULL,NULL,NULL,NULL,NULL,NULL,NULL,NULL,NULL,NULL,NULL,NULL,NULL,17,NULL,NULL,0.00100,NULL,NULL,NULL,NULL,NULL,NULL,NULL,0.45000,0.70000,NULL,NULL,0.70000,0.45000,'FIXE',NULL,NULL,NULL,NULL,NULL,NULL,NULL,NULL,NULL,NULL,NULL,NULL,NULL,NULL,1),('1394/Cadre','Commerces de détail non alimentaires : Tarn',1394,'C',NULL,NULL,NULL,NULL,NULL,NULL,NULL,NULL,NULL,NULL,NULL,NULL,NULL,NULL,NULL,NULL,NULL,NULL,NULL,NULL,NULL,NULL,NULL,NULL,NULL,NULL,NULL,NULL,NULL,NULL,NULL,NULL,NULL,NULL,NULL,NULL,NULL,NULL,NULL,NULL,NULL,NULL,NULL,NULL,NULL,NULL,NULL,NULL,NULL,NULL,NULL,NULL,NULL,NULL,NULL,NULL,NULL,NULL,NULL,1,NULL,NULL,NULL,NULL,NULL,NULL,NULL,NULL,NULL,NULL,0),('1394/Non Cadre','Commerces de détail non alimentaires : Tarn',1394,'NC',NULL,NULL,NULL,NULL,NULL,NULL,NULL,NULL,NULL,NULL,NULL,NULL,NULL,NULL,NULL,NULL,NULL,NULL,NULL,NULL,NULL,NULL,NULL,NULL,NULL,NULL,NULL,NULL,NULL,NULL,NULL,NULL,NULL,NULL,NULL,NULL,NULL,NULL,NULL,NULL,NULL,NULL,NULL,NULL,NULL,NULL,NULL,NULL,NULL,NULL,NULL,NULL,NULL,NULL,NULL,NULL,NULL,NULL,NULL,NULL,NULL,NULL,NULL,NULL,NULL,NULL,NULL,NULL,NULL,NULL,0),('1394/Ensemble','Commerces de détail non alimentaires : Tarn',1394,'EPSTD',NULL,NULL,NULL,NULL,NULL,NULL,NULL,NULL,NULL,NULL,NULL,NULL,NULL,NULL,NULL,NULL,NULL,NULL,NULL,NULL,NULL,NULL,NULL,NULL,NULL,NULL,NULL,NULL,NULL,NULL,NULL,NULL,NULL,NULL,NULL,NULL,NULL,NULL,NULL,NULL,NULL,NULL,NULL,NULL,NULL,NULL,NULL,NULL,NULL,NULL,NULL,NULL,NULL,NULL,NULL,NULL,NULL,NULL,NULL,NULL,NULL,NULL,NULL,NULL,NULL,NULL,NULL,NULL,NULL,NULL,0),('1406/Cadre','Commerces de détail non alimentaires : Gironde',1406,'C',NULL,NULL,NULL,NULL,NULL,NULL,NULL,NULL,NULL,NULL,NULL,NULL,NULL,NULL,NULL,NULL,NULL,NULL,NULL,NULL,NULL,NULL,NULL,NULL,NULL,NULL,NULL,NULL,NULL,NULL,NULL,NULL,NULL,NULL,NULL,NULL,NULL,NULL,NULL,NULL,NULL,NULL,NULL,NULL,NULL,NULL,NULL,NULL,NULL,NULL,NULL,NULL,NULL,NULL,NULL,NULL,NULL,NULL,NULL,1,NULL,NULL,NULL,NULL,NULL,NULL,NULL,NULL,NULL,NULL,0),('1406/Non Cadre','Commerces de détail non alimentaires : Gironde',1406,'NC',NULL,NULL,NULL,NULL,NULL,NULL,NULL,NULL,NULL,NULL,NULL,NULL,NULL,NULL,NULL,NULL,NULL,NULL,NULL,NULL,NULL,NULL,NULL,NULL,NULL,NULL,NULL,NULL,NULL,NULL,NULL,NULL,NULL,NULL,NULL,NULL,NULL,NULL,NULL,NULL,NULL,NULL,NULL,NULL,NULL,NULL,NULL,NULL,NULL,NULL,NULL,NULL,NULL,NULL,NULL,NULL,NULL,NULL,NULL,NULL,NULL,NULL,NULL,NULL,NULL,NULL,NULL,NULL,NULL,NULL,0),('1406/Ensemble','Commerces de détail non alimentaires : Gironde',1406,'EPSTD',NULL,NULL,NULL,NULL,NULL,NULL,NULL,NULL,NULL,NULL,NULL,NULL,NULL,NULL,NULL,NULL,NULL,NULL,NULL,NULL,NULL,NULL,NULL,NULL,NULL,NULL,NULL,NULL,NULL,NULL,NULL,NULL,NULL,NULL,NULL,NULL,NULL,NULL,NULL,NULL,NULL,NULL,NULL,NULL,NULL,NULL,NULL,NULL,NULL,NULL,NULL,NULL,NULL,NULL,NULL,NULL,NULL,NULL,NULL,NULL,NULL,NULL,NULL,NULL,NULL,NULL,NULL,NULL,NULL,NULL,0),('1408/Cadre','Négoce combustibles solides liquides gazeux',1408,'C',NULL,NULL,NULL,NULL,NULL,NULL,NULL,NULL,NULL,NULL,NULL,NULL,NULL,NULL,NULL,NULL,NULL,NULL,NULL,NULL,NULL,NULL,NULL,NULL,NULL,NULL,NULL,NULL,NULL,NULL,NULL,NULL,NULL,NULL,NULL,NULL,NULL,NULL,NULL,NULL,NULL,NULL,NULL,NULL,NULL,NULL,NULL,NULL,NULL,NULL,NULL,NULL,NULL,NULL,NULL,NULL,NULL,NULL,NULL,1,NULL,NULL,NULL,NULL,NULL,NULL,NULL,NULL,NULL,NULL,0),('1408/Non Cadre','Négoce combustibles solides liquides gazeux',1408,'NC',NULL,NULL,NULL,NULL,NULL,NULL,NULL,NULL,NULL,NULL,NULL,NULL,NULL,NULL,NULL,NULL,NULL,NULL,NULL,NULL,NULL,NULL,NULL,NULL,NULL,NULL,NULL,NULL,NULL,NULL,NULL,NULL,NULL,NULL,NULL,NULL,NULL,NULL,NULL,NULL,NULL,NULL,NULL,NULL,NULL,NULL,NULL,NULL,NULL,NULL,NULL,NULL,NULL,NULL,NULL,NULL,NULL,NULL,NULL,NULL,NULL,NULL,NULL,NULL,NULL,NULL,NULL,NULL,NULL,NULL,0),('1408/Ensemble','Négoce combustibles solides liquides gazeux',1408,'EPSTD',NULL,NULL,NULL,NULL,NULL,NULL,NULL,NULL,NULL,NULL,NULL,NULL,NULL,NULL,NULL,NULL,NULL,NULL,NULL,NULL,NULL,NULL,NULL,NULL,NULL,NULL,NULL,NULL,NULL,NULL,NULL,NULL,NULL,NULL,NULL,NULL,NULL,NULL,NULL,NULL,NULL,NULL,NULL,NULL,NULL,NULL,NULL,NULL,NULL,NULL,NULL,NULL,NULL,NULL,NULL,NULL,NULL,NULL,NULL,NULL,NULL,NULL,NULL,NULL,NULL,NULL,NULL,NULL,NULL,NULL,0),('1413/Cadre','Travail temporaire permanents',1413,'C',NULL,NULL,NULL,NULL,NULL,NULL,NULL,NULL,NULL,NULL,NULL,NULL,NULL,NULL,NULL,NULL,NULL,NULL,NULL,NULL,NULL,NULL,NULL,NULL,NULL,NULL,NULL,NULL,NULL,NULL,NULL,NULL,NULL,NULL,NULL,NULL,NULL,NULL,NULL,NULL,NULL,NULL,NULL,NULL,NULL,NULL,NULL,NULL,NULL,NULL,NULL,NULL,NULL,NULL,NULL,NULL,NULL,NULL,NULL,1,NULL,NULL,NULL,NULL,NULL,NULL,NULL,NULL,NULL,NULL,0),('1413/Non Cadre','Travail temporaire permanents',1413,'NC',NULL,NULL,NULL,NULL,NULL,NULL,NULL,NULL,NULL,NULL,NULL,NULL,NULL,NULL,NULL,NULL,NULL,NULL,NULL,NULL,NULL,NULL,NULL,NULL,NULL,NULL,NULL,NULL,NULL,NULL,NULL,NULL,NULL,NULL,NULL,NULL,NULL,NULL,NULL,NULL,NULL,NULL,NULL,NULL,NULL,NULL,NULL,NULL,NULL,NULL,NULL,NULL,NULL,NULL,NULL,NULL,NULL,NULL,NULL,NULL,NULL,NULL,NULL,NULL,NULL,NULL,NULL,NULL,NULL,NULL,0),('1413/Ensemble','Travail temporaire permanents',1413,'EPSTD',NULL,NULL,NULL,NULL,NULL,NULL,NULL,NULL,NULL,NULL,NULL,NULL,NULL,NULL,NULL,NULL,NULL,NULL,NULL,NULL,NULL,NULL,NULL,NULL,NULL,NULL,NULL,NULL,NULL,NULL,NULL,NULL,NULL,NULL,NULL,NULL,NULL,NULL,NULL,NULL,NULL,NULL,NULL,NULL,NULL,NULL,NULL,NULL,NULL,NULL,NULL,NULL,NULL,NULL,NULL,NULL,NULL,NULL,NULL,NULL,NULL,NULL,NULL,NULL,NULL,NULL,NULL,NULL,NULL,NULL,0),('1415/Cadre','Commerces de détail non alimentaires : Loire',1415,'C',NULL,NULL,NULL,NULL,NULL,NULL,NULL,NULL,NULL,NULL,NULL,NULL,NULL,NULL,NULL,NULL,NULL,NULL,NULL,NULL,NULL,NULL,NULL,NULL,NULL,NULL,NULL,NULL,NULL,NULL,NULL,NULL,NULL,NULL,NULL,NULL,NULL,NULL,NULL,NULL,NULL,NULL,NULL,NULL,NULL,NULL,NULL,NULL,NULL,NULL,NULL,NULL,NULL,NULL,NULL,NULL,NULL,NULL,NULL,1,NULL,NULL,NULL,NULL,NULL,NULL,NULL,NULL,NULL,NULL,0),('1415/Non Cadre','Commerces de détail non alimentaires : Loire',1415,'NC',NULL,NULL,NULL,NULL,NULL,NULL,NULL,NULL,NULL,NULL,NULL,NULL,NULL,NULL,NULL,NULL,NULL,NULL,NULL,NULL,NULL,NULL,NULL,NULL,NULL,NULL,NULL,NULL,NULL,NULL,NULL,NULL,NULL,NULL,NULL,NULL,NULL,NULL,NULL,NULL,NULL,NULL,NULL,NULL,NULL,NULL,NULL,NULL,NULL,NULL,NULL,NULL,NULL,NULL,NULL,NULL,NULL,NULL,NULL,NULL,NULL,NULL,NULL,NULL,NULL,NULL,NULL,NULL,NULL,NULL,0),('1415/Ensemble','Commerces de détail non alimentaires : Loire',1415,'EPSTD',NULL,NULL,NULL,NULL,NULL,NULL,NULL,NULL,NULL,NULL,NULL,NULL,NULL,NULL,NULL,NULL,NULL,NULL,NULL,NULL,NULL,NULL,NULL,NULL,NULL,NULL,NULL,NULL,NULL,NULL,NULL,NULL,NULL,NULL,NULL,NULL,NULL,NULL,NULL,NULL,NULL,NULL,NULL,NULL,NULL,NULL,NULL,NULL,NULL,NULL,NULL,NULL,NULL,NULL,NULL,NULL,NULL,NULL,NULL,NULL,NULL,NULL,NULL,NULL,NULL,NULL,NULL,NULL,NULL,NULL,0),('1465/Cadre','Peintres en lettres, graphistes-décorateurs',1465,'C',NULL,NULL,NULL,NULL,NULL,NULL,NULL,NULL,NULL,NULL,NULL,NULL,NULL,NULL,NULL,NULL,NULL,NULL,NULL,NULL,NULL,NULL,NULL,NULL,NULL,NULL,NULL,NULL,NULL,NULL,NULL,NULL,NULL,NULL,NULL,NULL,NULL,NULL,NULL,NULL,NULL,NULL,NULL,NULL,NULL,NULL,NULL,NULL,NULL,NULL,NULL,NULL,NULL,NULL,NULL,NULL,NULL,NULL,NULL,1,NULL,NULL,NULL,NULL,NULL,NULL,NULL,NULL,NULL,NULL,0),('1465/Non Cadre','Peintres en lettres, graphistes-décorateurs',1465,'NC',NULL,NULL,NULL,NULL,NULL,NULL,NULL,NULL,NULL,NULL,NULL,NULL,NULL,NULL,NULL,NULL,NULL,NULL,NULL,NULL,NULL,NULL,NULL,NULL,NULL,NULL,NULL,NULL,NULL,NULL,NULL,NULL,NULL,NULL,NULL,NULL,NULL,NULL,NULL,NULL,NULL,NULL,NULL,NULL,NULL,NULL,NULL,NULL,NULL,NULL,NULL,NULL,NULL,NULL,NULL,NULL,NULL,NULL,NULL,NULL,NULL,NULL,NULL,NULL,NULL,NULL,NULL,NULL,NULL,NULL,0),('1465/Ensemble','Peintres en lettres, graphistes-décorateurs',1465,'EPSTD',NULL,NULL,NULL,NULL,NULL,NULL,NULL,NULL,NULL,NULL,NULL,NULL,NULL,NULL,NULL,NULL,NULL,NULL,NULL,NULL,NULL,NULL,NULL,NULL,NULL,NULL,NULL,NULL,NULL,NULL,NULL,NULL,NULL,NULL,NULL,NULL,NULL,NULL,NULL,NULL,NULL,NULL,NULL,NULL,NULL,NULL,NULL,NULL,NULL,NULL,NULL,NULL,NULL,NULL,NULL,NULL,NULL,NULL,NULL,NULL,NULL,NULL,NULL,NULL,NULL,NULL,NULL,NULL,NULL,NULL,0),('1486/Non Cadre','syntec',1486,'NC',0.80000,0.80000,0.80000,1,'Sal Brut An','CONTINUE',90,0,NULL,1.70000,1.70000,0.00000,'TA TB TC','Sal Brut An','170%','PASS',1.00000,NULL,1.00000,NULL,NULL,NULL,NULL,NULL,NULL,NULL,NULL,NULL,NULL,NULL,NULL,NULL,NULL,NULL,NULL,NULL,NULL,NULL,17,25,NULL,0.12000,0.15000,NULL,'1','PASS',1.00000,NULL,NULL,0.45000,0.80000,1,'Sal Brut An',0.80000,NULL,'FORMULE',1,'Sal Brut An',NULL,NULL,NULL,NULL,NULL,NULL,NULL,NULL,NULL,NULL,NULL,NULL,1),('1486/Cadre','syntec',1486,'C',0.80000,0.80000,0.00000,1,'Sal Brut An','CONTINUE',90,0,NULL,1.70000,1.70000,0.00000,'TA TB TC','Sal Brut An','340%','PASS',1.00000,NULL,1.00000,NULL,NULL,NULL,NULL,NULL,NULL,NULL,NULL,NULL,NULL,NULL,NULL,NULL,NULL,NULL,NULL,NULL,NULL,NULL,17,25,NULL,0.12000,0.15000,NULL,'1','2*PASS',1.00000,NULL,NULL,0.45000,0.80000,1,'Sal Brut An',0.80000,NULL,'FORMULE',1,'Sal Brut An',NULL,NULL,NULL,NULL,NULL,NULL,NULL,NULL,NULL,NULL,NULL,NULL,1),('1486/Ensemble','syntec',1486,'EPSTD',0.80000,0.80000,0.00000,1,'Sal Brut An','CONTINUE',90,0,NULL,1.70000,1.70000,0.00000,'TA TB TC','Sal Brut An','340%','PASS',1.00000,NULL,1.00000,NULL,NULL,NULL,NULL,NULL,NULL,NULL,NULL,NULL,NULL,NULL,NULL,NULL,NULL,NULL,NULL,NULL,NULL,NULL,17,25,NULL,0.12000,0.15000,NULL,'1','2*PASS',1.00000,NULL,NULL,0.45000,0.80000,1,'Sal Brut An',0.80000,NULL,'FORMULE',1,'Sal Brut An',NULL,NULL,NULL,NULL,NULL,NULL,NULL,NULL,NULL,NULL,NULL,NULL,1),('1501/Cadre','Restauration Rapide',1501,'C',0.70000,0.70000,0.70000,NULL,NULL,'DISCONTINUE',60,0,NULL,1.90000,2.40000,0.20000,NULL,NULL,'100%','SMIC',NULL,NULL,1.00000,1.00000,NULL,NULL,NULL,NULL,NULL,NULL,NULL,'LIN',NULL,NULL,NULL,0.10000,NULL,NULL,NULL,NULL,NULL,NULL,9,13,20,0.07000,0.18000,0.20000,NULL,NULL,NULL,NULL,NULL,NULL,NULL,NULL,NULL,NULL,NULL,NULL,NULL,NULL,NULL,NULL,NULL,NULL,NULL,NULL,NULL,NULL,NULL,NULL,NULL,NULL,1),('1501/Non Cadre','Restauration Rapide',1501,'NC',0.70000,0.70000,0.70000,NULL,NULL,'DISCONTINUE',60,0,NULL,1.90000,2.40000,0.20000,NULL,NULL,'100%','SMIC',NULL,NULL,1.00000,1.00000,NULL,NULL,NULL,NULL,NULL,NULL,NULL,'LIN',NULL,NULL,NULL,0.10000,NULL,NULL,NULL,NULL,NULL,NULL,9,13,20,0.07000,0.18000,0.20000,NULL,NULL,NULL,NULL,NULL,NULL,NULL,NULL,NULL,NULL,NULL,NULL,NULL,NULL,NULL,NULL,NULL,NULL,NULL,NULL,NULL,NULL,NULL,NULL,NULL,NULL,1),('1501/Ensemble','Restauration Rapide',1501,'EPSTD',0.70000,0.70000,0.70000,NULL,NULL,'DISCONTINUE',60,0,NULL,1.90000,2.40000,0.20000,NULL,NULL,'1','SMIC',NULL,NULL,1.00000,1.00000,NULL,NULL,NULL,NULL,NULL,NULL,NULL,'LIN',NULL,NULL,NULL,0.10000,NULL,NULL,NULL,NULL,NULL,NULL,9,13,20,0.07000,0.18000,0.20000,NULL,NULL,NULL,NULL,NULL,NULL,NULL,NULL,NULL,NULL,NULL,NULL,NULL,NULL,NULL,NULL,NULL,NULL,NULL,NULL,NULL,NULL,NULL,NULL,NULL,NULL,1),('1517/Cadre','Commerces de détail non alimentaire',1517,'C',NULL,NULL,NULL,NULL,NULL,NULL,NULL,NULL,NULL,NULL,NULL,NULL,NULL,NULL,NULL,NULL,NULL,NULL,NULL,NULL,NULL,NULL,NULL,NULL,NULL,NULL,NULL,NULL,NULL,NULL,NULL,NULL,NULL,NULL,NULL,NULL,NULL,NULL,NULL,NULL,NULL,NULL,NULL,NULL,NULL,NULL,NULL,NULL,NULL,NULL,NULL,NULL,NULL,NULL,NULL,NULL,NULL,NULL,NULL,1,NULL,NULL,NULL,NULL,NULL,NULL,NULL,NULL,NULL,NULL,0),('1517/Non Cadre','Commerces de détail non alimentaire',1517,'NC',NULL,NULL,NULL,NULL,NULL,NULL,NULL,NULL,NULL,NULL,NULL,NULL,NULL,NULL,NULL,NULL,NULL,NULL,NULL,NULL,NULL,NULL,NULL,NULL,NULL,NULL,NULL,NULL,NULL,NULL,NULL,NULL,NULL,NULL,NULL,NULL,NULL,NULL,NULL,NULL,NULL,NULL,NULL,NULL,NULL,NULL,NULL,NULL,NULL,NULL,NULL,NULL,NULL,NULL,NULL,NULL,NULL,NULL,NULL,NULL,NULL,NULL,NULL,NULL,NULL,NULL,NULL,NULL,NULL,NULL,0),('1517/Ensemble','Commerces de détail non alimentaire',1517,'EPSTD',NULL,NULL,NULL,NULL,NULL,NULL,NULL,NULL,NULL,NULL,NULL,NULL,NULL,NULL,NULL,NULL,NULL,NULL,NULL,NULL,NULL,NULL,NULL,NULL,NULL,NULL,NULL,NULL,NULL,NULL,NULL,NULL,NULL,NULL,NULL,NULL,NULL,NULL,NULL,NULL,NULL,NULL,NULL,NULL,NULL,NULL,NULL,NULL,NULL,NULL,NULL,NULL,NULL,NULL,NULL,NULL,NULL,NULL,NULL,NULL,NULL,NULL,NULL,NULL,NULL,NULL,NULL,NULL,NULL,NULL,0),('1525/Cadre','Métallurgie Nord Dunkerque',1525,'C',NULL,NULL,NULL,NULL,NULL,NULL,NULL,NULL,NULL,NULL,NULL,NULL,NULL,NULL,NULL,NULL,NULL,NULL,NULL,NULL,NULL,NULL,NULL,NULL,NULL,NULL,NULL,NULL,NULL,NULL,NULL,NULL,NULL,NULL,NULL,NULL,NULL,NULL,NULL,NULL,NULL,NULL,NULL,NULL,NULL,NULL,NULL,NULL,NULL,NULL,NULL,NULL,NULL,NULL,NULL,NULL,NULL,NULL,NULL,1,NULL,NULL,NULL,NULL,NULL,NULL,NULL,NULL,NULL,NULL,0),('1525/Non Cadre','Métallurgie Nord Dunkerque',1525,'NC',NULL,NULL,NULL,NULL,NULL,NULL,NULL,NULL,NULL,NULL,NULL,NULL,NULL,NULL,NULL,NULL,NULL,NULL,NULL,NULL,NULL,NULL,NULL,NULL,NULL,NULL,NULL,NULL,NULL,NULL,NULL,NULL,NULL,NULL,NULL,NULL,NULL,NULL,NULL,NULL,NULL,NULL,NULL,NULL,NULL,NULL,NULL,NULL,NULL,NULL,NULL,NULL,NULL,NULL,NULL,NULL,NULL,NULL,NULL,NULL,NULL,NULL,NULL,NULL,NULL,NULL,NULL,NULL,NULL,NULL,0),('1525/Ensemble','Métallurgie Nord Dunkerque',1525,'EPSTD',NULL,NULL,NULL,NULL,NULL,NULL,NULL,NULL,NULL,NULL,NULL,NULL,NULL,NULL,NULL,NULL,NULL,NULL,NULL,NULL,NULL,NULL,NULL,NULL,NULL,NULL,NULL,NULL,NULL,NULL,NULL,NULL,NULL,NULL,NULL,NULL,NULL,NULL,NULL,NULL,NULL,NULL,NULL,NULL,NULL,NULL,NULL,NULL,NULL,NULL,NULL,NULL,NULL,NULL,NULL,NULL,NULL,NULL,NULL,NULL,NULL,NULL,NULL,NULL,NULL,NULL,NULL,NULL,NULL,NULL,0),('1539/Cadre','Commerces de détail papeterie bureau informatique',1539,'C',0.75000,0.75000,0.75000,NULL,NULL,'CONTINUE',30,0,0,2.40000,3.20000,0.80000,NULL,NULL,NULL,NULL,NULL,NULL,1.00000,NULL,NULL,NULL,NULL,NULL,NULL,NULL,NULL,NULL,NULL,NULL,NULL,NULL,NULL,NULL,NULL,NULL,NULL,NULL,17,NULL,NULL,0.12000,NULL,NULL,NULL,NULL,NULL,NULL,NULL,0.33750,0.75000,NULL,NULL,0.75000,0.45000,'FIXE',NULL,NULL,'Salarié affilié à l\'AGIRC',NULL,NULL,NULL,NULL,NULL,NULL,NULL,NULL,NULL,NULL,NULL,1),('1539/Non Cadre','Commerces de détail papeterie bureau informatique',1539,'NC',0.77000,0.77000,NULL,NULL,NULL,'CONTINUE',30,0,0,0.75000,1.00000,0.25000,NULL,NULL,NULL,NULL,NULL,NULL,1.00000,NULL,NULL,NULL,NULL,NULL,NULL,NULL,NULL,NULL,NULL,NULL,NULL,NULL,NULL,NULL,NULL,NULL,NULL,NULL,17,NULL,NULL,0.05000,NULL,NULL,NULL,NULL,NULL,NULL,NULL,0.34650,0.77000,NULL,NULL,0.77000,0.34650,'FIXE',NULL,NULL,'Salarié non affilié à l\'AGIRC',NULL,NULL,NULL,NULL,NULL,NULL,NULL,NULL,NULL,NULL,NULL,1),('1539/Ensemble','Commerces de détail papeterie bureau informatique',1539,'EPSTD',0.77000,0.77000,0.77000,NULL,NULL,'CONTINUE',30,0,0,2.40000,3.20000,0.80000,NULL,NULL,NULL,NULL,NULL,NULL,1.00000,NULL,NULL,NULL,NULL,NULL,NULL,NULL,NULL,NULL,NULL,NULL,NULL,NULL,NULL,NULL,NULL,NULL,NULL,NULL,17,NULL,NULL,0.12000,NULL,NULL,NULL,NULL,NULL,NULL,NULL,0.34700,0.77000,NULL,NULL,0.77000,0.45000,'FIXE',NULL,NULL,NULL,NULL,NULL,NULL,NULL,NULL,NULL,NULL,NULL,NULL,NULL,NULL,1),('1543/Cadre','Boyauderie',1543,'C',NULL,NULL,NULL,NULL,NULL,NULL,NULL,NULL,NULL,NULL,NULL,NULL,NULL,NULL,NULL,NULL,NULL,NULL,NULL,NULL,NULL,NULL,NULL,NULL,NULL,NULL,NULL,NULL,NULL,NULL,NULL,NULL,NULL,NULL,NULL,NULL,NULL,NULL,NULL,NULL,NULL,NULL,NULL,NULL,NULL,NULL,NULL,NULL,NULL,NULL,NULL,NULL,NULL,NULL,NULL,NULL,NULL,NULL,NULL,1,NULL,NULL,NULL,NULL,NULL,NULL,NULL,NULL,NULL,NULL,0),('1543/Non Cadre','Boyauderie',1543,'NC',NULL,NULL,NULL,NULL,NULL,NULL,NULL,NULL,NULL,NULL,NULL,NULL,NULL,NULL,NULL,NULL,NULL,NULL,NULL,NULL,NULL,NULL,NULL,NULL,NULL,NULL,NULL,NULL,NULL,NULL,NULL,NULL,NULL,NULL,NULL,NULL,NULL,NULL,NULL,NULL,NULL,NULL,NULL,NULL,NULL,NULL,NULL,NULL,NULL,NULL,NULL,NULL,NULL,NULL,NULL,NULL,NULL,NULL,NULL,NULL,NULL,NULL,NULL,NULL,NULL,NULL,NULL,NULL,NULL,NULL,0),('1543/Ensemble','Boyauderie',1543,'EPSTD',NULL,NULL,NULL,NULL,NULL,NULL,NULL,NULL,NULL,NULL,NULL,NULL,NULL,NULL,NULL,NULL,NULL,NULL,NULL,NULL,NULL,NULL,NULL,NULL,NULL,NULL,NULL,NULL,NULL,NULL,NULL,NULL,NULL,NULL,NULL,NULL,NULL,NULL,NULL,NULL,NULL,NULL,NULL,NULL,NULL,NULL,NULL,NULL,NULL,NULL,NULL,NULL,NULL,NULL,NULL,NULL,NULL,NULL,NULL,NULL,NULL,NULL,NULL,NULL,NULL,NULL,NULL,NULL,NULL,NULL,0),('1545/Cadre','Enseignement primaire catholique enseignants',1545,'C',NULL,NULL,NULL,NULL,NULL,NULL,NULL,NULL,NULL,NULL,NULL,NULL,NULL,NULL,NULL,NULL,NULL,NULL,NULL,NULL,NULL,NULL,NULL,NULL,NULL,NULL,NULL,NULL,NULL,NULL,NULL,NULL,NULL,NULL,NULL,NULL,NULL,NULL,NULL,NULL,NULL,NULL,NULL,NULL,NULL,NULL,NULL,NULL,NULL,NULL,NULL,NULL,NULL,NULL,NULL,NULL,NULL,NULL,NULL,1,NULL,NULL,NULL,NULL,NULL,NULL,NULL,NULL,NULL,NULL,0),('1545/Non Cadre','Enseignement primaire catholique enseignants',1545,'NC',NULL,NULL,NULL,NULL,NULL,NULL,NULL,NULL,NULL,NULL,NULL,NULL,NULL,NULL,NULL,NULL,NULL,NULL,NULL,NULL,NULL,NULL,NULL,NULL,NULL,NULL,NULL,NULL,NULL,NULL,NULL,NULL,NULL,NULL,NULL,NULL,NULL,NULL,NULL,NULL,NULL,NULL,NULL,NULL,NULL,NULL,NULL,NULL,NULL,NULL,NULL,NULL,NULL,NULL,NULL,NULL,NULL,NULL,NULL,NULL,NULL,NULL,NULL,NULL,NULL,NULL,NULL,NULL,NULL,NULL,0),('1545/Ensemble','Enseignement primaire catholique enseignants',1545,'EPSTD',NULL,NULL,NULL,NULL,NULL,NULL,NULL,NULL,NULL,NULL,NULL,NULL,NULL,NULL,NULL,NULL,NULL,NULL,NULL,NULL,NULL,NULL,NULL,NULL,NULL,NULL,NULL,NULL,NULL,NULL,NULL,NULL,NULL,NULL,NULL,NULL,NULL,NULL,NULL,NULL,NULL,NULL,NULL,NULL,NULL,NULL,NULL,NULL,NULL,NULL,NULL,NULL,NULL,NULL,NULL,NULL,NULL,NULL,NULL,NULL,NULL,NULL,NULL,NULL,NULL,NULL,NULL,NULL,NULL,NULL,0),('1558/Cadre','Industries céramiques',1558,'C',NULL,NULL,NULL,NULL,NULL,NULL,NULL,NULL,NULL,NULL,NULL,NULL,NULL,NULL,NULL,NULL,NULL,NULL,NULL,NULL,NULL,NULL,NULL,NULL,NULL,NULL,NULL,NULL,NULL,NULL,NULL,NULL,NULL,NULL,NULL,NULL,NULL,NULL,NULL,NULL,NULL,NULL,NULL,NULL,NULL,NULL,NULL,NULL,NULL,NULL,NULL,NULL,NULL,NULL,NULL,NULL,NULL,NULL,'Non défini',1,NULL,NULL,NULL,NULL,NULL,NULL,NULL,NULL,NULL,NULL,1),('1558/Non Cadre','Industries céramiques',1558,'NC',NULL,NULL,NULL,NULL,NULL,NULL,NULL,NULL,NULL,0.01000,0.01000,0.01000,NULL,NULL,NULL,NULL,NULL,NULL,NULL,NULL,NULL,NULL,NULL,NULL,NULL,NULL,NULL,NULL,NULL,NULL,NULL,NULL,NULL,NULL,NULL,NULL,NULL,NULL,NULL,NULL,NULL,NULL,NULL,NULL,NULL,NULL,NULL,NULL,NULL,NULL,NULL,NULL,NULL,0.01000,NULL,'FORMULE',NULL,NULL,'Non défini',NULL,NULL,NULL,NULL,NULL,NULL,NULL,NULL,NULL,NULL,NULL,1),('1558/Ensemble','Industries céramiques',1558,'EPSTD',NULL,NULL,NULL,NULL,NULL,NULL,NULL,NULL,NULL,0.01000,0.01000,0.01000,NULL,NULL,NULL,NULL,NULL,NULL,NULL,NULL,NULL,NULL,NULL,NULL,NULL,NULL,NULL,NULL,NULL,NULL,NULL,NULL,NULL,NULL,NULL,NULL,NULL,NULL,NULL,NULL,NULL,NULL,NULL,NULL,NULL,NULL,NULL,NULL,NULL,NULL,NULL,NULL,NULL,0.01000,NULL,'FORMULE',NULL,NULL,NULL,NULL,NULL,NULL,NULL,NULL,NULL,NULL,NULL,NULL,NULL,NULL,1),('1560/Cadre','Métallurgie Alpes Maritimes',1560,'C',NULL,NULL,NULL,NULL,NULL,NULL,NULL,NULL,NULL,NULL,NULL,NULL,NULL,NULL,NULL,NULL,NULL,NULL,NULL,NULL,NULL,NULL,NULL,NULL,NULL,NULL,NULL,NULL,NULL,NULL,NULL,NULL,NULL,NULL,NULL,NULL,NULL,NULL,NULL,NULL,NULL,NULL,NULL,NULL,NULL,NULL,NULL,NULL,NULL,NULL,NULL,NULL,NULL,NULL,NULL,NULL,NULL,NULL,NULL,1,NULL,NULL,NULL,NULL,NULL,NULL,NULL,NULL,NULL,NULL,0),('1560/Non Cadre','Métallurgie Alpes Maritimes',1560,'NC',NULL,NULL,NULL,NULL,NULL,NULL,NULL,NULL,NULL,NULL,NULL,NULL,NULL,NULL,NULL,NULL,NULL,NULL,NULL,NULL,NULL,NULL,NULL,NULL,NULL,NULL,NULL,NULL,NULL,NULL,NULL,NULL,NULL,NULL,NULL,NULL,NULL,NULL,NULL,NULL,NULL,NULL,NULL,NULL,NULL,NULL,NULL,NULL,NULL,NULL,NULL,NULL,NULL,NULL,NULL,NULL,NULL,NULL,NULL,NULL,NULL,NULL,NULL,NULL,NULL,NULL,NULL,NULL,NULL,NULL,0),('1560/Ensemble','Métallurgie Alpes Maritimes',1560,'EPSTD',NULL,NULL,NULL,NULL,NULL,NULL,NULL,NULL,NULL,NULL,NULL,NULL,NULL,NULL,NULL,NULL,NULL,NULL,NULL,NULL,NULL,NULL,NULL,NULL,NULL,NULL,NULL,NULL,NULL,NULL,NULL,NULL,NULL,NULL,NULL,NULL,NULL,NULL,NULL,NULL,NULL,NULL,NULL,NULL,NULL,NULL,NULL,NULL,NULL,NULL,NULL,NULL,NULL,NULL,NULL,NULL,NULL,NULL,NULL,NULL,NULL,NULL,NULL,NULL,NULL,NULL,NULL,NULL,NULL,NULL,0),('1572/Cadre','Métallurgie Charente',1572,'C',NULL,NULL,NULL,NULL,NULL,NULL,NULL,NULL,NULL,NULL,NULL,NULL,NULL,NULL,NULL,NULL,NULL,NULL,NULL,NULL,NULL,NULL,NULL,NULL,NULL,NULL,NULL,NULL,NULL,NULL,NULL,NULL,NULL,NULL,NULL,NULL,NULL,NULL,NULL,NULL,NULL,NULL,NULL,NULL,NULL,NULL,NULL,NULL,NULL,NULL,NULL,NULL,NULL,NULL,NULL,NULL,NULL,NULL,NULL,1,NULL,NULL,NULL,NULL,NULL,NULL,NULL,NULL,NULL,NULL,0),('1572/Non Cadre','Métallurgie Charente',1572,'NC',NULL,NULL,NULL,NULL,NULL,NULL,NULL,NULL,NULL,NULL,NULL,NULL,NULL,NULL,NULL,NULL,NULL,NULL,NULL,NULL,NULL,NULL,NULL,NULL,NULL,NULL,NULL,NULL,NULL,NULL,NULL,NULL,NULL,NULL,NULL,NULL,NULL,NULL,NULL,NULL,NULL,NULL,NULL,NULL,NULL,NULL,NULL,NULL,NULL,NULL,NULL,NULL,NULL,NULL,NULL,NULL,NULL,NULL,NULL,NULL,NULL,NULL,NULL,NULL,NULL,NULL,NULL,NULL,NULL,NULL,0),('1572/Ensemble','Métallurgie Charente',1572,'EPSTD',NULL,NULL,NULL,NULL,NULL,NULL,NULL,NULL,NULL,NULL,NULL,NULL,NULL,NULL,NULL,NULL,NULL,NULL,NULL,NULL,NULL,NULL,NULL,NULL,NULL,NULL,NULL,NULL,NULL,NULL,NULL,NULL,NULL,NULL,NULL,NULL,NULL,NULL,NULL,NULL,NULL,NULL,NULL,NULL,NULL,NULL,NULL,NULL,NULL,NULL,NULL,NULL,NULL,NULL,NULL,NULL,NULL,NULL,NULL,NULL,NULL,NULL,NULL,NULL,NULL,NULL,NULL,NULL,NULL,NULL,0),('1578/Cadre','Métallurgie Loire Yssingeaux',1578,'C',NULL,NULL,NULL,NULL,NULL,NULL,NULL,NULL,NULL,NULL,NULL,NULL,NULL,NULL,NULL,NULL,NULL,NULL,NULL,NULL,NULL,NULL,NULL,NULL,NULL,NULL,NULL,NULL,NULL,NULL,NULL,NULL,NULL,NULL,NULL,NULL,NULL,NULL,NULL,NULL,NULL,NULL,NULL,NULL,NULL,NULL,NULL,NULL,NULL,NULL,NULL,NULL,NULL,NULL,NULL,NULL,NULL,NULL,NULL,1,NULL,NULL,NULL,NULL,NULL,NULL,NULL,NULL,NULL,NULL,0),('1578/Non Cadre','Métallurgie Loire Yssingeaux',1578,'NC',NULL,NULL,NULL,NULL,NULL,NULL,NULL,NULL,NULL,NULL,NULL,NULL,NULL,NULL,NULL,NULL,NULL,NULL,NULL,NULL,NULL,NULL,NULL,NULL,NULL,NULL,NULL,NULL,NULL,NULL,NULL,NULL,NULL,NULL,NULL,NULL,NULL,NULL,NULL,NULL,NULL,NULL,NULL,NULL,NULL,NULL,NULL,NULL,NULL,NULL,NULL,NULL,NULL,NULL,NULL,NULL,NULL,NULL,NULL,NULL,NULL,NULL,NULL,NULL,NULL,NULL,NULL,NULL,NULL,NULL,0),('1578/Ensemble','Métallurgie Loire Yssingeaux',1578,'EPSTD',NULL,NULL,NULL,NULL,NULL,NULL,NULL,NULL,NULL,NULL,NULL,NULL,NULL,NULL,NULL,NULL,NULL,NULL,NULL,NULL,NULL,NULL,NULL,NULL,NULL,NULL,NULL,NULL,NULL,NULL,NULL,NULL,NULL,NULL,NULL,NULL,NULL,NULL,NULL,NULL,NULL,NULL,NULL,NULL,NULL,NULL,NULL,NULL,NULL,NULL,NULL,NULL,NULL,NULL,NULL,NULL,NULL,NULL,NULL,NULL,NULL,NULL,NULL,NULL,NULL,NULL,NULL,NULL,NULL,NULL,0),('1580/Cadre','Industrie de la chaussure',1580,'C',NULL,NULL,NULL,NULL,NULL,NULL,NULL,NULL,NULL,NULL,NULL,NULL,NULL,NULL,NULL,NULL,NULL,NULL,NULL,NULL,NULL,NULL,NULL,NULL,NULL,NULL,NULL,NULL,NULL,NULL,NULL,NULL,NULL,NULL,NULL,NULL,NULL,NULL,NULL,NULL,NULL,NULL,NULL,NULL,NULL,NULL,NULL,NULL,NULL,NULL,NULL,NULL,NULL,NULL,NULL,NULL,NULL,NULL,NULL,1,NULL,NULL,NULL,NULL,NULL,NULL,NULL,NULL,NULL,NULL,0),('1580/Non Cadre','Industrie de la chaussure',1580,'NC',NULL,NULL,NULL,NULL,NULL,NULL,NULL,NULL,NULL,NULL,NULL,NULL,NULL,NULL,NULL,NULL,NULL,NULL,NULL,NULL,NULL,NULL,NULL,NULL,NULL,NULL,NULL,NULL,NULL,NULL,NULL,NULL,NULL,NULL,NULL,NULL,NULL,NULL,NULL,NULL,NULL,NULL,NULL,NULL,NULL,NULL,NULL,NULL,NULL,NULL,NULL,NULL,NULL,NULL,NULL,NULL,NULL,NULL,NULL,NULL,NULL,NULL,NULL,NULL,NULL,NULL,NULL,NULL,NULL,NULL,0),('1580/Ensemble','Industrie de la chaussure',1580,'EPSTD',NULL,NULL,NULL,NULL,NULL,NULL,NULL,NULL,NULL,NULL,NULL,NULL,NULL,NULL,NULL,NULL,NULL,NULL,NULL,NULL,NULL,NULL,NULL,NULL,NULL,NULL,NULL,NULL,NULL,NULL,NULL,NULL,NULL,NULL,NULL,NULL,NULL,NULL,NULL,NULL,NULL,NULL,NULL,NULL,NULL,NULL,NULL,NULL,NULL,NULL,NULL,NULL,NULL,NULL,NULL,NULL,NULL,NULL,NULL,NULL,NULL,NULL,NULL,NULL,NULL,NULL,NULL,NULL,NULL,NULL,0),('1618/Cadre','Camping',1618,'C',NULL,NULL,NULL,NULL,NULL,NULL,NULL,NULL,NULL,NULL,NULL,NULL,NULL,NULL,NULL,NULL,NULL,NULL,NULL,NULL,NULL,NULL,NULL,NULL,NULL,NULL,NULL,NULL,NULL,NULL,NULL,NULL,NULL,NULL,NULL,NULL,NULL,NULL,NULL,NULL,NULL,NULL,NULL,NULL,NULL,NULL,NULL,NULL,NULL,NULL,NULL,NULL,NULL,NULL,NULL,NULL,NULL,NULL,NULL,1,NULL,NULL,NULL,NULL,NULL,NULL,NULL,NULL,NULL,NULL,0),('1618/Non Cadre','Camping',1618,'NC',NULL,NULL,NULL,NULL,NULL,NULL,NULL,NULL,NULL,NULL,NULL,NULL,NULL,NULL,NULL,NULL,NULL,NULL,NULL,NULL,NULL,NULL,NULL,NULL,NULL,NULL,NULL,NULL,NULL,NULL,NULL,NULL,NULL,NULL,NULL,NULL,NULL,NULL,NULL,NULL,NULL,NULL,NULL,NULL,NULL,NULL,NULL,NULL,NULL,NULL,NULL,NULL,NULL,NULL,NULL,NULL,NULL,NULL,NULL,NULL,NULL,NULL,NULL,NULL,NULL,NULL,NULL,NULL,NULL,NULL,0),('1618/Ensemble','Camping',1618,'EPSTD',NULL,NULL,NULL,NULL,NULL,NULL,NULL,NULL,NULL,NULL,NULL,NULL,NULL,NULL,NULL,NULL,NULL,NULL,NULL,NULL,NULL,NULL,NULL,NULL,NULL,NULL,NULL,NULL,NULL,NULL,NULL,NULL,NULL,NULL,NULL,NULL,NULL,NULL,NULL,NULL,NULL,NULL,NULL,NULL,NULL,NULL,NULL,NULL,NULL,NULL,NULL,NULL,NULL,NULL,NULL,NULL,NULL,NULL,NULL,NULL,NULL,NULL,NULL,NULL,NULL,NULL,NULL,NULL,NULL,NULL,0),('1619/Cadre','Cabinets dentaires',1619,'C',NULL,NULL,NULL,NULL,NULL,NULL,NULL,NULL,NULL,NULL,NULL,NULL,NULL,NULL,NULL,NULL,NULL,NULL,NULL,NULL,NULL,NULL,NULL,NULL,NULL,NULL,NULL,NULL,NULL,NULL,NULL,NULL,NULL,NULL,NULL,NULL,NULL,NULL,NULL,NULL,NULL,NULL,NULL,NULL,NULL,NULL,NULL,NULL,NULL,NULL,NULL,NULL,NULL,NULL,NULL,NULL,NULL,NULL,'4 et 4 bis de la CCN du 14-3-47',1,NULL,NULL,NULL,NULL,NULL,NULL,NULL,NULL,NULL,NULL,1),('1619/Non Cadre','Cabinets dentaires',1619,'NC',1.00000,1.00000,NULL,NULL,NULL,'CONTINUE',30,0,1,1.00000,1.75000,0.50000,NULL,NULL,NULL,NULL,NULL,NULL,1.00000,NULL,NULL,NULL,NULL,NULL,NULL,NULL,NULL,NULL,NULL,NULL,NULL,NULL,NULL,NULL,NULL,NULL,NULL,NULL,25,NULL,NULL,0.25000,NULL,NULL,'3600','€',1.00000,NULL,NULL,0.80000,1.00000,NULL,NULL,NULL,NULL,NULL,NULL,NULL,'Hors 4 et 4 bis de la CCN du 14-3-47',NULL,NULL,NULL,NULL,NULL,NULL,NULL,NULL,NULL,NULL,NULL,1),('1619/Ensemble','Cabinets dentaires',1619,'EPSTD',1.00000,1.00000,NULL,NULL,NULL,'CONTINUE',30,0,1,1.00000,1.75000,0.50000,NULL,NULL,NULL,NULL,NULL,NULL,1.00000,NULL,NULL,NULL,NULL,NULL,NULL,NULL,NULL,NULL,NULL,NULL,NULL,NULL,NULL,NULL,NULL,NULL,NULL,NULL,25,NULL,NULL,0.25000,NULL,NULL,'3600','€',1.00000,NULL,NULL,0.80000,1.00000,NULL,NULL,NULL,NULL,NULL,NULL,NULL,NULL,NULL,NULL,NULL,NULL,NULL,NULL,NULL,NULL,NULL,NULL,NULL,1),('1624/Cadre','Commerces de gros confiserie chocolaterie',1624,'C',NULL,NULL,NULL,NULL,NULL,NULL,NULL,NULL,NULL,NULL,NULL,NULL,NULL,NULL,NULL,NULL,NULL,NULL,NULL,NULL,NULL,NULL,NULL,NULL,NULL,NULL,NULL,NULL,NULL,NULL,NULL,NULL,NULL,NULL,NULL,NULL,NULL,NULL,NULL,NULL,NULL,NULL,NULL,NULL,NULL,NULL,NULL,NULL,NULL,NULL,NULL,NULL,NULL,NULL,NULL,NULL,NULL,NULL,NULL,1,NULL,NULL,NULL,NULL,NULL,NULL,NULL,NULL,NULL,NULL,0),('1624/Non Cadre','Commerces de gros confiserie chocolaterie',1624,'NC',NULL,NULL,NULL,NULL,NULL,NULL,NULL,NULL,NULL,NULL,NULL,NULL,NULL,NULL,NULL,NULL,NULL,NULL,NULL,NULL,NULL,NULL,NULL,NULL,NULL,NULL,NULL,NULL,NULL,NULL,NULL,NULL,NULL,NULL,NULL,NULL,NULL,NULL,NULL,NULL,NULL,NULL,NULL,NULL,NULL,NULL,NULL,NULL,NULL,NULL,NULL,NULL,NULL,NULL,NULL,NULL,NULL,NULL,NULL,NULL,NULL,NULL,NULL,NULL,NULL,NULL,NULL,NULL,NULL,NULL,0),('1624/Ensemble','Commerces de gros confiserie chocolaterie',1624,'EPSTD',NULL,NULL,NULL,NULL,NULL,NULL,NULL,NULL,NULL,NULL,NULL,NULL,NULL,NULL,NULL,NULL,NULL,NULL,NULL,NULL,NULL,NULL,NULL,NULL,NULL,NULL,NULL,NULL,NULL,NULL,NULL,NULL,NULL,NULL,NULL,NULL,NULL,NULL,NULL,NULL,NULL,NULL,NULL,NULL,NULL,NULL,NULL,NULL,NULL,NULL,NULL,NULL,NULL,NULL,NULL,NULL,NULL,NULL,NULL,NULL,NULL,NULL,NULL,NULL,NULL,NULL,NULL,NULL,NULL,NULL,0),('1627/Cadre','Métallurgie Puy De Dôme Clermont Ferrand',1627,'C',NULL,NULL,NULL,NULL,NULL,NULL,NULL,NULL,NULL,NULL,NULL,NULL,NULL,NULL,NULL,NULL,NULL,NULL,NULL,NULL,NULL,NULL,NULL,NULL,NULL,NULL,NULL,NULL,NULL,NULL,NULL,NULL,NULL,NULL,NULL,NULL,NULL,NULL,NULL,NULL,NULL,NULL,NULL,NULL,NULL,NULL,NULL,NULL,NULL,NULL,NULL,NULL,NULL,NULL,NULL,NULL,NULL,NULL,NULL,1,NULL,NULL,NULL,NULL,NULL,NULL,NULL,NULL,NULL,NULL,0),('1627/Non Cadre','Métallurgie Puy De Dôme Clermont Ferrand',1627,'NC',NULL,NULL,NULL,NULL,NULL,NULL,NULL,NULL,NULL,NULL,NULL,NULL,NULL,NULL,NULL,NULL,NULL,NULL,NULL,NULL,NULL,NULL,NULL,NULL,NULL,NULL,NULL,NULL,NULL,NULL,NULL,NULL,NULL,NULL,NULL,NULL,NULL,NULL,NULL,NULL,NULL,NULL,NULL,NULL,NULL,NULL,NULL,NULL,NULL,NULL,NULL,NULL,NULL,NULL,NULL,NULL,NULL,NULL,NULL,NULL,NULL,NULL,NULL,NULL,NULL,NULL,NULL,NULL,NULL,NULL,0),('1627/Ensemble','Métallurgie Puy De Dôme Clermont Ferrand',1627,'EPSTD',NULL,NULL,NULL,NULL,NULL,NULL,NULL,NULL,NULL,NULL,NULL,NULL,NULL,NULL,NULL,NULL,NULL,NULL,NULL,NULL,NULL,NULL,NULL,NULL,NULL,NULL,NULL,NULL,NULL,NULL,NULL,NULL,NULL,NULL,NULL,NULL,NULL,NULL,NULL,NULL,NULL,NULL,NULL,NULL,NULL,NULL,NULL,NULL,NULL,NULL,NULL,NULL,NULL,NULL,NULL,NULL,NULL,NULL,NULL,NULL,NULL,NULL,NULL,NULL,NULL,NULL,NULL,NULL,NULL,NULL,0),('1635/Cadre','Métallurgie Gironde Landes',1635,'C',NULL,NULL,NULL,NULL,NULL,NULL,NULL,NULL,NULL,NULL,NULL,NULL,NULL,NULL,NULL,NULL,NULL,NULL,NULL,NULL,NULL,NULL,NULL,NULL,NULL,NULL,NULL,NULL,NULL,NULL,NULL,NULL,NULL,NULL,NULL,NULL,NULL,NULL,NULL,NULL,NULL,NULL,NULL,NULL,NULL,NULL,NULL,NULL,NULL,NULL,NULL,NULL,NULL,NULL,NULL,NULL,NULL,NULL,NULL,1,NULL,NULL,NULL,NULL,NULL,NULL,NULL,NULL,NULL,NULL,0),('1635/Non Cadre','Métallurgie Gironde Landes',1635,'NC',NULL,NULL,NULL,NULL,NULL,NULL,NULL,NULL,NULL,NULL,NULL,NULL,NULL,NULL,NULL,NULL,NULL,NULL,NULL,NULL,NULL,NULL,NULL,NULL,NULL,NULL,NULL,NULL,NULL,NULL,NULL,NULL,NULL,NULL,NULL,NULL,NULL,NULL,NULL,NULL,NULL,NULL,NULL,NULL,NULL,NULL,NULL,NULL,NULL,NULL,NULL,NULL,NULL,NULL,NULL,NULL,NULL,NULL,NULL,NULL,NULL,NULL,NULL,NULL,NULL,NULL,NULL,NULL,NULL,NULL,0),('1635/Ensemble','Métallurgie Gironde Landes',1635,'EPSTD',NULL,NULL,NULL,NULL,NULL,NULL,NULL,NULL,NULL,NULL,NULL,NULL,NULL,NULL,NULL,NULL,NULL,NULL,NULL,NULL,NULL,NULL,NULL,NULL,NULL,NULL,NULL,NULL,NULL,NULL,NULL,NULL,NULL,NULL,NULL,NULL,NULL,NULL,NULL,NULL,NULL,NULL,NULL,NULL,NULL,NULL,NULL,NULL,NULL,NULL,NULL,NULL,NULL,NULL,NULL,NULL,NULL,NULL,NULL,NULL,NULL,NULL,NULL,NULL,NULL,NULL,NULL,NULL,NULL,NULL,0),('1675/Cadre','Agences télégraphiques',1675,'C',NULL,NULL,NULL,NULL,NULL,NULL,NULL,NULL,NULL,NULL,NULL,NULL,NULL,NULL,NULL,NULL,NULL,NULL,NULL,NULL,NULL,NULL,NULL,NULL,NULL,NULL,NULL,NULL,NULL,NULL,NULL,NULL,NULL,NULL,NULL,NULL,NULL,NULL,NULL,NULL,NULL,NULL,NULL,NULL,NULL,NULL,NULL,NULL,NULL,NULL,NULL,NULL,NULL,NULL,NULL,NULL,NULL,NULL,NULL,1,NULL,NULL,NULL,NULL,NULL,NULL,NULL,NULL,NULL,NULL,0),('1675/Non Cadre','Agences télégraphiques',1675,'NC',NULL,NULL,NULL,NULL,NULL,NULL,NULL,NULL,NULL,NULL,NULL,NULL,NULL,NULL,NULL,NULL,NULL,NULL,NULL,NULL,NULL,NULL,NULL,NULL,NULL,NULL,NULL,NULL,NULL,NULL,NULL,NULL,NULL,NULL,NULL,NULL,NULL,NULL,NULL,NULL,NULL,NULL,NULL,NULL,NULL,NULL,NULL,NULL,NULL,NULL,NULL,NULL,NULL,NULL,NULL,NULL,NULL,NULL,NULL,NULL,NULL,NULL,NULL,NULL,NULL,NULL,NULL,NULL,NULL,NULL,0),('1675/Ensemble','Agences télégraphiques',1675,'EPSTD',NULL,NULL,NULL,NULL,NULL,NULL,NULL,NULL,NULL,NULL,NULL,NULL,NULL,NULL,NULL,NULL,NULL,NULL,NULL,NULL,NULL,NULL,NULL,NULL,NULL,NULL,NULL,NULL,NULL,NULL,NULL,NULL,NULL,NULL,NULL,NULL,NULL,NULL,NULL,NULL,NULL,NULL,NULL,NULL,NULL,NULL,NULL,NULL,NULL,NULL,NULL,NULL,NULL,NULL,NULL,NULL,NULL,NULL,NULL,NULL,NULL,NULL,NULL,NULL,NULL,NULL,NULL,NULL,NULL,NULL,0),('1710/Cadre','Agences de voyages',1710,'C',NULL,NULL,NULL,NULL,NULL,NULL,NULL,NULL,NULL,NULL,NULL,NULL,NULL,NULL,NULL,NULL,NULL,NULL,NULL,NULL,NULL,NULL,NULL,NULL,NULL,NULL,NULL,NULL,NULL,NULL,NULL,NULL,NULL,NULL,NULL,NULL,NULL,NULL,NULL,NULL,NULL,NULL,NULL,NULL,NULL,NULL,NULL,NULL,NULL,NULL,NULL,NULL,NULL,NULL,NULL,NULL,NULL,NULL,'Non défini',1,NULL,NULL,NULL,NULL,NULL,NULL,NULL,NULL,NULL,NULL,1),('1710/Non Cadre','Agences de voyages',1710,'NC',0.01000,0.01000,NULL,NULL,NULL,'CONTINUE',180,0,NULL,0.01000,0.01000,NULL,NULL,NULL,NULL,NULL,NULL,NULL,NULL,NULL,NULL,NULL,NULL,NULL,NULL,NULL,NULL,NULL,NULL,NULL,NULL,NULL,NULL,NULL,NULL,NULL,NULL,NULL,NULL,NULL,NULL,NULL,NULL,NULL,NULL,NULL,NULL,NULL,NULL,0.01000,0.01000,NULL,NULL,NULL,NULL,NULL,NULL,NULL,'Non défini',NULL,NULL,NULL,NULL,NULL,NULL,NULL,NULL,0.00600,0.00600,NULL,1),('1710/Ensemble','Agences de voyages',1710,'EPSTD',0.01000,0.01000,0.01000,NULL,NULL,'CONTINUE',180,0,NULL,0.01000,0.01000,NULL,NULL,NULL,NULL,NULL,NULL,NULL,NULL,NULL,NULL,NULL,NULL,NULL,NULL,NULL,NULL,NULL,NULL,NULL,NULL,NULL,NULL,NULL,NULL,NULL,NULL,NULL,NULL,NULL,NULL,NULL,NULL,NULL,NULL,NULL,NULL,NULL,NULL,0.01000,0.01000,NULL,NULL,NULL,NULL,NULL,NULL,NULL,NULL,NULL,NULL,NULL,NULL,NULL,NULL,NULL,NULL,0.00600,0.00600,NULL,1),('1800/Cadre','Céramique d\'art',1800,'C',NULL,NULL,NULL,NULL,NULL,NULL,NULL,NULL,NULL,NULL,NULL,NULL,NULL,NULL,NULL,NULL,NULL,NULL,NULL,NULL,NULL,NULL,NULL,NULL,NULL,NULL,NULL,NULL,NULL,NULL,NULL,NULL,NULL,NULL,NULL,NULL,NULL,NULL,NULL,NULL,NULL,NULL,NULL,NULL,NULL,NULL,NULL,NULL,NULL,NULL,NULL,NULL,NULL,NULL,NULL,NULL,NULL,NULL,NULL,1,NULL,NULL,NULL,NULL,NULL,NULL,NULL,NULL,NULL,NULL,0),('1800/Non Cadre','Céramique d\'art',1800,'NC',NULL,NULL,NULL,NULL,NULL,NULL,NULL,NULL,NULL,NULL,NULL,NULL,NULL,NULL,NULL,NULL,NULL,NULL,NULL,NULL,NULL,NULL,NULL,NULL,NULL,NULL,NULL,NULL,NULL,NULL,NULL,NULL,NULL,NULL,NULL,NULL,NULL,NULL,NULL,NULL,NULL,NULL,NULL,NULL,NULL,NULL,NULL,NULL,NULL,NULL,NULL,NULL,NULL,NULL,NULL,NULL,NULL,NULL,NULL,NULL,NULL,NULL,NULL,NULL,NULL,NULL,NULL,NULL,NULL,NULL,0),('1800/Ensemble','Céramique d\'art',1800,'EPSTD',NULL,NULL,NULL,NULL,NULL,NULL,NULL,NULL,NULL,NULL,NULL,NULL,NULL,NULL,NULL,NULL,NULL,NULL,NULL,NULL,NULL,NULL,NULL,NULL,NULL,NULL,NULL,NULL,NULL,NULL,NULL,NULL,NULL,NULL,NULL,NULL,NULL,NULL,NULL,NULL,NULL,NULL,NULL,NULL,NULL,NULL,NULL,NULL,NULL,NULL,NULL,NULL,NULL,NULL,NULL,NULL,NULL,NULL,NULL,NULL,NULL,NULL,NULL,NULL,NULL,NULL,NULL,NULL,NULL,NULL,0),('1809/Cadre','Métallurgie Jura',1809,'C',NULL,NULL,NULL,NULL,NULL,NULL,NULL,NULL,NULL,NULL,NULL,NULL,NULL,NULL,NULL,NULL,NULL,NULL,NULL,NULL,NULL,NULL,NULL,NULL,NULL,NULL,NULL,NULL,NULL,NULL,NULL,NULL,NULL,NULL,NULL,NULL,NULL,NULL,NULL,NULL,NULL,NULL,NULL,NULL,NULL,NULL,NULL,NULL,NULL,NULL,NULL,NULL,NULL,NULL,NULL,NULL,NULL,NULL,NULL,1,NULL,NULL,NULL,NULL,NULL,NULL,NULL,NULL,NULL,NULL,0),('1809/Non Cadre','Métallurgie Jura',1809,'NC',NULL,NULL,NULL,NULL,NULL,NULL,NULL,NULL,NULL,NULL,NULL,NULL,NULL,NULL,NULL,NULL,NULL,NULL,NULL,NULL,NULL,NULL,NULL,NULL,NULL,NULL,NULL,NULL,NULL,NULL,NULL,NULL,NULL,NULL,NULL,NULL,NULL,NULL,NULL,NULL,NULL,NULL,NULL,NULL,NULL,NULL,NULL,NULL,NULL,NULL,NULL,NULL,NULL,NULL,NULL,NULL,NULL,NULL,NULL,NULL,NULL,NULL,NULL,NULL,NULL,NULL,NULL,NULL,NULL,NULL,0),('1809/Ensemble','Métallurgie Jura',1809,'EPSTD',NULL,NULL,NULL,NULL,NULL,NULL,NULL,NULL,NULL,NULL,NULL,NULL,NULL,NULL,NULL,NULL,NULL,NULL,NULL,NULL,NULL,NULL,NULL,NULL,NULL,NULL,NULL,NULL,NULL,NULL,NULL,NULL,NULL,NULL,NULL,NULL,NULL,NULL,NULL,NULL,NULL,NULL,NULL,NULL,NULL,NULL,NULL,NULL,NULL,NULL,NULL,NULL,NULL,NULL,NULL,NULL,NULL,NULL,NULL,NULL,NULL,NULL,NULL,NULL,NULL,NULL,NULL,NULL,NULL,NULL,0),('1821/Cadre','Cristal, verre et vitrail',1821,'C',NULL,NULL,NULL,NULL,NULL,NULL,NULL,NULL,0,1.00000,1.00000,0.25000,NULL,NULL,'20000','€',NULL,NULL,1.00000,1.00000,NULL,NULL,NULL,NULL,NULL,NULL,NULL,NULL,NULL,NULL,NULL,NULL,NULL,NULL,NULL,NULL,NULL,NULL,NULL,NULL,NULL,NULL,NULL,NULL,NULL,NULL,NULL,NULL,NULL,NULL,NULL,NULL,NULL,NULL,NULL,NULL,NULL,NULL,NULL,NULL,NULL,NULL,NULL,NULL,NULL,NULL,NULL,NULL,NULL,NULL,1),('1821/Non Cadre','Cristal, verre et vitrail',1821,'NC',NULL,NULL,NULL,NULL,NULL,NULL,NULL,NULL,0,1.00000,1.00000,0.25000,NULL,NULL,'20000','€',NULL,NULL,1.00000,1.00000,NULL,NULL,NULL,NULL,NULL,NULL,NULL,NULL,NULL,NULL,NULL,NULL,NULL,NULL,NULL,NULL,NULL,NULL,NULL,NULL,NULL,NULL,NULL,NULL,NULL,NULL,NULL,NULL,NULL,NULL,NULL,NULL,NULL,NULL,NULL,NULL,NULL,NULL,NULL,NULL,NULL,NULL,NULL,NULL,NULL,NULL,NULL,NULL,NULL,NULL,1),('1821/Ensemble','Cristal, verre et vitrail',1821,'EPSTD',NULL,NULL,NULL,NULL,NULL,NULL,NULL,NULL,0,1.00000,1.00000,0.25000,NULL,NULL,'20000','€',NULL,NULL,1.00000,1.00000,NULL,NULL,NULL,NULL,NULL,NULL,NULL,NULL,NULL,NULL,NULL,NULL,NULL,NULL,NULL,NULL,NULL,NULL,NULL,NULL,NULL,NULL,NULL,NULL,NULL,NULL,NULL,NULL,NULL,NULL,NULL,NULL,NULL,NULL,NULL,NULL,NULL,NULL,NULL,NULL,NULL,NULL,NULL,NULL,NULL,NULL,NULL,NULL,NULL,NULL,1),('1885/Cadre','Métallurgie Cote d\'or',1885,'C',NULL,NULL,NULL,NULL,NULL,NULL,NULL,NULL,NULL,NULL,NULL,NULL,NULL,NULL,NULL,NULL,NULL,NULL,NULL,NULL,NULL,NULL,NULL,NULL,NULL,NULL,NULL,NULL,NULL,NULL,NULL,NULL,NULL,NULL,NULL,NULL,NULL,NULL,NULL,NULL,NULL,NULL,NULL,NULL,NULL,NULL,NULL,NULL,NULL,NULL,NULL,NULL,NULL,NULL,NULL,NULL,NULL,NULL,NULL,1,NULL,NULL,NULL,NULL,NULL,NULL,NULL,NULL,NULL,NULL,0),('1885/Non Cadre','Métallurgie Cote d\'or',1885,'NC',NULL,NULL,NULL,NULL,NULL,NULL,NULL,NULL,NULL,NULL,NULL,NULL,NULL,NULL,NULL,NULL,NULL,NULL,NULL,NULL,NULL,NULL,NULL,NULL,NULL,NULL,NULL,NULL,NULL,NULL,NULL,NULL,NULL,NULL,NULL,NULL,NULL,NULL,NULL,NULL,NULL,NULL,NULL,NULL,NULL,NULL,NULL,NULL,NULL,NULL,NULL,NULL,NULL,NULL,NULL,NULL,NULL,NULL,NULL,NULL,NULL,NULL,NULL,NULL,NULL,NULL,NULL,NULL,NULL,NULL,0),('1885/Ensemble','Métallurgie Cote d\'or',1885,'EPSTD',NULL,NULL,NULL,NULL,NULL,NULL,NULL,NULL,NULL,NULL,NULL,NULL,NULL,NULL,NULL,NULL,NULL,NULL,NULL,NULL,NULL,NULL,NULL,NULL,NULL,NULL,NULL,NULL,NULL,NULL,NULL,NULL,NULL,NULL,NULL,NULL,NULL,NULL,NULL,NULL,NULL,NULL,NULL,NULL,NULL,NULL,NULL,NULL,NULL,NULL,NULL,NULL,NULL,NULL,NULL,NULL,NULL,NULL,NULL,NULL,NULL,NULL,NULL,NULL,NULL,NULL,NULL,NULL,NULL,NULL,0),('1938/Cadre','Industries transformation volaille',1938,'C',NULL,NULL,NULL,NULL,NULL,NULL,NULL,NULL,NULL,NULL,NULL,NULL,NULL,NULL,NULL,NULL,NULL,NULL,NULL,NULL,NULL,NULL,NULL,NULL,NULL,NULL,NULL,NULL,NULL,NULL,NULL,NULL,NULL,NULL,NULL,NULL,NULL,NULL,NULL,NULL,NULL,NULL,NULL,NULL,NULL,NULL,NULL,NULL,NULL,NULL,NULL,NULL,NULL,NULL,NULL,NULL,NULL,NULL,NULL,1,NULL,NULL,NULL,NULL,NULL,NULL,NULL,NULL,NULL,NULL,0),('1938/Non Cadre','Industries transformation volaille',1938,'NC',NULL,NULL,NULL,NULL,NULL,NULL,NULL,NULL,NULL,NULL,NULL,NULL,NULL,NULL,NULL,NULL,NULL,NULL,NULL,NULL,NULL,NULL,NULL,NULL,NULL,NULL,NULL,NULL,NULL,NULL,NULL,NULL,NULL,NULL,NULL,NULL,NULL,NULL,NULL,NULL,NULL,NULL,NULL,NULL,NULL,NULL,NULL,NULL,NULL,NULL,NULL,NULL,NULL,NULL,NULL,NULL,NULL,NULL,NULL,NULL,NULL,NULL,NULL,NULL,NULL,NULL,NULL,NULL,NULL,NULL,0),('1938/Ensemble','Industries transformation volaille',1938,'EPSTD',NULL,NULL,NULL,NULL,NULL,NULL,NULL,NULL,NULL,NULL,NULL,NULL,NULL,NULL,NULL,NULL,NULL,NULL,NULL,NULL,NULL,NULL,NULL,NULL,NULL,NULL,NULL,NULL,NULL,NULL,NULL,NULL,NULL,NULL,NULL,NULL,NULL,NULL,NULL,NULL,NULL,NULL,NULL,NULL,NULL,NULL,NULL,NULL,NULL,NULL,NULL,NULL,NULL,NULL,NULL,NULL,NULL,NULL,NULL,NULL,NULL,NULL,NULL,NULL,NULL,NULL,NULL,NULL,NULL,NULL,0),('1942/Cadre','Textiles artificiels et synthétiques',1942,'C',NULL,NULL,NULL,NULL,NULL,NULL,NULL,NULL,NULL,NULL,NULL,NULL,NULL,NULL,NULL,NULL,NULL,NULL,NULL,NULL,NULL,NULL,NULL,NULL,NULL,NULL,NULL,NULL,NULL,NULL,NULL,NULL,NULL,NULL,NULL,NULL,NULL,NULL,NULL,NULL,NULL,NULL,NULL,NULL,NULL,NULL,NULL,NULL,NULL,NULL,NULL,NULL,NULL,NULL,NULL,NULL,NULL,NULL,NULL,1,NULL,NULL,NULL,NULL,NULL,NULL,NULL,NULL,NULL,NULL,0),('1942/Non Cadre','Textiles artificiels et synthétiques',1942,'NC',NULL,NULL,NULL,NULL,NULL,NULL,NULL,NULL,NULL,NULL,NULL,NULL,NULL,NULL,NULL,NULL,NULL,NULL,NULL,NULL,NULL,NULL,NULL,NULL,NULL,NULL,NULL,NULL,NULL,NULL,NULL,NULL,NULL,NULL,NULL,NULL,NULL,NULL,NULL,NULL,NULL,NULL,NULL,NULL,NULL,NULL,NULL,NULL,NULL,NULL,NULL,NULL,NULL,NULL,NULL,NULL,NULL,NULL,NULL,NULL,NULL,NULL,NULL,NULL,NULL,NULL,NULL,NULL,NULL,NULL,0),('1942/Ensemble','Textiles artificiels et synthétiques',1942,'EPSTD',NULL,NULL,NULL,NULL,NULL,NULL,NULL,NULL,NULL,NULL,NULL,NULL,NULL,NULL,NULL,NULL,NULL,NULL,NULL,NULL,NULL,NULL,NULL,NULL,NULL,NULL,NULL,NULL,NULL,NULL,NULL,NULL,NULL,NULL,NULL,NULL,NULL,NULL,NULL,NULL,NULL,NULL,NULL,NULL,NULL,NULL,NULL,NULL,NULL,NULL,NULL,NULL,NULL,NULL,NULL,NULL,NULL,NULL,NULL,NULL,NULL,NULL,NULL,NULL,NULL,NULL,NULL,NULL,NULL,NULL,0),('1970/Cadre','Commerces de détail non alimentaires : Rhin (Bas et Haut)',1970,'C',NULL,NULL,NULL,NULL,NULL,NULL,NULL,NULL,NULL,NULL,NULL,NULL,NULL,NULL,NULL,NULL,NULL,NULL,NULL,NULL,NULL,NULL,NULL,NULL,NULL,NULL,NULL,NULL,NULL,NULL,NULL,NULL,NULL,NULL,NULL,NULL,NULL,NULL,NULL,NULL,NULL,NULL,NULL,NULL,NULL,NULL,NULL,NULL,NULL,NULL,NULL,NULL,NULL,NULL,NULL,NULL,NULL,NULL,NULL,1,NULL,NULL,NULL,NULL,NULL,NULL,NULL,NULL,NULL,NULL,0),('1970/Non Cadre','Commerces de détail non alimentaires : Rhin (Bas et Haut)',1970,'NC',NULL,NULL,NULL,NULL,NULL,NULL,NULL,NULL,NULL,NULL,NULL,NULL,NULL,NULL,NULL,NULL,NULL,NULL,NULL,NULL,NULL,NULL,NULL,NULL,NULL,NULL,NULL,NULL,NULL,NULL,NULL,NULL,NULL,NULL,NULL,NULL,NULL,NULL,NULL,NULL,NULL,NULL,NULL,NULL,NULL,NULL,NULL,NULL,NULL,NULL,NULL,NULL,NULL,NULL,NULL,NULL,NULL,NULL,NULL,NULL,NULL,NULL,NULL,NULL,NULL,NULL,NULL,NULL,NULL,NULL,0),('1970/Ensemble','Commerces de détail non alimentaires : Rhin (Bas et Haut)',1970,'EPSTD',NULL,NULL,NULL,NULL,NULL,NULL,NULL,NULL,NULL,NULL,NULL,NULL,NULL,NULL,NULL,NULL,NULL,NULL,NULL,NULL,NULL,NULL,NULL,NULL,NULL,NULL,NULL,NULL,NULL,NULL,NULL,NULL,NULL,NULL,NULL,NULL,NULL,NULL,NULL,NULL,NULL,NULL,NULL,NULL,NULL,NULL,NULL,NULL,NULL,NULL,NULL,NULL,NULL,NULL,NULL,NULL,NULL,NULL,NULL,NULL,NULL,NULL,NULL,NULL,NULL,NULL,NULL,NULL,NULL,NULL,0),('1987/Cadre','Industrie des pâtes alimentaires',1987,'C',NULL,NULL,NULL,NULL,NULL,NULL,NULL,NULL,NULL,NULL,NULL,NULL,NULL,NULL,NULL,NULL,NULL,NULL,NULL,NULL,NULL,NULL,NULL,NULL,NULL,NULL,NULL,NULL,NULL,NULL,NULL,NULL,NULL,NULL,NULL,NULL,NULL,NULL,NULL,NULL,NULL,NULL,NULL,NULL,NULL,NULL,NULL,NULL,NULL,NULL,NULL,NULL,NULL,NULL,NULL,NULL,NULL,NULL,NULL,1,NULL,NULL,NULL,NULL,NULL,NULL,NULL,NULL,NULL,NULL,0),('1987/Non Cadre','Industrie des pâtes alimentaires',1987,'NC',NULL,NULL,NULL,NULL,NULL,NULL,NULL,NULL,NULL,NULL,NULL,NULL,NULL,NULL,NULL,NULL,NULL,NULL,NULL,NULL,NULL,NULL,NULL,NULL,NULL,NULL,NULL,NULL,NULL,NULL,NULL,NULL,NULL,NULL,NULL,NULL,NULL,NULL,NULL,NULL,NULL,NULL,NULL,NULL,NULL,NULL,NULL,NULL,NULL,NULL,NULL,NULL,NULL,NULL,NULL,NULL,NULL,NULL,NULL,NULL,NULL,NULL,NULL,NULL,NULL,NULL,NULL,NULL,NULL,NULL,0),('1987/Ensemble','Industrie des pâtes alimentaires',1987,'EPSTD',NULL,NULL,NULL,NULL,NULL,NULL,NULL,NULL,NULL,NULL,NULL,NULL,NULL,NULL,NULL,NULL,NULL,NULL,NULL,NULL,NULL,NULL,NULL,NULL,NULL,NULL,NULL,NULL,NULL,NULL,NULL,NULL,NULL,NULL,NULL,NULL,NULL,NULL,NULL,NULL,NULL,NULL,NULL,NULL,NULL,NULL,NULL,NULL,NULL,NULL,NULL,NULL,NULL,NULL,NULL,NULL,NULL,NULL,NULL,NULL,NULL,NULL,NULL,NULL,NULL,NULL,NULL,NULL,NULL,NULL,0),('2002/Cadre','Blanchisserie interrégionale',2002,'C',NULL,NULL,NULL,NULL,NULL,NULL,NULL,NULL,NULL,NULL,NULL,NULL,NULL,NULL,NULL,NULL,NULL,NULL,NULL,NULL,NULL,NULL,NULL,NULL,NULL,NULL,NULL,NULL,NULL,NULL,NULL,NULL,NULL,NULL,NULL,NULL,NULL,NULL,NULL,NULL,NULL,NULL,NULL,NULL,NULL,NULL,NULL,NULL,NULL,NULL,NULL,NULL,NULL,NULL,NULL,NULL,NULL,NULL,NULL,1,NULL,NULL,NULL,NULL,NULL,NULL,NULL,NULL,NULL,NULL,0),('2002/Non Cadre','Blanchisserie interrégionale',2002,'NC',NULL,NULL,NULL,NULL,NULL,NULL,NULL,NULL,NULL,NULL,NULL,NULL,NULL,NULL,NULL,NULL,NULL,NULL,NULL,NULL,NULL,NULL,NULL,NULL,NULL,NULL,NULL,NULL,NULL,NULL,NULL,NULL,NULL,NULL,NULL,NULL,NULL,NULL,NULL,NULL,NULL,NULL,NULL,NULL,NULL,NULL,NULL,NULL,NULL,NULL,NULL,NULL,NULL,NULL,NULL,NULL,NULL,NULL,NULL,NULL,NULL,NULL,NULL,NULL,NULL,NULL,NULL,NULL,NULL,NULL,0),('2002/Ensemble','Blanchisserie interrégionale',2002,'EPSTD',NULL,NULL,NULL,NULL,NULL,NULL,NULL,NULL,NULL,NULL,NULL,NULL,NULL,NULL,NULL,NULL,NULL,NULL,NULL,NULL,NULL,NULL,NULL,NULL,NULL,NULL,NULL,NULL,NULL,NULL,NULL,NULL,NULL,NULL,NULL,NULL,NULL,NULL,NULL,NULL,NULL,NULL,NULL,NULL,NULL,NULL,NULL,NULL,NULL,NULL,NULL,NULL,NULL,NULL,NULL,NULL,NULL,NULL,NULL,NULL,NULL,NULL,NULL,NULL,NULL,NULL,NULL,NULL,NULL,NULL,0),('2046/Cadre','Centres de lutte contre le cancer',2046,'C',0.60000,0.60000,0.60000,NULL,NULL,'CONTINUE',90,0,1,2.50000,3.15000,0.00000,NULL,NULL,NULL,NULL,NULL,NULL,NULL,NULL,NULL,NULL,NULL,NULL,NULL,NULL,NULL,'FORMULE',NULL,NULL,NULL,0.00100,NULL,NULL,NULL,NULL,NULL,NULL,17,NULL,NULL,0.25000,NULL,NULL,NULL,NULL,NULL,NULL,NULL,0.30000,0.60000,NULL,NULL,NULL,NULL,NULL,NULL,NULL,'Non défini',NULL,NULL,NULL,NULL,NULL,NULL,NULL,NULL,NULL,NULL,NULL,1),('2046/Non Cadre','Centres de lutte contre le cancer',2046,'NC',0.61600,0.61600,NULL,NULL,NULL,'CONTINUE',90,0,1,2.50000,3.15000,0.00000,NULL,NULL,NULL,NULL,NULL,NULL,NULL,NULL,NULL,NULL,NULL,NULL,NULL,NULL,NULL,'FORMULE',NULL,NULL,NULL,0.00100,NULL,NULL,NULL,NULL,NULL,NULL,17,NULL,NULL,0.25000,NULL,NULL,NULL,NULL,NULL,NULL,NULL,0.30800,0.61600,NULL,NULL,NULL,NULL,NULL,NULL,NULL,'Non défini',NULL,NULL,NULL,NULL,NULL,NULL,NULL,NULL,NULL,NULL,NULL,1),('2046/Ensemble','Centres de lutte contre le cancer',2046,'EPSTD',0.61600,0.61600,0.61600,NULL,NULL,'CONTINUE',90,0,1,2.50000,3.15000,0.00000,NULL,NULL,NULL,NULL,NULL,NULL,NULL,NULL,NULL,NULL,NULL,NULL,NULL,NULL,NULL,'FORMULE',NULL,NULL,NULL,0.00100,NULL,NULL,NULL,NULL,NULL,NULL,17,NULL,NULL,0.25000,NULL,NULL,NULL,NULL,NULL,NULL,NULL,0.30800,0.61600,NULL,NULL,NULL,NULL,NULL,NULL,NULL,NULL,NULL,NULL,NULL,NULL,NULL,NULL,NULL,NULL,NULL,NULL,NULL,1),('2121/Cadre','Edition',2121,'C',0.75000,0.75000,0.75000,NULL,NULL,'CONTINUE',45,0,NULL,1.00000,1.00000,0.01000,NULL,NULL,NULL,NULL,NULL,NULL,NULL,NULL,NULL,NULL,NULL,NULL,NULL,NULL,NULL,NULL,NULL,NULL,NULL,NULL,NULL,NULL,NULL,NULL,NULL,NULL,16,25,NULL,0.20000,0.25000,NULL,NULL,NULL,1.00000,NULL,NULL,NULL,0.01000,NULL,NULL,NULL,NULL,NULL,NULL,NULL,'Non défini',NULL,NULL,NULL,NULL,NULL,NULL,NULL,NULL,0.01500,0.04000,NULL,1),('2121/Non Cadre','Edition',2121,'NC',0.75000,0.75000,NULL,NULL,NULL,'CONTINUE',45,0,NULL,1.00000,1.00000,0.01000,NULL,NULL,NULL,NULL,NULL,NULL,NULL,NULL,NULL,NULL,NULL,NULL,NULL,NULL,NULL,NULL,NULL,NULL,NULL,NULL,NULL,NULL,NULL,NULL,NULL,NULL,16,25,NULL,0.20000,0.25000,NULL,NULL,NULL,1.00000,NULL,NULL,NULL,0.01000,NULL,NULL,NULL,NULL,NULL,NULL,NULL,'Non défini',NULL,NULL,NULL,NULL,NULL,NULL,NULL,NULL,0.01500,0.04000,NULL,1),('2121/Ensemble','Edition',2121,'EPSTD',0.75000,0.75000,0.75000,NULL,NULL,'CONTINUE',45,0,NULL,1.00000,1.00000,0.01000,NULL,NULL,NULL,NULL,NULL,NULL,NULL,NULL,NULL,NULL,NULL,NULL,NULL,NULL,NULL,NULL,NULL,NULL,NULL,NULL,NULL,NULL,NULL,NULL,NULL,NULL,16,25,NULL,0.20000,0.25000,NULL,NULL,NULL,1.00000,NULL,NULL,NULL,0.01000,NULL,NULL,NULL,NULL,NULL,NULL,NULL,NULL,NULL,NULL,NULL,NULL,NULL,NULL,NULL,NULL,0.01500,0.04000,NULL,1),('2147/Cadre','Entreprises des services d\'eau et d\'assainissement',2147,'C',NULL,NULL,NULL,NULL,NULL,NULL,NULL,NULL,NULL,0.01000,0.01000,NULL,NULL,NULL,NULL,NULL,NULL,NULL,NULL,NULL,NULL,NULL,NULL,NULL,NULL,NULL,NULL,NULL,NULL,NULL,NULL,NULL,NULL,NULL,NULL,NULL,NULL,NULL,NULL,NULL,NULL,NULL,NULL,NULL,NULL,NULL,NULL,NULL,NULL,0.01000,0.01000,NULL,NULL,NULL,NULL,NULL,NULL,NULL,'Non défini',NULL,NULL,NULL,NULL,NULL,NULL,NULL,NULL,NULL,NULL,NULL,1),('2147/Non Cadre','Entreprises des services d\'eau et d\'assainissement',2147,'NC',NULL,NULL,NULL,NULL,NULL,NULL,NULL,NULL,NULL,0.01000,0.01000,NULL,NULL,NULL,NULL,NULL,NULL,NULL,NULL,NULL,NULL,NULL,NULL,NULL,NULL,NULL,NULL,NULL,NULL,NULL,NULL,NULL,NULL,NULL,NULL,NULL,NULL,NULL,NULL,NULL,NULL,NULL,NULL,NULL,NULL,NULL,NULL,NULL,NULL,0.01000,0.01000,NULL,NULL,NULL,NULL,NULL,NULL,NULL,'Non défini',NULL,NULL,NULL,NULL,NULL,NULL,NULL,NULL,NULL,NULL,NULL,1),('2147/Ensemble','Entreprises des services d\'eau et d\'assainissement',2147,'EPSTD',NULL,NULL,NULL,NULL,NULL,NULL,NULL,NULL,NULL,0.01000,0.01000,NULL,NULL,NULL,NULL,NULL,NULL,NULL,NULL,NULL,NULL,NULL,NULL,NULL,NULL,NULL,NULL,NULL,NULL,NULL,NULL,NULL,NULL,NULL,NULL,NULL,NULL,NULL,NULL,NULL,NULL,NULL,NULL,NULL,NULL,NULL,NULL,NULL,NULL,0.01000,0.01000,NULL,NULL,NULL,NULL,NULL,NULL,NULL,NULL,NULL,NULL,NULL,NULL,NULL,NULL,NULL,NULL,NULL,NULL,NULL,1),('2148/Cadre','Télécommunications',2148,'C',0.98800,0.98800,0.98800,NULL,NULL,'DISCONTINUE',105,0,0,1.50000,1.80000,0.30000,NULL,NULL,NULL,NULL,1.00000,NULL,NULL,NULL,NULL,NULL,NULL,NULL,NULL,NULL,NULL,NULL,NULL,NULL,NULL,NULL,NULL,NULL,NULL,NULL,NULL,NULL,17,18,NULL,0.08000,0.10000,NULL,NULL,NULL,NULL,NULL,NULL,0.41250,0.82500,NULL,NULL,0.81000,NULL,NULL,NULL,NULL,NULL,NULL,NULL,NULL,NULL,NULL,NULL,NULL,NULL,NULL,NULL,NULL,1),('2148/Non Cadre','Télécommunications',2148,'NC',0.97800,0.97800,NULL,NULL,NULL,'DISCONTINUE',105,0,0,1.50000,1.80000,0.30000,NULL,NULL,NULL,NULL,1.00000,NULL,NULL,NULL,NULL,NULL,NULL,NULL,NULL,NULL,NULL,NULL,NULL,NULL,NULL,NULL,NULL,NULL,NULL,NULL,NULL,NULL,17,18,NULL,0.08000,0.10000,NULL,NULL,NULL,NULL,NULL,NULL,0.42350,0.84700,NULL,NULL,0.81700,NULL,NULL,NULL,NULL,NULL,NULL,NULL,NULL,NULL,NULL,NULL,NULL,NULL,NULL,NULL,NULL,1),('2148/Ensemble','Télécommunications',2148,'EPSTD',0.98800,0.98800,0.98800,NULL,NULL,'DISCONTINUE',105,0,0,1.50000,1.80000,0.30000,NULL,NULL,NULL,NULL,1.00000,NULL,NULL,NULL,NULL,NULL,NULL,NULL,NULL,NULL,NULL,NULL,NULL,NULL,NULL,NULL,NULL,NULL,NULL,NULL,NULL,NULL,17,18,NULL,0.08000,0.10000,NULL,NULL,NULL,NULL,NULL,NULL,0.42350,0.84700,NULL,NULL,0.81700,NULL,NULL,NULL,NULL,NULL,NULL,NULL,NULL,NULL,NULL,NULL,NULL,NULL,NULL,NULL,NULL,1),('2152/Cadre','Personnel enseignant formateur des CFA et CFC',2152,'C',NULL,NULL,NULL,NULL,NULL,NULL,NULL,NULL,NULL,NULL,NULL,NULL,NULL,NULL,NULL,NULL,NULL,NULL,NULL,NULL,NULL,NULL,NULL,NULL,NULL,NULL,NULL,NULL,NULL,NULL,NULL,NULL,NULL,NULL,NULL,NULL,NULL,NULL,NULL,NULL,NULL,NULL,NULL,NULL,NULL,NULL,NULL,NULL,NULL,NULL,NULL,NULL,NULL,NULL,NULL,NULL,NULL,NULL,NULL,1,NULL,NULL,NULL,NULL,NULL,NULL,NULL,NULL,NULL,NULL,0),('2152/Non Cadre','Personnel enseignant formateur des CFA et CFC',2152,'NC',NULL,NULL,NULL,NULL,NULL,NULL,NULL,NULL,NULL,NULL,NULL,NULL,NULL,NULL,NULL,NULL,NULL,NULL,NULL,NULL,NULL,NULL,NULL,NULL,NULL,NULL,NULL,NULL,NULL,NULL,NULL,NULL,NULL,NULL,NULL,NULL,NULL,NULL,NULL,NULL,NULL,NULL,NULL,NULL,NULL,NULL,NULL,NULL,NULL,NULL,NULL,NULL,NULL,NULL,NULL,NULL,NULL,NULL,NULL,NULL,NULL,NULL,NULL,NULL,NULL,NULL,NULL,NULL,NULL,NULL,0),('2152/Ensemble','Personnel enseignant formateur des CFA et CFC',2152,'EPSTD',NULL,NULL,NULL,NULL,NULL,NULL,NULL,NULL,NULL,NULL,NULL,NULL,NULL,NULL,NULL,NULL,NULL,NULL,NULL,NULL,NULL,NULL,NULL,NULL,NULL,NULL,NULL,NULL,NULL,NULL,NULL,NULL,NULL,NULL,NULL,NULL,NULL,NULL,NULL,NULL,NULL,NULL,NULL,NULL,NULL,NULL,NULL,NULL,NULL,NULL,NULL,NULL,NULL,NULL,NULL,NULL,NULL,NULL,NULL,NULL,NULL,NULL,NULL,NULL,NULL,NULL,NULL,NULL,NULL,NULL,0),('2156/Cadre','Grands Magasins et magasins Populaires',2156,'C',NULL,NULL,NULL,NULL,NULL,NULL,NULL,NULL,NULL,NULL,NULL,NULL,NULL,NULL,NULL,NULL,NULL,NULL,NULL,NULL,NULL,NULL,NULL,NULL,NULL,NULL,NULL,NULL,NULL,NULL,NULL,NULL,NULL,NULL,NULL,NULL,NULL,NULL,NULL,NULL,NULL,NULL,NULL,NULL,NULL,NULL,NULL,NULL,NULL,NULL,NULL,NULL,NULL,NULL,NULL,NULL,NULL,NULL,NULL,1,NULL,NULL,NULL,NULL,NULL,NULL,NULL,NULL,NULL,NULL,0),('2156/Non Cadre','Grands Magasins et magasins Populaires',2156,'NC',NULL,NULL,NULL,NULL,NULL,NULL,NULL,NULL,NULL,NULL,NULL,NULL,NULL,NULL,NULL,NULL,NULL,NULL,NULL,NULL,NULL,NULL,NULL,NULL,NULL,NULL,NULL,NULL,NULL,NULL,NULL,NULL,NULL,NULL,NULL,NULL,NULL,NULL,NULL,NULL,NULL,NULL,NULL,NULL,NULL,NULL,NULL,NULL,NULL,NULL,NULL,NULL,NULL,NULL,NULL,NULL,NULL,NULL,NULL,NULL,NULL,NULL,NULL,NULL,NULL,NULL,NULL,NULL,NULL,NULL,0),('2156/Ensemble','Grands Magasins et magasins Populaires',2156,'EPSTD',NULL,NULL,NULL,NULL,NULL,NULL,NULL,NULL,NULL,NULL,NULL,NULL,NULL,NULL,NULL,NULL,NULL,NULL,NULL,NULL,NULL,NULL,NULL,NULL,NULL,NULL,NULL,NULL,NULL,NULL,NULL,NULL,NULL,NULL,NULL,NULL,NULL,NULL,NULL,NULL,NULL,NULL,NULL,NULL,NULL,NULL,NULL,NULL,NULL,NULL,NULL,NULL,NULL,NULL,NULL,NULL,NULL,NULL,NULL,NULL,NULL,NULL,NULL,NULL,NULL,NULL,NULL,NULL,NULL,NULL,0),('2174/Cadre','Navigation intérieure de marchandises sédentaire',2174,'C',0.75000,0.75000,0.75000,NULL,NULL,'CONTINUE',90,0,0,0.75000,1.00000,0.25000,NULL,NULL,NULL,NULL,1.00000,NULL,NULL,NULL,NULL,NULL,NULL,NULL,NULL,NULL,NULL,NULL,NULL,NULL,NULL,NULL,NULL,NULL,NULL,NULL,NULL,NULL,NULL,NULL,NULL,NULL,NULL,NULL,NULL,NULL,NULL,NULL,NULL,0.45000,0.75000,NULL,NULL,NULL,NULL,NULL,NULL,NULL,'Non défini',NULL,NULL,NULL,NULL,NULL,NULL,NULL,NULL,NULL,NULL,NULL,1),('2174/Non Cadre','Navigation intérieure de marchandises sédentaire',2174,'NC',0.75000,0.75000,0.75000,NULL,NULL,'CONTINUE',90,0,0,0.75000,1.00000,0.25000,NULL,NULL,NULL,NULL,1.00000,NULL,NULL,NULL,NULL,NULL,NULL,NULL,NULL,NULL,NULL,NULL,NULL,NULL,NULL,NULL,NULL,NULL,NULL,NULL,NULL,NULL,NULL,NULL,NULL,NULL,NULL,NULL,NULL,NULL,NULL,NULL,NULL,0.45000,0.75000,NULL,NULL,NULL,NULL,NULL,NULL,NULL,'Non défini',NULL,NULL,NULL,NULL,NULL,NULL,NULL,NULL,NULL,NULL,NULL,1),('2174/Ensemble','Navigation intérieure de marchandises sédentaire',2174,'EPSTD',0.75000,0.75000,0.75000,NULL,NULL,'CONTINUE',90,0,0,0.75000,1.00000,0.25000,NULL,NULL,NULL,NULL,1.00000,NULL,NULL,NULL,NULL,NULL,NULL,NULL,NULL,NULL,NULL,NULL,NULL,NULL,NULL,NULL,NULL,NULL,NULL,NULL,NULL,NULL,NULL,NULL,NULL,NULL,NULL,NULL,NULL,NULL,NULL,NULL,NULL,0.45000,0.75000,NULL,NULL,NULL,NULL,NULL,NULL,NULL,'Non défini',NULL,NULL,NULL,NULL,NULL,NULL,NULL,NULL,NULL,NULL,NULL,1),('2198/Cadre','Vente à distance',2198,'C',0.01000,0.01000,0.01000,NULL,NULL,'CONTINUE',180,0,NULL,0.01000,0.01000,NULL,NULL,NULL,NULL,NULL,NULL,NULL,NULL,NULL,NULL,NULL,NULL,NULL,NULL,NULL,NULL,NULL,NULL,NULL,NULL,NULL,NULL,NULL,NULL,NULL,NULL,NULL,NULL,NULL,NULL,NULL,NULL,NULL,NULL,NULL,NULL,NULL,NULL,0.01000,0.01000,NULL,NULL,NULL,NULL,NULL,NULL,NULL,'ART. 4 CCN 47',1,NULL,NULL,NULL,NULL,NULL,NULL,NULL,NULL,NULL,NULL,1),('2198/Non Cadre','Vente à distance',2198,'NC',0.01000,0.01000,NULL,NULL,NULL,'CONTINUE',180,0,NULL,0.01000,0.01000,NULL,NULL,NULL,NULL,NULL,NULL,NULL,NULL,NULL,NULL,NULL,NULL,NULL,NULL,NULL,NULL,NULL,NULL,NULL,NULL,NULL,NULL,NULL,NULL,NULL,NULL,NULL,NULL,NULL,NULL,NULL,NULL,NULL,NULL,NULL,NULL,NULL,NULL,0.01000,0.01000,NULL,NULL,NULL,NULL,NULL,NULL,NULL,'Non défini',NULL,NULL,NULL,NULL,NULL,NULL,NULL,NULL,NULL,NULL,NULL,1),('2198/Ensemble','Vente à distance',2198,'EPSTD',0.01000,0.01000,0.01000,NULL,NULL,'CONTINUE',180,0,NULL,0.01000,0.01000,NULL,NULL,NULL,NULL,NULL,NULL,NULL,NULL,NULL,NULL,NULL,NULL,NULL,NULL,NULL,NULL,NULL,NULL,NULL,NULL,NULL,NULL,NULL,NULL,NULL,NULL,NULL,NULL,NULL,NULL,NULL,NULL,NULL,NULL,NULL,NULL,NULL,NULL,0.01000,0.01000,NULL,NULL,NULL,NULL,NULL,NULL,NULL,NULL,NULL,NULL,NULL,NULL,NULL,NULL,NULL,NULL,NULL,NULL,NULL,1),('2219/Cadre','Taxis parisiens salariés',2219,'C',NULL,NULL,NULL,NULL,NULL,NULL,NULL,NULL,NULL,NULL,NULL,NULL,NULL,NULL,NULL,NULL,NULL,NULL,NULL,NULL,NULL,NULL,NULL,NULL,NULL,NULL,NULL,NULL,NULL,NULL,NULL,NULL,NULL,NULL,NULL,NULL,NULL,NULL,NULL,NULL,NULL,NULL,NULL,NULL,NULL,NULL,NULL,NULL,NULL,NULL,NULL,NULL,NULL,NULL,NULL,NULL,NULL,NULL,NULL,1,NULL,NULL,NULL,NULL,NULL,NULL,NULL,NULL,NULL,NULL,0),('2219/Non Cadre','Taxis parisiens salariés',2219,'NC',NULL,NULL,NULL,NULL,NULL,NULL,NULL,NULL,NULL,NULL,NULL,NULL,NULL,NULL,NULL,NULL,NULL,NULL,NULL,NULL,NULL,NULL,NULL,NULL,NULL,NULL,NULL,NULL,NULL,NULL,NULL,NULL,NULL,NULL,NULL,NULL,NULL,NULL,NULL,NULL,NULL,NULL,NULL,NULL,NULL,NULL,NULL,NULL,NULL,NULL,NULL,NULL,NULL,NULL,NULL,NULL,NULL,NULL,NULL,NULL,NULL,NULL,NULL,NULL,NULL,NULL,NULL,NULL,NULL,NULL,0),('2219/Ensemble','Taxis parisiens salariés',2219,'EPSTD',NULL,NULL,NULL,NULL,NULL,NULL,NULL,NULL,NULL,NULL,NULL,NULL,NULL,NULL,NULL,NULL,NULL,NULL,NULL,NULL,NULL,NULL,NULL,NULL,NULL,NULL,NULL,NULL,NULL,NULL,NULL,NULL,NULL,NULL,NULL,NULL,NULL,NULL,NULL,NULL,NULL,NULL,NULL,NULL,NULL,NULL,NULL,NULL,NULL,NULL,NULL,NULL,NULL,NULL,NULL,NULL,NULL,NULL,NULL,NULL,NULL,NULL,NULL,NULL,NULL,NULL,NULL,NULL,NULL,NULL,0),('2266/Cadre','Métallurgie Mayenne',2266,'C',NULL,NULL,NULL,NULL,NULL,NULL,NULL,NULL,NULL,NULL,NULL,NULL,NULL,NULL,NULL,NULL,NULL,NULL,NULL,NULL,NULL,NULL,NULL,NULL,NULL,NULL,NULL,NULL,NULL,NULL,NULL,NULL,NULL,NULL,NULL,NULL,NULL,NULL,NULL,NULL,NULL,NULL,NULL,NULL,NULL,NULL,NULL,NULL,NULL,NULL,NULL,NULL,NULL,NULL,NULL,NULL,NULL,NULL,NULL,1,NULL,NULL,NULL,NULL,NULL,NULL,NULL,NULL,NULL,NULL,0),('2266/Non Cadre','Métallurgie Mayenne',2266,'NC',NULL,NULL,NULL,NULL,NULL,NULL,NULL,NULL,NULL,NULL,NULL,NULL,NULL,NULL,NULL,NULL,NULL,NULL,NULL,NULL,NULL,NULL,NULL,NULL,NULL,NULL,NULL,NULL,NULL,NULL,NULL,NULL,NULL,NULL,NULL,NULL,NULL,NULL,NULL,NULL,NULL,NULL,NULL,NULL,NULL,NULL,NULL,NULL,NULL,NULL,NULL,NULL,NULL,NULL,NULL,NULL,NULL,NULL,NULL,NULL,NULL,NULL,NULL,NULL,NULL,NULL,NULL,NULL,NULL,NULL,0),('2266/Ensemble','Métallurgie Mayenne',2266,'EPSTD',NULL,NULL,NULL,NULL,NULL,NULL,NULL,NULL,NULL,NULL,NULL,NULL,NULL,NULL,NULL,NULL,NULL,NULL,NULL,NULL,NULL,NULL,NULL,NULL,NULL,NULL,NULL,NULL,NULL,NULL,NULL,NULL,NULL,NULL,NULL,NULL,NULL,NULL,NULL,NULL,NULL,NULL,NULL,NULL,NULL,NULL,NULL,NULL,NULL,NULL,NULL,NULL,NULL,NULL,NULL,NULL,NULL,NULL,NULL,NULL,NULL,NULL,NULL,NULL,NULL,NULL,NULL,NULL,NULL,NULL,0),('2344/Cadre','Sidérurgie',2344,'C',NULL,NULL,NULL,NULL,NULL,NULL,NULL,NULL,NULL,NULL,NULL,NULL,NULL,NULL,NULL,NULL,NULL,NULL,NULL,NULL,NULL,NULL,NULL,NULL,NULL,NULL,NULL,NULL,NULL,NULL,NULL,NULL,NULL,NULL,NULL,NULL,NULL,NULL,NULL,NULL,NULL,NULL,NULL,NULL,NULL,NULL,NULL,NULL,NULL,NULL,NULL,NULL,NULL,NULL,NULL,NULL,NULL,NULL,NULL,1,NULL,NULL,NULL,NULL,NULL,NULL,NULL,0.01700,0.01700,0.01700,1),('2344/Non Cadre','Sidérurgie',2344,'NC',NULL,NULL,NULL,NULL,NULL,NULL,NULL,NULL,NULL,NULL,NULL,NULL,NULL,NULL,NULL,NULL,NULL,NULL,NULL,NULL,NULL,NULL,NULL,NULL,NULL,NULL,NULL,NULL,NULL,NULL,NULL,NULL,NULL,NULL,NULL,NULL,NULL,NULL,NULL,NULL,NULL,NULL,NULL,NULL,NULL,NULL,NULL,NULL,NULL,NULL,NULL,NULL,NULL,NULL,NULL,NULL,NULL,NULL,NULL,NULL,NULL,NULL,NULL,NULL,NULL,NULL,NULL,0.01700,0.01700,NULL,1),('2344/Ensemble','Sidérurgie',2344,'EPSTD',NULL,NULL,NULL,NULL,NULL,NULL,NULL,NULL,NULL,NULL,NULL,NULL,NULL,NULL,NULL,NULL,NULL,NULL,NULL,NULL,NULL,NULL,NULL,NULL,NULL,NULL,NULL,NULL,NULL,NULL,NULL,NULL,NULL,NULL,NULL,NULL,NULL,NULL,NULL,NULL,NULL,NULL,NULL,NULL,NULL,NULL,NULL,NULL,NULL,NULL,NULL,NULL,NULL,NULL,NULL,NULL,NULL,NULL,NULL,NULL,NULL,NULL,NULL,NULL,NULL,NULL,NULL,0.01700,0.01700,0.01700,1),('2397/Cadre','Agences de mannequins',2397,'C',NULL,NULL,NULL,NULL,NULL,NULL,NULL,NULL,NULL,NULL,NULL,NULL,NULL,NULL,NULL,NULL,NULL,NULL,NULL,NULL,NULL,NULL,NULL,NULL,NULL,NULL,NULL,NULL,NULL,NULL,NULL,NULL,NULL,NULL,NULL,NULL,NULL,NULL,NULL,NULL,NULL,NULL,NULL,NULL,NULL,NULL,NULL,NULL,NULL,NULL,NULL,NULL,NULL,NULL,NULL,NULL,NULL,NULL,NULL,1,NULL,NULL,NULL,NULL,NULL,NULL,NULL,NULL,NULL,NULL,0),('2397/Non Cadre','Agences de mannequins',2397,'NC',NULL,NULL,NULL,NULL,NULL,NULL,NULL,NULL,NULL,NULL,NULL,NULL,NULL,NULL,NULL,NULL,NULL,NULL,NULL,NULL,NULL,NULL,NULL,NULL,NULL,NULL,NULL,NULL,NULL,NULL,NULL,NULL,NULL,NULL,NULL,NULL,NULL,NULL,NULL,NULL,NULL,NULL,NULL,NULL,NULL,NULL,NULL,NULL,NULL,NULL,NULL,NULL,NULL,NULL,NULL,NULL,NULL,NULL,NULL,NULL,NULL,NULL,NULL,NULL,NULL,NULL,NULL,NULL,NULL,NULL,0),('2397/Ensemble','Agences de mannequins',2397,'EPSTD',NULL,NULL,NULL,NULL,NULL,NULL,NULL,NULL,NULL,NULL,NULL,NULL,NULL,NULL,NULL,NULL,NULL,NULL,NULL,NULL,NULL,NULL,NULL,NULL,NULL,NULL,NULL,NULL,NULL,NULL,NULL,NULL,NULL,NULL,NULL,NULL,NULL,NULL,NULL,NULL,NULL,NULL,NULL,NULL,NULL,NULL,NULL,NULL,NULL,NULL,NULL,NULL,NULL,NULL,NULL,NULL,NULL,NULL,NULL,NULL,NULL,NULL,NULL,NULL,NULL,NULL,NULL,NULL,NULL,NULL,0),('2528/Cadre','Industries de la maroquinerie',2528,'C',NULL,NULL,NULL,NULL,NULL,NULL,NULL,NULL,NULL,NULL,NULL,NULL,NULL,NULL,NULL,NULL,NULL,NULL,NULL,NULL,NULL,NULL,NULL,NULL,NULL,NULL,NULL,NULL,NULL,NULL,NULL,NULL,NULL,NULL,NULL,NULL,NULL,NULL,NULL,NULL,NULL,NULL,NULL,NULL,NULL,NULL,NULL,NULL,NULL,NULL,NULL,NULL,NULL,NULL,NULL,NULL,NULL,NULL,NULL,1,NULL,NULL,NULL,NULL,NULL,NULL,NULL,NULL,NULL,NULL,0),('2528/Non Cadre','Industries de la maroquinerie',2528,'NC',NULL,NULL,NULL,NULL,NULL,NULL,NULL,NULL,NULL,NULL,NULL,NULL,NULL,NULL,NULL,NULL,NULL,NULL,NULL,NULL,NULL,NULL,NULL,NULL,NULL,NULL,NULL,NULL,NULL,NULL,NULL,NULL,NULL,NULL,NULL,NULL,NULL,NULL,NULL,NULL,NULL,NULL,NULL,NULL,NULL,NULL,NULL,NULL,NULL,NULL,NULL,NULL,NULL,NULL,NULL,NULL,NULL,NULL,NULL,NULL,NULL,NULL,NULL,NULL,NULL,NULL,NULL,NULL,NULL,NULL,0),('2528/Ensemble','Industries de la maroquinerie',2528,'EPSTD',NULL,NULL,NULL,NULL,NULL,NULL,NULL,NULL,NULL,NULL,NULL,NULL,NULL,NULL,NULL,NULL,NULL,NULL,NULL,NULL,NULL,NULL,NULL,NULL,NULL,NULL,NULL,NULL,NULL,NULL,NULL,NULL,NULL,NULL,NULL,NULL,NULL,NULL,NULL,NULL,NULL,NULL,NULL,NULL,NULL,NULL,NULL,NULL,NULL,NULL,NULL,NULL,NULL,NULL,NULL,NULL,NULL,NULL,NULL,NULL,NULL,NULL,NULL,NULL,NULL,NULL,NULL,NULL,NULL,NULL,0),('2583/Cadre','Sociétés concessionnaires exploitantes d\'autoroutes',2583,'C',0.01000,0.01000,0.01000,NULL,NULL,'CONTINUE',180,0,NULL,0.01000,0.01000,NULL,NULL,NULL,NULL,NULL,NULL,NULL,NULL,NULL,NULL,NULL,NULL,NULL,NULL,NULL,NULL,NULL,NULL,NULL,NULL,NULL,NULL,NULL,NULL,NULL,NULL,NULL,NULL,NULL,NULL,NULL,NULL,NULL,NULL,NULL,NULL,NULL,NULL,0.01000,0.01000,NULL,NULL,NULL,NULL,NULL,NULL,NULL,'Non défini',NULL,NULL,NULL,NULL,NULL,NULL,NULL,NULL,NULL,NULL,NULL,1),('2583/Non Cadre','Sociétés concessionnaires exploitantes d\'autoroutes',2583,'NC',0.01000,0.01000,NULL,NULL,NULL,'CONTINUE',180,0,NULL,0.01000,0.01000,NULL,NULL,NULL,NULL,NULL,NULL,NULL,NULL,NULL,NULL,NULL,NULL,NULL,NULL,NULL,NULL,NULL,NULL,NULL,NULL,NULL,NULL,NULL,NULL,NULL,NULL,NULL,NULL,NULL,NULL,NULL,NULL,NULL,NULL,NULL,NULL,NULL,NULL,0.01000,0.01000,NULL,NULL,NULL,NULL,NULL,NULL,NULL,'Non défini',NULL,NULL,NULL,NULL,NULL,NULL,NULL,NULL,NULL,NULL,NULL,1),('2583/Ensemble','Sociétés concessionnaires exploitantes d\'autoroutes',2583,'EPSTD',0.01000,0.01000,0.01000,NULL,NULL,'CONTINUE',180,0,NULL,0.01000,0.01000,NULL,NULL,NULL,NULL,NULL,NULL,NULL,NULL,NULL,NULL,NULL,NULL,NULL,NULL,NULL,NULL,NULL,NULL,NULL,NULL,NULL,NULL,NULL,NULL,NULL,NULL,NULL,NULL,NULL,NULL,NULL,NULL,NULL,NULL,NULL,NULL,NULL,NULL,0.01000,0.01000,NULL,NULL,NULL,NULL,NULL,NULL,NULL,NULL,NULL,NULL,NULL,NULL,NULL,NULL,NULL,NULL,NULL,NULL,NULL,1),('2636/Cadre','Enseignement écoles supérieures d\'ingénieurs et cadres',2636,'C',0.01000,0.01000,0.01000,NULL,NULL,'CONTINUE',180,NULL,NULL,0.01000,0.01000,NULL,NULL,NULL,NULL,NULL,NULL,NULL,NULL,NULL,NULL,NULL,NULL,NULL,NULL,NULL,NULL,NULL,NULL,NULL,NULL,NULL,NULL,NULL,NULL,NULL,NULL,NULL,17,NULL,NULL,0.00100,NULL,NULL,NULL,NULL,NULL,NULL,NULL,0.01000,0.01000,NULL,NULL,NULL,NULL,NULL,NULL,NULL,'Non défini',NULL,NULL,NULL,NULL,NULL,NULL,NULL,NULL,0.01500,NULL,NULL,1),('2636/Non Cadre','Enseignement écoles supérieures d\'ingénieurs et cadres',2636,'NC',0.01000,0.01000,NULL,NULL,NULL,'CONTINUE',180,NULL,NULL,0.01000,0.01000,NULL,NULL,NULL,NULL,NULL,NULL,NULL,NULL,NULL,NULL,NULL,NULL,NULL,NULL,NULL,NULL,NULL,NULL,NULL,NULL,NULL,NULL,NULL,NULL,NULL,NULL,NULL,17,NULL,NULL,0.00100,NULL,NULL,NULL,NULL,NULL,NULL,NULL,0.01000,0.01000,NULL,NULL,NULL,NULL,NULL,NULL,NULL,'Non défini',NULL,NULL,NULL,NULL,NULL,NULL,NULL,NULL,NULL,NULL,NULL,1),('2636/Ensemble','Enseignement écoles supérieures d\'ingénieurs et cadres',2636,'EPSTD',0.01000,0.01000,0.01000,NULL,NULL,'CONTINUE',180,NULL,NULL,0.01000,0.01000,NULL,NULL,NULL,NULL,NULL,NULL,NULL,NULL,NULL,NULL,NULL,NULL,NULL,NULL,NULL,NULL,NULL,NULL,NULL,NULL,NULL,NULL,NULL,NULL,NULL,NULL,NULL,17,NULL,NULL,0.00100,NULL,NULL,NULL,NULL,NULL,NULL,NULL,0.01000,0.01000,NULL,NULL,NULL,NULL,NULL,NULL,NULL,'Non défini',NULL,NULL,NULL,NULL,NULL,NULL,NULL,NULL,0.01500,NULL,NULL,1),('2642/Cadre','Production audiovisuelle',2642,'C',NULL,NULL,NULL,NULL,NULL,NULL,NULL,NULL,NULL,NULL,NULL,NULL,NULL,NULL,NULL,NULL,NULL,NULL,NULL,NULL,NULL,NULL,NULL,NULL,NULL,NULL,NULL,NULL,NULL,NULL,NULL,NULL,NULL,NULL,NULL,NULL,NULL,NULL,NULL,NULL,NULL,NULL,NULL,NULL,NULL,NULL,NULL,NULL,NULL,NULL,NULL,NULL,NULL,NULL,NULL,NULL,NULL,NULL,'Non défini',1,NULL,NULL,NULL,NULL,NULL,NULL,NULL,NULL,NULL,NULL,1),('2642/Non Cadre','Production audiovisuelle',2642,'NC',0.80000,0.80000,0.00000,NULL,NULL,'CONTINUE',30,1,NULL,3.50000,4.30000,0.80000,NULL,NULL,NULL,NULL,1.00000,NULL,1.00000,NULL,NULL,NULL,NULL,NULL,NULL,NULL,NULL,NULL,NULL,NULL,NULL,NULL,NULL,NULL,NULL,NULL,NULL,NULL,10,17,25,0.10000,0.15000,0.15000,NULL,NULL,NULL,NULL,NULL,0.48000,0.80000,NULL,NULL,NULL,NULL,NULL,NULL,NULL,'Non défini',NULL,NULL,NULL,NULL,NULL,NULL,NULL,NULL,NULL,NULL,NULL,1),('2642/Ensemble','Production audiovisuelle',2642,'EPSTD',0.80000,0.80000,0.80000,NULL,NULL,'CONTINUE',30,1,NULL,3.50000,4.30000,0.80000,NULL,NULL,NULL,NULL,1.00000,NULL,1.00000,NULL,NULL,NULL,NULL,NULL,NULL,NULL,NULL,NULL,NULL,NULL,NULL,NULL,NULL,NULL,NULL,NULL,NULL,NULL,10,17,25,0.10000,0.15000,0.15000,NULL,NULL,NULL,NULL,NULL,0.48000,0.80000,NULL,NULL,NULL,NULL,NULL,NULL,NULL,NULL,NULL,NULL,NULL,NULL,NULL,NULL,NULL,NULL,NULL,NULL,NULL,1),('2717/Cadre','Entreprises techniques au service création événement',2717,'C',1.00000,1.00000,1.00000,NULL,NULL,'DISCONTINUE',90,0,NULL,2.00000,2.00000,0.25000,NULL,NULL,NULL,NULL,1.00000,NULL,1.00000,NULL,NULL,NULL,NULL,NULL,NULL,NULL,NULL,NULL,NULL,NULL,NULL,NULL,NULL,NULL,NULL,NULL,NULL,NULL,NULL,NULL,NULL,NULL,NULL,NULL,NULL,NULL,NULL,NULL,NULL,0.45000,0.75000,NULL,NULL,0.75000,0.75000,'FIXE',NULL,NULL,'Non défini',NULL,NULL,NULL,NULL,NULL,NULL,NULL,NULL,NULL,NULL,NULL,1),('2717/Non Cadre','Entreprises techniques au service création événement',2717,'NC',1.00000,1.00000,NULL,NULL,NULL,'DISCONTINUE',90,0,NULL,2.00000,2.00000,0.25000,NULL,NULL,NULL,NULL,1.00000,NULL,1.00000,NULL,NULL,NULL,NULL,NULL,NULL,NULL,NULL,NULL,NULL,NULL,NULL,NULL,NULL,NULL,NULL,NULL,NULL,NULL,NULL,NULL,NULL,NULL,NULL,NULL,NULL,NULL,NULL,NULL,NULL,0.45000,0.75000,NULL,NULL,0.75000,0.75000,'FIXE',NULL,NULL,'Non défini',NULL,NULL,NULL,NULL,NULL,NULL,NULL,NULL,NULL,NULL,NULL,1),('2717/Ensemble','Entreprises techniques au service création événement',2717,'EPSTD',1.00000,1.00000,1.00000,NULL,NULL,'DISCONTINUE',90,0,NULL,2.00000,2.00000,0.25000,NULL,NULL,NULL,NULL,1.00000,NULL,1.00000,NULL,NULL,NULL,NULL,NULL,NULL,NULL,NULL,NULL,NULL,NULL,NULL,NULL,NULL,NULL,NULL,NULL,NULL,NULL,NULL,NULL,NULL,NULL,NULL,NULL,NULL,NULL,NULL,NULL,NULL,0.45000,0.75000,NULL,NULL,0.75000,0.75000,'FIXE',NULL,NULL,NULL,NULL,NULL,NULL,NULL,NULL,NULL,NULL,NULL,NULL,NULL,NULL,1),('2972/Cadre','Navigation personnel sédentaire',2972,'C',NULL,NULL,NULL,NULL,NULL,NULL,NULL,NULL,NULL,1.00000,1.30000,0.30000,NULL,NULL,NULL,NULL,NULL,NULL,NULL,NULL,NULL,NULL,NULL,NULL,NULL,NULL,NULL,NULL,NULL,NULL,NULL,NULL,NULL,NULL,NULL,NULL,NULL,NULL,NULL,NULL,NULL,NULL,NULL,NULL,NULL,NULL,NULL,NULL,NULL,NULL,NULL,NULL,NULL,NULL,NULL,NULL,NULL,NULL,NULL,NULL,NULL,NULL,NULL,NULL,NULL,NULL,NULL,NULL,NULL,NULL,1),('2972/Non Cadre','Navigation personnel sédentaire',2972,'NC',NULL,NULL,NULL,NULL,NULL,NULL,NULL,NULL,NULL,1.00000,1.30000,0.30000,NULL,NULL,NULL,NULL,NULL,NULL,NULL,NULL,NULL,NULL,NULL,NULL,NULL,NULL,NULL,NULL,NULL,NULL,NULL,NULL,NULL,NULL,NULL,NULL,NULL,NULL,NULL,NULL,NULL,NULL,NULL,NULL,NULL,NULL,NULL,NULL,NULL,NULL,NULL,NULL,NULL,NULL,NULL,NULL,NULL,NULL,NULL,NULL,NULL,NULL,NULL,NULL,NULL,NULL,NULL,NULL,NULL,NULL,1),('2972/Ensemble','Navigation personnel sédentaire',2972,'EPSTD',NULL,NULL,NULL,NULL,NULL,NULL,NULL,NULL,NULL,1.00000,1.30000,0.30000,NULL,NULL,NULL,NULL,NULL,NULL,NULL,NULL,NULL,NULL,NULL,NULL,NULL,NULL,NULL,NULL,NULL,NULL,NULL,NULL,NULL,NULL,NULL,NULL,NULL,NULL,NULL,NULL,NULL,NULL,NULL,NULL,NULL,NULL,NULL,NULL,NULL,NULL,NULL,NULL,NULL,NULL,NULL,NULL,NULL,NULL,NULL,NULL,NULL,NULL,NULL,NULL,NULL,NULL,NULL,NULL,NULL,NULL,1),('2980/Cadre','Métallurgie Somme',2980,'C',NULL,NULL,NULL,NULL,NULL,NULL,NULL,NULL,NULL,NULL,NULL,NULL,NULL,NULL,NULL,NULL,NULL,NULL,NULL,NULL,NULL,NULL,NULL,NULL,NULL,NULL,NULL,NULL,NULL,NULL,NULL,NULL,NULL,NULL,NULL,NULL,NULL,NULL,NULL,NULL,NULL,NULL,NULL,NULL,NULL,NULL,NULL,NULL,NULL,NULL,NULL,NULL,NULL,NULL,NULL,NULL,NULL,NULL,NULL,1,NULL,NULL,NULL,NULL,NULL,NULL,NULL,NULL,NULL,NULL,0),('2980/Non Cadre','Métallurgie Somme',2980,'NC',NULL,NULL,NULL,NULL,NULL,NULL,NULL,NULL,NULL,NULL,NULL,NULL,NULL,NULL,NULL,NULL,NULL,NULL,NULL,NULL,NULL,NULL,NULL,NULL,NULL,NULL,NULL,NULL,NULL,NULL,NULL,NULL,NULL,NULL,NULL,NULL,NULL,NULL,NULL,NULL,NULL,NULL,NULL,NULL,NULL,NULL,NULL,NULL,NULL,NULL,NULL,NULL,NULL,NULL,NULL,NULL,NULL,NULL,NULL,NULL,NULL,NULL,NULL,NULL,NULL,NULL,NULL,NULL,NULL,NULL,0),('2980/Ensemble','Métallurgie Somme',2980,'EPSTD',NULL,NULL,NULL,NULL,NULL,NULL,NULL,NULL,NULL,NULL,NULL,NULL,NULL,NULL,NULL,NULL,NULL,NULL,NULL,NULL,NULL,NULL,NULL,NULL,NULL,NULL,NULL,NULL,NULL,NULL,NULL,NULL,NULL,NULL,NULL,NULL,NULL,NULL,NULL,NULL,NULL,NULL,NULL,NULL,NULL,NULL,NULL,NULL,NULL,NULL,NULL,NULL,NULL,NULL,NULL,NULL,NULL,NULL,NULL,NULL,NULL,NULL,NULL,NULL,NULL,NULL,NULL,NULL,NULL,NULL,0),('2992/Cadre','Métallurgie Indre et Loire',2992,'C',NULL,NULL,NULL,NULL,NULL,NULL,NULL,NULL,NULL,NULL,NULL,NULL,NULL,NULL,NULL,NULL,NULL,NULL,NULL,NULL,NULL,NULL,NULL,NULL,NULL,NULL,NULL,NULL,NULL,NULL,NULL,NULL,NULL,NULL,NULL,NULL,NULL,NULL,NULL,NULL,NULL,NULL,NULL,NULL,NULL,NULL,NULL,NULL,NULL,NULL,NULL,NULL,NULL,NULL,NULL,NULL,NULL,NULL,NULL,1,NULL,NULL,NULL,NULL,NULL,NULL,NULL,NULL,NULL,NULL,0),('2992/Non Cadre','Métallurgie Indre et Loire',2992,'NC',NULL,NULL,NULL,NULL,NULL,NULL,NULL,NULL,NULL,NULL,NULL,NULL,NULL,NULL,NULL,NULL,NULL,NULL,NULL,NULL,NULL,NULL,NULL,NULL,NULL,NULL,NULL,NULL,NULL,NULL,NULL,NULL,NULL,NULL,NULL,NULL,NULL,NULL,NULL,NULL,NULL,NULL,NULL,NULL,NULL,NULL,NULL,NULL,NULL,NULL,NULL,NULL,NULL,NULL,NULL,NULL,NULL,NULL,NULL,NULL,NULL,NULL,NULL,NULL,NULL,NULL,NULL,NULL,NULL,NULL,0),('2992/Ensemble','Métallurgie Indre et Loire',2992,'EPSTD',NULL,NULL,NULL,NULL,NULL,NULL,NULL,NULL,NULL,NULL,NULL,NULL,NULL,NULL,NULL,NULL,NULL,NULL,NULL,NULL,NULL,NULL,NULL,NULL,NULL,NULL,NULL,NULL,NULL,NULL,NULL,NULL,NULL,NULL,NULL,NULL,NULL,NULL,NULL,NULL,NULL,NULL,NULL,NULL,NULL,NULL,NULL,NULL,NULL,NULL,NULL,NULL,NULL,NULL,NULL,NULL,NULL,NULL,NULL,NULL,NULL,NULL,NULL,NULL,NULL,NULL,NULL,NULL,NULL,NULL,0),('5507/Cadre','Foot ball administratifs',5507,'C',NULL,NULL,NULL,NULL,NULL,NULL,NULL,NULL,NULL,NULL,NULL,NULL,NULL,NULL,NULL,NULL,NULL,NULL,NULL,NULL,NULL,NULL,NULL,NULL,NULL,NULL,NULL,NULL,NULL,NULL,NULL,NULL,NULL,NULL,NULL,NULL,NULL,NULL,NULL,NULL,NULL,NULL,NULL,NULL,NULL,NULL,NULL,NULL,NULL,NULL,NULL,NULL,NULL,NULL,NULL,NULL,NULL,NULL,NULL,1,NULL,NULL,NULL,NULL,NULL,NULL,NULL,NULL,NULL,NULL,0),('5507/Non Cadre','Foot ball administratifs',5507,'NC',NULL,NULL,NULL,NULL,NULL,NULL,NULL,NULL,NULL,NULL,NULL,NULL,NULL,NULL,NULL,NULL,NULL,NULL,NULL,NULL,NULL,NULL,NULL,NULL,NULL,NULL,NULL,NULL,NULL,NULL,NULL,NULL,NULL,NULL,NULL,NULL,NULL,NULL,NULL,NULL,NULL,NULL,NULL,NULL,NULL,NULL,NULL,NULL,NULL,NULL,NULL,NULL,NULL,NULL,NULL,NULL,NULL,NULL,NULL,NULL,NULL,NULL,NULL,NULL,NULL,NULL,NULL,NULL,NULL,NULL,0),('5507/Ensemble','Foot ball administratifs',5507,'EPSTD',NULL,NULL,NULL,NULL,NULL,NULL,NULL,NULL,NULL,NULL,NULL,NULL,NULL,NULL,NULL,NULL,NULL,NULL,NULL,NULL,NULL,NULL,NULL,NULL,NULL,NULL,NULL,NULL,NULL,NULL,NULL,NULL,NULL,NULL,NULL,NULL,NULL,NULL,NULL,NULL,NULL,NULL,NULL,NULL,NULL,NULL,NULL,NULL,NULL,NULL,NULL,NULL,NULL,NULL,NULL,NULL,NULL,NULL,NULL,NULL,NULL,NULL,NULL,NULL,NULL,NULL,NULL,NULL,NULL,NULL,0),('7005/Cadre','Vins : caves coopératives vinicoles et leurs unions',7005,'C',NULL,NULL,NULL,NULL,NULL,NULL,NULL,NULL,NULL,NULL,NULL,NULL,NULL,NULL,NULL,NULL,NULL,NULL,NULL,NULL,NULL,NULL,NULL,NULL,NULL,NULL,NULL,NULL,NULL,NULL,NULL,NULL,NULL,NULL,NULL,NULL,NULL,NULL,NULL,NULL,NULL,NULL,NULL,NULL,NULL,NULL,NULL,NULL,NULL,NULL,NULL,NULL,NULL,NULL,NULL,NULL,NULL,NULL,NULL,1,NULL,NULL,NULL,NULL,NULL,NULL,NULL,NULL,NULL,NULL,0),('7005/Non Cadre','Vins : caves coopératives vinicoles et leurs unions',7005,'NC',NULL,NULL,NULL,NULL,NULL,NULL,NULL,NULL,NULL,NULL,NULL,NULL,NULL,NULL,NULL,NULL,NULL,NULL,NULL,NULL,NULL,NULL,NULL,NULL,NULL,NULL,NULL,NULL,NULL,NULL,NULL,NULL,NULL,NULL,NULL,NULL,NULL,NULL,NULL,NULL,NULL,NULL,NULL,NULL,NULL,NULL,NULL,NULL,NULL,NULL,NULL,NULL,NULL,NULL,NULL,NULL,NULL,NULL,NULL,NULL,NULL,NULL,NULL,NULL,NULL,NULL,NULL,NULL,NULL,NULL,0),('7005/Ensemble','Vins : caves coopératives vinicoles et leurs unions',7005,'EPSTD',NULL,NULL,NULL,NULL,NULL,NULL,NULL,NULL,NULL,NULL,NULL,NULL,NULL,NULL,NULL,NULL,NULL,NULL,NULL,NULL,NULL,NULL,NULL,NULL,NULL,NULL,NULL,NULL,NULL,NULL,NULL,NULL,NULL,NULL,NULL,NULL,NULL,NULL,NULL,NULL,NULL,NULL,NULL,NULL,NULL,NULL,NULL,NULL,NULL,NULL,NULL,NULL,NULL,NULL,NULL,NULL,NULL,NULL,NULL,NULL,NULL,NULL,NULL,NULL,NULL,NULL,NULL,NULL,NULL,NULL,0),('7006/Cadre','Fleurs, fruits et légumes : coopératives agricoles et SICA',7006,'C',NULL,NULL,NULL,NULL,NULL,NULL,NULL,NULL,NULL,NULL,NULL,NULL,NULL,NULL,NULL,NULL,NULL,NULL,NULL,NULL,NULL,NULL,NULL,NULL,NULL,NULL,NULL,NULL,NULL,NULL,NULL,NULL,NULL,NULL,NULL,NULL,NULL,NULL,NULL,NULL,NULL,NULL,NULL,NULL,NULL,NULL,NULL,NULL,NULL,NULL,NULL,NULL,NULL,NULL,NULL,NULL,NULL,NULL,NULL,1,NULL,NULL,NULL,NULL,NULL,NULL,NULL,NULL,NULL,NULL,0),('7006/Non Cadre','Fleurs, fruits et légumes : coopératives agricoles et SICA',7006,'NC',NULL,NULL,NULL,NULL,NULL,NULL,NULL,NULL,NULL,NULL,NULL,NULL,NULL,NULL,NULL,NULL,NULL,NULL,NULL,NULL,NULL,NULL,NULL,NULL,NULL,NULL,NULL,NULL,NULL,NULL,NULL,NULL,NULL,NULL,NULL,NULL,NULL,NULL,NULL,NULL,NULL,NULL,NULL,NULL,NULL,NULL,NULL,NULL,NULL,NULL,NULL,NULL,NULL,NULL,NULL,NULL,NULL,NULL,NULL,NULL,NULL,NULL,NULL,NULL,NULL,NULL,NULL,NULL,NULL,NULL,0),('7006/Ensemble','Fleurs, fruits et légumes : coopératives agricoles et SICA',7006,'EPSTD',NULL,NULL,NULL,NULL,NULL,NULL,NULL,NULL,NULL,NULL,NULL,NULL,NULL,NULL,NULL,NULL,NULL,NULL,NULL,NULL,NULL,NULL,NULL,NULL,NULL,NULL,NULL,NULL,NULL,NULL,NULL,NULL,NULL,NULL,NULL,NULL,NULL,NULL,NULL,NULL,NULL,NULL,NULL,NULL,NULL,NULL,NULL,NULL,NULL,NULL,NULL,NULL,NULL,NULL,NULL,NULL,NULL,NULL,NULL,NULL,NULL,NULL,NULL,NULL,NULL,NULL,NULL,NULL,NULL,NULL,0),('9998/Cadre','Commerces de détail non alimentaires : Pyrénées (Hautes-)',9998,'C',NULL,NULL,NULL,NULL,NULL,NULL,NULL,NULL,NULL,NULL,NULL,NULL,NULL,NULL,NULL,NULL,NULL,NULL,NULL,NULL,NULL,NULL,NULL,NULL,NULL,NULL,NULL,NULL,NULL,NULL,NULL,NULL,NULL,NULL,NULL,NULL,NULL,NULL,NULL,NULL,NULL,NULL,NULL,NULL,NULL,NULL,NULL,NULL,NULL,NULL,NULL,NULL,NULL,NULL,NULL,NULL,NULL,NULL,NULL,1,NULL,NULL,NULL,NULL,NULL,NULL,NULL,NULL,NULL,NULL,0),('9998/Non Cadre','Commerces de détail non alimentaires : Pyrénées (Hautes-)',9998,'NC',NULL,NULL,NULL,NULL,NULL,NULL,NULL,NULL,NULL,NULL,NULL,NULL,NULL,NULL,NULL,NULL,NULL,NULL,NULL,NULL,NULL,NULL,NULL,NULL,NULL,NULL,NULL,NULL,NULL,NULL,NULL,NULL,NULL,NULL,NULL,NULL,NULL,NULL,NULL,NULL,NULL,NULL,NULL,NULL,NULL,NULL,NULL,NULL,NULL,NULL,NULL,NULL,NULL,NULL,NULL,NULL,NULL,NULL,NULL,NULL,NULL,NULL,NULL,NULL,NULL,NULL,NULL,NULL,NULL,NULL,0),('9998/Ensemble','Commerces de détail non alimentaires : Pyrénées (Hautes-)',9998,'EPSTD',NULL,NULL,NULL,NULL,NULL,NULL,NULL,NULL,NULL,NULL,NULL,NULL,NULL,NULL,NULL,NULL,NULL,NULL,NULL,NULL,NULL,NULL,NULL,NULL,NULL,NULL,NULL,NULL,NULL,NULL,NULL,NULL,NULL,NULL,NULL,NULL,NULL,NULL,NULL,NULL,NULL,NULL,NULL,NULL,NULL,NULL,NULL,NULL,NULL,NULL,NULL,NULL,NULL,NULL,NULL,NULL,NULL,NULL,NULL,NULL,NULL,NULL,NULL,NULL,NULL,NULL,NULL,NULL,NULL,NULL,0),('9999/Cadre','Alimentation : industries agroalimentaires (accords nationaux)',9999,'C',NULL,NULL,NULL,NULL,NULL,NULL,NULL,NULL,NULL,1.00000,1.00000,0.20000,NULL,NULL,NULL,NULL,NULL,NULL,1.00000,NULL,NULL,NULL,NULL,NULL,NULL,NULL,NULL,NULL,NULL,NULL,NULL,NULL,NULL,NULL,NULL,NULL,NULL,NULL,15,17,26,0.06000,0.08000,0.08000,NULL,NULL,1.00000,NULL,NULL,NULL,NULL,NULL,NULL,NULL,NULL,NULL,NULL,NULL,NULL,NULL,NULL,NULL,NULL,NULL,NULL,NULL,NULL,NULL,NULL,NULL,1),('9999/Non Cadre','Alimentation : industries agroalimentaires (accords nationaux)',9999,'NC',NULL,NULL,NULL,NULL,NULL,NULL,NULL,NULL,NULL,1.00000,1.00000,0.20000,NULL,NULL,NULL,NULL,NULL,NULL,1.00000,NULL,NULL,NULL,NULL,NULL,NULL,NULL,NULL,NULL,NULL,NULL,NULL,NULL,NULL,NULL,NULL,NULL,NULL,NULL,15,17,26,0.06000,0.08000,0.08000,NULL,NULL,1.00000,NULL,NULL,NULL,NULL,NULL,NULL,NULL,NULL,NULL,NULL,NULL,NULL,NULL,NULL,NULL,NULL,NULL,NULL,NULL,NULL,NULL,NULL,NULL,1),('9999/Ensemble','Alimentation : industries agroalimentaires (accords nationaux)',9999,'EPSTD',NULL,NULL,NULL,NULL,NULL,NULL,NULL,NULL,NULL,1.00000,1.00000,0.20000,NULL,NULL,NULL,NULL,NULL,NULL,1.00000,NULL,NULL,NULL,NULL,NULL,NULL,NULL,NULL,NULL,NULL,NULL,NULL,NULL,NULL,NULL,NULL,NULL,NULL,NULL,15,17,26,0.06000,0.08000,0.08000,NULL,NULL,1.00000,NULL,NULL,NULL,NULL,NULL,NULL,NULL,NULL,NULL,NULL,NULL,NULL,NULL,NULL,NULL,NULL,NULL,NULL,NULL,NULL,NULL,NULL,NULL,1);
/*!40000 ALTER TABLE `Tmp_garanties_ccn` ENABLE KEYS */;
UNLOCK TABLES;

--
-- Table structure for table `TypeCollege`
--

DROP TABLE IF EXISTS `TypeCollege`;
/*!40101 SET @saved_cs_client     = @@character_set_client */;
/*!40101 SET character_set_client = utf8 */;
CREATE TABLE `TypeCollege` (
  `identifiant` int(11) NOT NULL AUTO_INCREMENT,
  `libelle` varchar(100) DEFAULT NULL,
  `libelleChoix` varchar(255) DEFAULT NULL,
  `reference` varchar(50) DEFAULT NULL,
  `categorie` varchar(50) NOT NULL DEFAULT 'ELEMENTAIRE',
  `trancheCouverteSuperieure` varchar(1) NOT NULL,
  `numeroOrdre` int(11) NOT NULL DEFAULT '0',
  PRIMARY KEY (`identifiant`)
) ENGINE=InnoDB AUTO_INCREMENT=123 DEFAULT CHARSET=utf8;
/*!40101 SET character_set_client = @saved_cs_client */;

--
-- Dumping data for table `TypeCollege`
--

LOCK TABLES `TypeCollege` WRITE;
/*!40000 ALTER TABLE `TypeCollege` DISABLE KEYS */;
INSERT INTO `TypeCollege` (`identifiant`, `libelle`, `libelleChoix`, `reference`, `categorie`, `trancheCouverteSuperieure`, `numeroOrdre`) VALUES (1,'Cadres','Cadres','C','ELEMENTAIRE','C',1),(2,'Non Cadres','Non Cadres','NC','ELEMENTAIRE','B',2),(30,'Ensemble du personnel','Ensemble du personnel','EPSTD','ELEMENTAIRE','B',30),(31,'Cadres et non cadres','Cadres et non cadres','EP','ELEMENTAIRE','C',31),(32,'Employés, Techniciens et Agents de maîtrise','Employés, Techniciens et Agents de maîtrise','ETAM','ELEMENTAIRE','B',32),(33,'Ouvriers, Employés','Ouvriers, Employés','OE','ELEMENTAIRE','C',33),(34,'Techniciens et Agents de maîtrise','Techniciens et Agents de maîtrise','TAM','ELEMENTAIRE','C',34),(35,'Ingénieurs et Cadres','Ingénieurs et Cadres','IEC','ELEMENTAIRE','C',35),(36,'Ouvriers et Apprentis sous contrat','Ouvriers et Apprentis sous contrat','OASC','ELEMENTAIRE','B',36),(37,'Employés, Techniciens et Agents de maîtrise','Employés, Techniciens et Agents de maîtrise','ETAM','ELEMENTAIRE','C',37),(38,'Non Cadres','Non Cadres','NC','ELEMENTAIRE','C',38),(39,'Employés, Agents techniques et assimilés, Agents de maîtrise','Employés, Agents techniques et assimilés, Agents de maîtrise','EATAAM','ELEMENTAIRE','C',39),(40,'Ouvriers','Ouvriers','O','ELEMENTAIRE','C',40),(41,'Cadres et Agents de Maîtrise','Cadres et Agents de Maîtrise','CAM','ELEMENTAIRE','C',41),(42,'Employés','Employés','E','ELEMENTAIRE','B',42),(43,'Ouvriers, Employés et Maîtrise','Ouvriers, Employés et Maîtrise','EOAM','ELEMENTAIRE','C',43),(44,'Salariés','Salariés','SAL','ELEMENTAIRE','C',44),(45,'Employés, Agents de maîtrise et Cadres','Employés, Agents de maîtrise et Cadres','EAMC','ELEMENTAIRE','C',45),(46,'Agents de haute maîtrise, Techniciens supérieurs et Cadres','Agents de haute maîtrise, Techniciens supérieurs et Cadres','AHMTSC','ELEMENTAIRE','C',46),(47,'Ouvriers, Employés, Techniciens et Agents de maîtrise','Ouvriers, Employés, Techniciens et Agents de maîtrise','OETAM','ELEMENTAIRE','C',47),(48,'Ensemble du personnel','Ensemble du personnel','EP','ELEMENTAIRE','C',48),(49,'Agents de Maîtrise','Agents de Maîtrise','AM','ELEMENTAIRE','C',49),(50,'Employés','Employés','E','ELEMENTAIRE','A',50),(51,'Cadres (toutes régions)','Cadres (toutes régions)','C','ELEMENTAIRE','C',51),(52,'Non - cadres  (sauf région parisienne)','Non - cadres  (sauf région parisienne)','NC_HP','ELEMENTAIRE','C',52),(53,'Non - cadres (Paris et région parisienne)','Non - cadres (Paris et région parisienne)','NC_P','ELEMENTAIRE','C',53),(54,'Cadres et assimilés','Cadres et assimilés','CES','ELEMENTAIRE','C',54),(55,'Employés','Employés','E','ELEMENTAIRE','C',55),(56,'Techniciens, Agents de maîtrise et Cadres','Techniciens, Agents de maîtrise et Cadres','TAMC','ELEMENTAIRE','C',56),(57,'Cadres','Cadres','C','ELEMENTAIRE','B',57),(58,'Ouvriers','Ouvriers','O','ELEMENTAIRE','B',58),(59,'Techniciens et Agents de maîtrise (groupes 1 à 5)','Techniciens et Agents de maîtrise (groupes 1 à 5)','TAM15','ELEMENTAIRE','C',59),(60,'Techniciens et Agents de maîtrise (groupes 6 à 8)','Techniciens et Agents de maîtrise (groupes 6 à 8)','TAM68','ELEMENTAIRE','C',60),(61,'Agents de Maîtrise, Techniciens et dessinateurs','Agents de Maîtrise, Techniciens et dessinateurs','AMTD','ELEMENTAIRE','C',61),(62,'Agents de Maîtrise','Agents de Maîtrise','AM','ELEMENTAIRE','B',62),(63,'Ouvriers, Employés','Ouvriers, Employés','OE','ELEMENTAIRE','B',63),(64,'Entreprises adhérentes : Cadres et Non Cadres','Entreprises adhérentes : Cadres et Non Cadres','EA_CNC','ELEMENTAIRE','C',64),(65,'Entreprises non adhérentes : Agents de maitrise et techniciens (Art 4 bis)','Entreprises non adhérentes : Agents de maitrise et techniciens (Art 4 bis)','ENA_A1','ELEMENTAIRE','C',65),(66,'Entreprises non adhérentes : Agents de maitrise et techniciens (Hors Art 4 bis)','Entreprises non adhérentes : Agents de maitrise et techniciens (Hors Art 4 bis)','ENA_A2','ELEMENTAIRE','C',66),(67,'Entreprises non adhérentes : Ingénieurs et cadres','Entreprises non adhérentes : Ingénieurs et cadres','ENA_C','ELEMENTAIRE','C',67),(68,'Entreprises non adhérentes : ouvriers, employés et techniciens','Entreprises non adhérentes : ouvriers, employés et techniciens','ENA_OE','ELEMENTAIRE','C',68),(69,'Employés, Techniciens','Employés, Techniciens','ET','ELEMENTAIRE','C',69),(70,'Non Cadres','Non Cadres','NC','ELEMENTAIRE','A',70),(71,'Techniciens, Agents de maîtrise, Ingénieurs et Cadres','Techniciens, Agents de maîtrise, Ingénieurs et Cadres','TAMIC','ELEMENTAIRE','C',71),(72,'Journalistes professionnels ou assimilés','Journalistes professionnels ou assimilés','JPA','ELEMENTAIRE','C',72),(73,'Cadres  Techniciens et Agents de maîtrise','Cadres  Techniciens et Agents de maîtrise','CTAM','ELEMENTAIRE','C',73),(74,'Encadrement','Encadrement','C','ELEMENTAIRE','C',74),(75,'Cadres administratifs et Cadres Techniques','Cadres administratifs et Cadres Techniques','CACT','ELEMENTAIRE','C',75),(76,'Gardiens, Concierges et Employés d’immeubles','Gardiens, Concierges et Employés d’immeubles','GCEI','ELEMENTAIRE','C',76),(77,'Cadres et non cadres','Cadres et non cadres','EP','ELEMENTAIRE','B',77),(78,'Ouvriers, Employés et Agents de maîtrise','Ouvriers, Employés et Agents de maîtrise','EOAM','ELEMENTAIRE','C',78),(79,'Ouvriers (sauf Pays de Loire et Deux Sèvres)','Ouvriers (sauf Pays de Loire et Deux Sèvres)','OSPLDS','ELEMENTAIRE','C',79),(80,'Ouvriers, Employés, Techniciens, Agents de maîtrise et Cadres','Ouvriers, Employés, Techniciens, Agents de maîtrise et Cadres','OETAMC','ELEMENTAIRE','C',80),(81,'Collaborateurs salariés I.J. < 90 jours','Collaborateurs salariés I.J. < 90 jours','CSIJ90','ELEMENTAIRE','C',81),(82,'Ouvriers, Employés des chantiers','Ouvriers, Employés des chantiers','OEDC','ELEMENTAIRE','C',82),(83,'Techniciens et Agents d’encadrement','Techniciens et Agents d’encadrement','TAE','ELEMENTAIRE','C',83),(84,'Ouvriers, Employés (Accord national sur la mensualisation du 22.06.79)','Ouvriers, Employés (Accord national sur la mensualisation du 22.06.79)','OEAN','ELEMENTAIRE','C',84),(85,'Ouvriers, Employés, Agents de maîtrise et Cadres','Ouvriers, Employés, Agents de maîtrise et Cadres','OEAMC','ELEMENTAIRE','C',85),(86,'Ouvriers et Apprentis sous contrat : entreprises de + de 10 salariés','Ouvriers et Apprentis sous contrat : entreprises de + de 10 salariés','OASCEP10','ELEMENTAIRE','B',86),(87,'Ouvriers et Apprentis sous contrat : entreprises de - de 10 salariés','Ouvriers et Apprentis sous contrat : entreprises de - de 10 salariés','OASCEM10','ELEMENTAIRE','B',87),(88,'Employés, Techniciens et Cadres','Employés, Techniciens et Cadres','ETC','ELEMENTAIRE','C',88),(89,'Cadres, Ouvriers et Employés','Cadres, Ouvriers et Employés','COE','ELEMENTAIRE','C',89),(90,'Ouvriers, Employés, Techniciens, Dessinateurs, Agents de maîtrise','Ouvriers, Employés, Techniciens, Dessinateurs, Agents de maîtrise','OETDAM','ELEMENTAIRE','C',90),(91,'Personnel affilié à l’Agirc','Personnel affilié à l’Agirc','CPNAA','ELEMENTAIRE','C',91),(92,'Personnel non affilié à l’Agirc','Personnel non affilié à l’Agirc','NCPNAA','ELEMENTAIRE','B',92),(93,'Agents de Maîtrise, Techniciens, Ingénieurs et Cadres','Agents de Maîtrise, Techniciens, Ingénieurs et Cadres','AMTIC','ELEMENTAIRE','C',93),(94,'Cadres non saisonniers','Cadres non saisonniers','CNS','ELEMENTAIRE','C',94),(95,'Cadres et non cadres saisonniers','Cadres et non cadres saisonniers','EPS','ELEMENTAIRE','C',95),(96,'Non cadres non saisonniers','Non cadres non saisonniers','NCNS','ELEMENTAIRE','C',96),(97,'Agents de production','Agents production','AP','ELEMENTAIRE','B',97),(98,'Agents fonctionnels et agents d\'encadrement','Agents fonctionnels et agents d\'encadrement','AFAE','ELEMENTAIRE','C',98),(99,'Cadres et agents de maîtrise (Art. 4, 4bis et 36 CCN 47)','Cadres et agents de maîtrise (Art. 4, 4bis et 36 CCN 47)','C','ELEMENTAIRE','B',99),(100,'Non Cadres (Hors Art. 4, 4bis et 36 CCN 47)','Non Cadres (Hors Art. 4, 4bis et 36 CCN 47)','NC','ELEMENTAIRE','B',100),(101,'Agents de maitrise et techniciens (Art 4 bis)','Agents de maitrise et techniciens (Art 4 bis)','NON_UIC_A1','ELEMENTAIRE','C',101),(102,'Agents de maitrise et techniciens (Hors Art 4 bis)','Agents de maitrise et techniciens (Hors Art 4 bis)','NON_UIC_A2','ELEMENTAIRE','C',102),(103,'Ingénieurs et cadres','Ingénieurs et cadres','NON_UIC_C','ELEMENTAIRE','C',103),(104,'Ouvriers, employés et techniciens','Ouvriers, employés et techniciens','NON_UIC_OE','ELEMENTAIRE','C',104),(105,'Ensemble du personnel','Ensemble du personnel','EP','ELEMENTAIRE','B',105),(106,'Salariés cotisants à l’Agirc','Salariés cotisants à l’Agirc','C','ELEMENTAIRE','C',106),(107,'Salariés non cotisants à l’Agirc','Salariés non cotisants à l’Agirc','NC','ELEMENTAIRE','C',107),(108,'Cadres (Art. 4 CCN 47)','Cadres (Art. 4 CCN 47)','C','ELEMENTAIRE','B',1),(109,'Non cadres (hors Art. 4 CCN 47)','Non cadres (hors Art. 4 CCN 47)','NC','ELEMENTAIRE','B',2),(110,'Cadres (Ingénieurs et cadres)','Cadres (Ingénieurs et cadres)','C','ELEMENTAIRE','B',110),(111,'Non Cadres (Agents d\'exploitation, employés administratifs, techniciens, et agents de maîtrise)','Non Cadres (Agents d\'exploitation, employés administratifs, techniciens, et agents de maîtrise)','NC','ELEMENTAIRE','B',111),(112,'Cadres (Art. 4 et 4 bis CCN 47)','Cadres (Art. 4 et 4 bis CCN 47)','C','ELEMENTAIRE','B',112),(113,'Non cadres (hors Art. 4 et 4 bis CCN 47)','Non cadres (hors Art. 4 et 4 bis CCN 47)','NC','ELEMENTAIRE','B',113),(114,'Cadres (Art. 4 et 4 bis CCN 47)','Cadres (Art. 4 et 4 bis CCN 47)','C','ELEMENTAIRE','C',114),(115,'Non cadres (hors Art. 4 et 4 bis CCN 47)','Non cadres (hors Art. 4 et 4 bis CCN 47)','NC','ELEMENTAIRE','C',115),(116,'Cadres (salariés relevant de l’article 7 de la CCN des cadres de 1947)','Cadres (salariés relevant de l’article 7 de la CCN des cadres de 1947)','C','ELEMENTAIRE','B',116),(117,'Non cadres (ne relevant pas de l’art. 7 de la CCN 47) et ayant au moins 3 mois d’ancienneté','Non cadres (ne relevant pas de l’art. 7 de la CCN 47) et ayant au moins 3 mois d’ancienneté','NC','ELEMENTAIRE','B',117),(118,'Cadres (Art. 4 CCN AGIRC)','Cadres (Art. 4 CCN AGIRC)','C','ELEMENTAIRE','B',1),(119,'Cadres (Art. 4, 4bis et 36 CCN AGIRC)','Cadres (Art. 4, 4bis et 36 CCN AGIRC)','C','ELEMENTAIRE','B',119),(120,'Agents d’exploitation, Employés administratifs et Techniciens','Agents d’exploitation, Employés administratifs et Techniciens','AE_EA_T','ELEMENTAIRE','C',120),(121,'Cadres (Art. 4 CCN 47)','Cadres (Art. 4 CCN 47)','C','ELEMENTAIRE','C',1),(122,'Non cadres (hors Art. 4 CCN 47)','Non cadres (hors Art. 4 CCN 47)','NC','ELEMENTAIRE','C',122);
/*!40000 ALTER TABLE `TypeCollege` ENABLE KEYS */;
UNLOCK TABLES;

--
-- Table structure for table `UtilisationChapitre`
--

DROP TABLE IF EXISTS `UtilisationChapitre`;
/*!40101 SET @saved_cs_client     = @@character_set_client */;
/*!40101 SET character_set_client = utf8 */;
CREATE TABLE `UtilisationChapitre` (
  `id` int(11) NOT NULL AUTO_INCREMENT,
  `type` varchar(31) NOT NULL DEFAULT '',
  `produit_id` int(11) DEFAULT NULL,
  `chapitre_id` int(11) DEFAULT NULL,
  `priority` int(11) NOT NULL DEFAULT '0',
  PRIMARY KEY (`id`),
  KEY `FKB2EB65E4DC26F325` (`chapitre_id`),
  KEY `FKB2EB65E4539E3E68` (`produit_id`),
  CONSTRAINT `FKB2EB65E4539E3E68` FOREIGN KEY (`produit_id`) REFERENCES `Produit` (`id`),
  CONSTRAINT `FKB96EB6F7DC26F675` FOREIGN KEY (`chapitre_id`) REFERENCES `Chapitre` (`id`)
) ENGINE=InnoDB AUTO_INCREMENT=79 DEFAULT CHARSET=utf8;
/*!40101 SET character_set_client = @saved_cs_client */;

--
-- Dumping data for table `UtilisationChapitre`
--

LOCK TABLES `UtilisationChapitre` WRITE;
/*!40000 ALTER TABLE `UtilisationChapitre` DISABLE KEYS */;
INSERT INTO `UtilisationChapitre` (`id`, `type`, `produit_id`, `chapitre_id`, `priority`) VALUES (2,'BASE_DOCUMENTAIRE',1,10,990),(3,'BASE_DOCUMENTAIRE',2,21,980),(4,'BASE_DOCUMENTAIRE',3,30,970),(5,'PRE_ETUDE',1,11,990),(6,'PRE_ETUDE',1,20,980),(7,'PRE_ETUDE',3,31,970),(50,'GLOBAL',NULL,50,2000),(51,'PRE_ETUDE',239,51,990),(52,'PRE_ETUDE',250,52,990),(53,'PRE_ETUDE',242,53,990),(54,'PRE_ETUDE',243,54,990),(55,'PRE_ETUDE',258,55,990),(56,'PRE_ETUDE',240,56,990),(57,'PRE_ETUDE',234,57,990),(58,'PRE_ETUDE',237,58,990),(59,'PRE_ETUDE',241,59,990),(60,'PRE_ETUDE',262,60,990),(61,'PRE_ETUDE',245,61,990),(62,'PRE_ETUDE',104,62,990),(63,'PRE_ETUDE',104,63,980),(64,'PRE_ETUDE',110,64,990),(65,'PRE_ETUDE',110,65,980),(66,'PRE_ETUDE',245,61,990),(67,'PRE_ETUDE',248,68,990),(68,'PRE_ETUDE',248,68,990),(69,'PRE_ETUDE',251,69,990),(70,'PRE_ETUDE',256,70,990),(71,'PRE_ETUDE',102,71,990),(72,'PRE_ETUDE',102,72,980),(73,'PRE_ETUDE',102,73,970),(74,'PRE_ETUDE',264,74,1000),(75,'PRE_ETUDE',264,75,990),(76,'PRE_ETUDE',264,76,980),(77,'PRE_ETUDE',264,77,970),(78,'PRE_ETUDE',273,81,990);
/*!40000 ALTER TABLE `UtilisationChapitre` ENABLE KEYS */;
UNLOCK TABLES;

--
-- Table structure for table `ValeurPrestation`
--

DROP TABLE IF EXISTS `ValeurPrestation`;
/*!40101 SET @saved_cs_client     = @@character_set_client */;
/*!40101 SET character_set_client = utf8 */;
CREATE TABLE `ValeurPrestation` (
  `id` int(11) NOT NULL AUTO_INCREMENT,
  `libelle` text,
  `valeur` text,
  `prestation_id` int(11) DEFAULT NULL,
  `resultatGarantieProduit_id` int(11) DEFAULT NULL,
  PRIMARY KEY (`id`),
  UNIQUE KEY `prestation_resultatgarantieproduit_unique` (`prestation_id`,`resultatGarantieProduit_id`),
  KEY `resultatGarantieProduit_id` (`resultatGarantieProduit_id`),
  CONSTRAINT `ValeurPrestation_ibfk_1` FOREIGN KEY (`prestation_id`) REFERENCES `Prestation` (`id`),
  CONSTRAINT `ValeurPrestation_ibfk_2` FOREIGN KEY (`resultatGarantieProduit_id`) REFERENCES `ResultatGarantieProduit` (`id`)
) ENGINE=InnoDB AUTO_INCREMENT=266 DEFAULT CHARSET=utf8;
/*!40101 SET character_set_client = @saved_cs_client */;

--
-- Dumping data for table `ValeurPrestation`
--

LOCK TABLES `ValeurPrestation` WRITE;
/*!40000 ALTER TABLE `ValeurPrestation` DISABLE KEYS */;
INSERT INTO `ValeurPrestation` (`id`, `libelle`, `valeur`, `prestation_id`, `resultatGarantieProduit_id`) VALUES (1,'(en % du salaire de référence)','',2700100,1),(2,'• Célibataire, veuf, divorcé','75 %',2700101,1),(3,'• Marié, concubin, pacsé','75 %',2700102,1),(4,'• Majoration pour enfant(s) ou personne(s) à charge','0 %',2700103,1),(5,'Option : niveau de garantie identique pour les Célibataires, veufs, divorcés avec enfant(s) ou personne(s) à charge et les Mariés, pacsés ou concubins avec enfant(s) ou personne(s) à charge','Non',2700104,1),(6,'Présence de minima conventionnel exprimé en PASS, SMIC ou Euros',' NON ',2700105,1),(7,'Exonération des cotisations','En inclusion',2701200,2),(8,'Des garanties et services d’assistance','En inclusion',2701300,3),(9,'(en % du salaire de référence)','',2700100,17),(10,'• Célibataire, veuf, divorcé','75 %',2700101,17),(11,'• Marié, concubin, pacsé','75 %',2700102,17),(12,'• Majoration pour enfant(s) ou personne(s) à charge','0 %',2700103,17),(13,'Option : niveau de garantie identique pour les Célibataires, veufs, divorcés avec enfant(s) ou personne(s) à charge et les Mariés, pacsés ou concubins avec enfant(s) ou personne(s) à charge','Non',2700104,17),(14,'Présence de minima conventionnel exprimé en PASS, SMIC ou Euros',' NON ',2700105,17),(15,'Exonération des cotisations','En inclusion',2701200,18),(16,'Des garanties et services d’assistance','En inclusion',2701300,19),(17,'(en % du salaire de référence)','',2700100,30),(18,'• Célibataire, veuf, divorcé','75 %',2700101,30),(19,'• Marié, concubin, pacsé','75 %',2700102,30),(20,'• Majoration pour enfant(s) ou personne(s) à charge','0 %',2700103,30),(21,'Option : niveau de garantie identique pour les Célibataires, veufs, divorcés avec enfant(s) ou personne(s) à charge et les Mariés, pacsés ou concubins avec enfant(s) ou personne(s) à charge','Non',2700104,30),(22,'Présence de minima conventionnel exprimé en PASS, SMIC ou Euros',' NON ',2700105,30),(23,'Exonération des cotisations','En inclusion',2701200,31),(24,'Des garanties et services d’assistance','En inclusion',2701300,32),(25,'(en % du salaire de référence)','',2700100,33),(26,'• Célibataire, veuf, divorcé','75 %',2700101,33),(27,'• Marié, concubin, pacsé','75 %',2700102,33),(28,'• Majoration pour enfant(s) ou personne(s) à charge','0 %',2700103,33),(29,'Option : niveau de garantie identique pour les Célibataires, veufs, divorcés avec enfant(s) ou personne(s) à charge et les Mariés, pacsés ou concubins avec enfant(s) ou personne(s) à charge','Non',2700104,33),(30,'Présence de minima conventionnel exprimé en PASS, SMIC ou Euros',' NON ',2700105,33),(31,'Exonération des cotisations','En inclusion',2701200,34),(32,'Des garanties et services d’assistance','En inclusion',2701300,35),(33,'(en % du salaire de référence)','',2710100,36),(34,'• Célibataire, veuf, divorcé','200 %',2710101,36),(35,'• Marié, concubin, pacsé','300 %',2710102,36),(36,'• Majoration pour enfant(s) ou personne(s) à charge','100 %',2710103,36),(37,'Option : niveau de garantie identique pour les Célibataires, veufs, divorcés avec enfant(s) ou personne(s) à charge et les Mariés, pacsés ou concubins avec enfant(s) ou personne(s) à charge','Oui',2710104,36),(38,'Présence de minima conventionnel exprimé en PASS, SMIC ou Euros',' NON ',2710105,36),(39,'Capital Décès - IAD par accident','100 % du capital Décès - IAD toutes causes',2710200,37),(40,'Capital Double effet','100 % du capital Décès - IAD toutes causes',2710300,38),(41,'Allocation obsèques','100 % du PMSS',2710400,39),(42,'(en % du salaire de référence)','',2710600,40),(43,'Progressive','',2710601,40),(44,'• Jusqu\'à 10 ans inclus','5 %',2710602,40),(45,'• De  11 ans à 17 ans inclus','10 %',2710603,40),(46,'• De  18 ans à 27 ans inclus (à vie pour les enfants en situation de handicap).','15 %',2710604,40),(47,'De 18 à 27 ans, le versement est conditionné à la poursuite d\'études.','',2710606,40),(48,'Présence de minima conventionnel exprimé en PASS, SMIC ou Euros',' NON ',2710608,40),(49,'Rente de conjoint viagère linéaire',' 1 %',2710801,41),(50,'Exonération des cotisations','En inclusion',2711200,42),(51,'Des garanties et services d’assistance','En inclusion',2711300,43),(52,'(en % du salaire de référence)','',2700100,44),(53,'• Célibataire, veuf, divorcé','75 %',2700101,44),(54,'• Marié, concubin, pacsé','75 %',2700102,44),(55,'• Majoration pour enfant(s) ou personne(s) à charge','0 %',2700103,44),(56,'Option : niveau de garantie identique pour les Célibataires, veufs, divorcés avec enfant(s) ou personne(s) à charge et les Mariés, pacsés ou concubins avec enfant(s) ou personne(s) à charge','Non',2700104,44),(57,'Présence de minima conventionnel exprimé en PASS, SMIC ou Euros',' NON ',2700105,44),(58,'Capital Double effet','100 % du capital Décès - IAD toutes causes',2700300,45),(59,'Exonération des cotisations','En inclusion',2701200,46),(60,'Des garanties et services d’assistance','En inclusion',2701300,47),(61,'(en % du salaire de référence)','',2700100,59),(62,'• Célibataire, veuf, divorcé','75 %',2700101,59),(63,'• Marié, concubin, pacsé','75 %',2700102,59),(64,'• Majoration pour enfant(s) ou personne(s) à charge','0 %',2700103,59),(65,'Option : niveau de garantie identique pour les Célibataires, veufs, divorcés avec enfant(s) ou personne(s) à charge et les Mariés, pacsés ou concubins avec enfant(s) ou personne(s) à charge','Non',2700104,59),(66,'Présence de minima conventionnel exprimé en PASS, SMIC ou Euros',' NON ',2700105,59),(67,'Exonération des cotisations','En inclusion',2701200,60),(68,'Des garanties et services d’assistance','En inclusion',2701300,61),(69,'(en % du salaire de référence)','',2700100,80),(70,'• Célibataire, veuf, divorcé','75 %',2700101,80),(71,'• Marié, concubin, pacsé','75 %',2700102,80),(72,'• Majoration pour enfant(s) ou personne(s) à charge','0 %',2700103,80),(73,'Option : niveau de garantie identique pour les Célibataires, veufs, divorcés avec enfant(s) ou personne(s) à charge et les Mariés, pacsés ou concubins avec enfant(s) ou personne(s) à charge','Non',2700104,80),(74,'Présence de minima conventionnel exprimé en PASS, SMIC ou Euros',' NON ',2700105,80),(75,'Exonération des cotisations','En inclusion',2701200,81),(76,'Des garanties et services d’assistance','En inclusion',2701300,82),(77,'(en % du salaire de référence)','',40,83),(78,'• Célibataire, veuf, divorcé','75 %',41,83),(79,'• Marié, concubin, pacsé','75 %',42,83),(80,'• Majoration pour enfant(s) ou personne(s) à charge','0 %',43,83),(81,'Option : niveau de garantie identique pour les Célibataires, veufs, divorcés avec enfant(s) ou personne(s) à charge et les Mariés, pacsés ou concubins avec enfant(s) ou personne(s) à charge','Non',44,83),(82,'Présence de minima conventionnel exprimé en PASS, SMIC ou Euros',' NON ',142,83),(83,'Capital Décès - IAD par accident','100 % du capital Décès - IAD toutes causes',45,84),(84,'Capital Double effet','100 % du capital Décès - IAD toutes causes',46,85),(85,'Allocation obsèques','100% du PMSS',47,86),(86,'Capital Prédécès','100 % du PMSS',48,87),(87,'(en % du salaire de référence)','',49,88),(88,'Progressive','',50,88),(89,'• Jusqu\'à 5 ans inclus','2 %',51,88),(90,'• De  6 ans à 6 ans inclus','2 %',52,88),(91,'• De  7 ans à 27 ans inclus (à vie pour les enfants en situation de handicap).','2 %',53,88),(92,'De 18 à 27 ans, le versement est conditionné à la poursuite d\'études.','',101,88),(93,'Présence de minima conventionnel exprimé en PASS, SMIC ou Euros',' NON ',144,88),(94,'Allocation  complémentaire orphelin',' 10 % de la rente éducation',134,89),(95,'Rente de conjoint viagère linéaire',' 1 %',136,90),(96,'Rente de conjoint temporaire linéaire',' 1 %',138,91),(97,'Allocation orphelin (en % du salaire de référence)',' 10 %',139,92),(98,'(en % du salaire de référence)','',57,93),(99,'Montant','70 %',58,93),(100,'Franchise continue','180 jours',59,93),(101,'Options Rachat de franchise en cas d’accident ou d’hospitalisation','Non',60,93),(102,'(en % du salaire de référence)','',65,94),(103,'• 1ère catégorie','42 %',66,94),(104,'• 2ème et 3ème catégorie','70 %',67,94),(105,'(en % du salaire de référence)','',68,95),(106,'Incapacité supérieure ou égale à 66 %','70 %',69,95),(107,'Incapacité entre 33 % et 66 %',' Rente calculée en fonction du taux d\'IPP ',70,95),(108,'Exonération des cotisations','En inclusion',71,96),(109,'Des garanties et services d’assistance','En inclusion',72,97),(110,'(en % du salaire de référence)','',40,98),(111,'• Célibataire, veuf, divorcé','75 %',41,98),(112,'• Marié, concubin, pacsé','75 %',42,98),(113,'• Majoration pour enfant(s) ou personne(s) à charge','0 %',43,98),(114,'Option : niveau de garantie identique pour les Célibataires, veufs, divorcés avec enfant(s) ou personne(s) à charge et les Mariés, pacsés ou concubins avec enfant(s) ou personne(s) à charge','Non',44,98),(115,'Présence de minima conventionnel exprimé en PASS, SMIC ou Euros',' NON ',142,98),(116,'Capital Décès - IAD par accident','100 % du capital Décès - IAD toutes causes',45,99),(117,'Capital Double effet','100 % du capital Décès - IAD toutes causes',46,100),(118,'Allocation obsèques','100% du PMSS',47,101),(119,'Capital Prédécès','100 % du PMSS',48,102),(120,'Rente de conjoint viagère linéaire',' 1 %',136,103),(121,'Rente de conjoint temporaire linéaire',' 1 %',138,104),(122,'Allocation orphelin (en % du salaire de référence)',' 10 %',139,105),(123,'Capital substitutif à la rente de conjoint',' 10 %',140,106),(124,'(en % du salaire de référence)','',61,107),(125,'Montant ','70 %',62,107),(126,'Franchise continue','180 jours',63,107),(127,'Options Rachat de franchise en cas d’accident ou d’hospitalisation','Non',64,107),(128,'(en % du salaire de référence)','',124,108),(129,'• 1ère catégorie','42 %',117,108),(130,'• 2ème et 3ème catégorie','70 %',118,108),(131,'(en % du salaire de référence)','',126,109),(132,'Incapacité supérieure ou égale à 66 %','70 %',120,109),(133,'Incapacité entre 33 % et 66 %',' Rente calculée en fonction du taux d\'IPP ',122,109),(134,'Exonération des cotisations','En inclusion',71,110),(135,'Des garanties et services d’assistance','En inclusion',72,111),(136,'(en % du salaire de référence)','',2700100,115),(137,'• Célibataire, veuf, divorcé','75 %',2700101,115),(138,'• Marié, concubin, pacsé','75 %',2700102,115),(139,'• Majoration pour enfant(s) ou personne(s) à charge','0 %',2700103,115),(140,'Option : niveau de garantie identique pour les Célibataires, veufs, divorcés avec enfant(s) ou personne(s) à charge et les Mariés, pacsés ou concubins avec enfant(s) ou personne(s) à charge','Non',2700104,115),(141,'Présence de minima conventionnel exprimé en PASS, SMIC ou Euros',' NON ',2700105,115),(142,'Capital Décès - IAD par accident','100 % du capital Décès - IAD toutes causes',2700200,116),(143,'Capital Double effet','100 % du capital Décès - IAD toutes causes',2700300,117),(144,'Allocation obsèques','100 % du PMSS',2700400,118),(145,'Capital Prédécès','100 % du PMSS',2700500,119),(146,'(en % du salaire de référence)','',2700600,120),(147,'Linéaire','',2700605,120),(148,'• Jusqu\'à 27 ans inclus (si poursuite d\'études ou apprentissage), à vie pour les enfants en situation de handicap','2 %',2700607,120),(149,'Présence de minima conventionnel exprimé en PASS, SMIC ou Euros',' NON ',2700608,120),(150,'Allocation  complémentaire orphelin',' 10 % de la rente éducation',2700700,121),(151,'Rente de conjoint viagère linéaire',' 1 %',2700801,122),(152,'Rente de conjoint temporaire linéaire',' 1 %',2700901,123),(153,'Allocation orphelin (en % du salaire de référence)',' 80 %',2701000,124),(154,'Capital substitutif à la rente de conjoint',' 10 %',2701100,125),(155,'Exonération des cotisations','En inclusion',2701200,126),(156,'Des garanties et services d’assistance','En inclusion',2701300,127),(157,'(en % du salaire de référence)','',40,133),(158,'• Célibataire, veuf, divorcé','100 %',41,133),(159,'• Marié, concubin, pacsé','100 %',42,133),(160,'• Majoration pour enfant(s) ou personne(s) à charge','1 %',43,133),(161,'Option : niveau de garantie identique pour les Célibataires, veufs, divorcés avec enfant(s) ou personne(s) à charge et les Mariés, pacsés ou concubins avec enfant(s) ou personne(s) à charge','Non',44,133),(162,'Présence de minima conventionnel exprimé en PASS, SMIC ou Euros',' NON ',142,133),(163,'(en % du salaire de référence)','',49,134),(164,'Progressive','',50,134),(165,'• Jusqu\'à 16 ans inclus','20 %',51,134),(166,'• De  17 ans à 25 ans inclus','25 %',52,134),(167,'• De  26 ans à 27 ans inclus (à vie pour les enfants en situation de handicap).','25 %',53,134),(168,'De 18 à 27 ans, le versement est conditionné à la poursuite d\'études.','',101,134),(169,'Présence de minima conventionnel exprimé en PASS, SMIC ou Euros',' NON ',144,134),(170,'Allocation  complémentaire orphelin',' 100 % de la rente éducation',134,135),(171,'(en % du salaire de référence)','',57,136),(172,'Montant','75 %',58,136),(173,'Franchise continue','45 jours',59,136),(174,'Options Rachat de franchise en cas d’accident ou d’hospitalisation','Non',60,136),(175,'(en % du salaire de référence)','',65,137),(176,'• 1ère catégorie','42 %',66,137),(177,'• 2ème et 3ème catégorie','70 %',67,137),(178,'(en % du salaire de référence)','',68,138),(179,'Incapacité supérieure ou égale à 66 %','70 %',69,138),(180,'Incapacité entre 33 % et 66 %',' Rente calculée en fonction du taux d\'IPP ',70,138),(181,'Exonération des cotisations','En inclusion',71,139),(182,'Des garanties et services d’assistance','En inclusion',72,140),(183,'(en % du salaire de référence)','',40,141),(184,'• Célibataire, veuf, divorcé','100 %',41,141),(185,'• Marié, concubin, pacsé','100 %',42,141),(186,'• Majoration pour enfant(s) ou personne(s) à charge','1 %',43,141),(187,'Option : niveau de garantie identique pour les Célibataires, veufs, divorcés avec enfant(s) ou personne(s) à charge et les Mariés, pacsés ou concubins avec enfant(s) ou personne(s) à charge','Non',44,141),(188,'Présence de minima conventionnel exprimé en PASS, SMIC ou Euros',' NON ',142,141),(189,'(en % du salaire de référence)','',49,142),(190,'Progressive','',50,142),(191,'• Jusqu\'à 16 ans inclus','20 %',51,142),(192,'• De  17 ans à 25 ans inclus','25 %',52,142),(193,'• De  26 ans à 27 ans inclus (à vie pour les enfants en situation de handicap).','25 %',53,142),(194,'De 18 à 27 ans, le versement est conditionné à la poursuite d\'études.','',101,142),(195,'Présence de minima conventionnel exprimé en PASS, SMIC ou Euros',' NON ',144,142),(196,'Allocation  complémentaire orphelin',' 100 % de la rente éducation',134,143),(197,'(en % du salaire de référence)','',61,144),(198,'Montant ','75 %',62,144),(199,'Franchise continue','45 jours',63,144),(200,'Options Rachat de franchise en cas d’accident ou d’hospitalisation','Non',64,144),(201,'(en % du salaire de référence)','',124,145),(202,'• 1ère catégorie','42 %',117,145),(203,'• 2ème et 3ème catégorie','70 %',118,145),(204,'(en % du salaire de référence)','',126,146),(205,'Incapacité supérieure ou égale à 66 %','70 %',120,146),(206,'Incapacité entre 33 % et 66 %',' Rente calculée en fonction du taux d\'IPP ',122,146),(207,'Exonération des cotisations','En inclusion',71,147),(208,'Des garanties et services d’assistance','En inclusion',72,148),(209,'(en % du salaire de référence)','',40,153),(210,'• Célibataire, veuf, divorcé','75 %',41,153),(211,'• Marié, concubin, pacsé','75 %',42,153),(212,'• Majoration pour enfant(s) ou personne(s) à charge','0 %',43,153),(213,'Option : niveau de garantie identique pour les Célibataires, veufs, divorcés avec enfant(s) ou personne(s) à charge et les Mariés, pacsés ou concubins avec enfant(s) ou personne(s) à charge','Non',44,153),(214,'Présence de minima conventionnel exprimé en PASS, SMIC ou Euros',' NON ',142,153),(215,'(en % du salaire de référence)','',49,154),(216,'Progressive','',50,154),(217,'• Jusqu\'à 7 ans inclus','2 %',51,154),(218,'• De  8 ans à 17 ans inclus','2 %',52,154),(219,'• De  18 ans à 27 ans inclus (à vie pour les enfants en situation de handicap).','2 %',53,154),(220,'De 18 à 27 ans, le versement est conditionné à la poursuite d\'études.','',101,154),(221,'Présence de minima conventionnel exprimé en PASS, SMIC ou Euros',' NON ',144,154),(222,'Rente de conjoint temporaire linéaire',' 1 %',138,155),(223,'(en % du salaire de référence)','',61,156),(224,'Montant ','70 %',62,156),(225,'Franchise continue','180 jours',63,156),(226,'Options Rachat de franchise en cas d’accident ou d’hospitalisation','Non',64,156),(227,'(en % du salaire de référence)','',124,157),(228,'• 1ère catégorie','42 %',117,157),(229,'• 2ème et 3ème catégorie','70 %',118,157),(230,'(en % du salaire de référence)','',126,158),(231,'Incapacité supérieure ou égale à 66 %','70 %',120,158),(232,'Incapacité entre 33 % et 66 %',' Rente calculée en fonction du taux d\'IPP ',122,158),(233,'Exonération des cotisations','En inclusion',71,159),(234,'Des garanties et services d’assistance','En inclusion',72,160),(235,'(en % du salaire de référence)','',2700100,181),(236,'• Célibataire, veuf, divorcé','75 %',2700101,181),(237,'• Marié, concubin, pacsé','75 %',2700102,181),(238,'• Majoration pour enfant(s) ou personne(s) à charge','0 %',2700103,181),(239,'Option : niveau de garantie identique pour les Célibataires, veufs, divorcés avec enfant(s) ou personne(s) à charge et les Mariés, pacsés ou concubins avec enfant(s) ou personne(s) à charge','Non',2700104,181),(240,'Présence de minima conventionnel exprimé en PASS, SMIC ou Euros',' NON ',2700105,181),(241,'Rente de conjoint temporaire linéaire',' 1 %',2700901,182),(242,'Exonération des cotisations','En inclusion',2701200,183),(243,'Des garanties et services d’assistance','En inclusion',2701300,184),(244,'(en % du salaire de référence)','',40,201),(245,'• Célibataire, veuf, divorcé','79 %',41,201),(246,'• Marié, concubin, pacsé','75 %',42,201),(247,'• Majoration pour enfant(s) ou personne(s) à charge','0 %',43,201),(248,'Option : niveau de garantie identique pour les Célibataires, veufs, divorcés avec enfant(s) ou personne(s) à charge et les Mariés, pacsés ou concubins avec enfant(s) ou personne(s) à charge','Non',44,201),(249,'Présence de minima conventionnel exprimé en PASS, SMIC ou Euros',' NON ',142,201),(250,'Capital Décès - IAD par accident','100 % du capital Décès - IAD toutes causes',45,202),(251,'Capital Double effet','100 % du capital Décès - IAD toutes causes',46,203),(252,'Allocation obsèques','100% du PMSS',47,204),(253,'Capital Prédécès','100 % du PMSS',48,205),(254,'(en % du salaire de référence)','',61,206),(255,'Montant ','70 %',62,206),(256,'Franchise continue','180 jours',63,206),(257,'Options Rachat de franchise en cas d’accident ou d’hospitalisation','Non',64,206),(258,'(en % du salaire de référence)','',124,207),(259,'• 1ère catégorie','42 %',117,207),(260,'• 2ème et 3ème catégorie','70 %',118,207),(261,'(en % du salaire de référence)','',126,208),(262,'Incapacité supérieure ou égale à 66 %','70 %',120,208),(263,'Incapacité entre 33 % et 66 %',' Rente calculée en fonction du taux d\'IPP ',122,208),(264,'Exonération des cotisations','En inclusion',71,209),(265,'Des garanties et services d’assistance','En inclusion',72,210);
/*!40000 ALTER TABLE `ValeurPrestation` ENABLE KEYS */;
UNLOCK TABLES;
/*!40103 SET TIME_ZONE=@OLD_TIME_ZONE */;

/*!40101 SET SQL_MODE=@OLD_SQL_MODE */;
/*!40014 SET FOREIGN_KEY_CHECKS=@OLD_FOREIGN_KEY_CHECKS */;
/*!40014 SET UNIQUE_CHECKS=@OLD_UNIQUE_CHECKS */;
/*!40101 SET CHARACTER_SET_CLIENT=@OLD_CHARACTER_SET_CLIENT */;
/*!40101 SET CHARACTER_SET_RESULTS=@OLD_CHARACTER_SET_RESULTS */;
/*!40101 SET COLLATION_CONNECTION=@OLD_COLLATION_CONNECTION */;
/*!40111 SET SQL_NOTES=@OLD_SQL_NOTES */;

-- Dump completed on 2019-07-15 16:13:17
